BEGIN TRANSACTION;
CREATE TABLE allergens (
  id TEXT PRIMARY KEY,
  name TEXT NOT NULL UNIQUE
);
INSERT INTO "allergens" VALUES('allergen_001','gluten');
INSERT INTO "allergens" VALUES('allergen_002','hải sản');
INSERT INTO "allergens" VALUES('allergen_003','cá');
INSERT INTO "allergens" VALUES('allergen_004','trứng');
INSERT INTO "allergens" VALUES('allergen_005','sữa');
INSERT INTO "allergens" VALUES('allergen_006','đậu nành');
INSERT INTO "allergens" VALUES('allergen_007','mè');
INSERT INTO "allergens" VALUES('allergen_008','đậu phộng');
CREATE TABLE chatbot_intents (
  id TEXT PRIMARY KEY,
  intent_name TEXT NOT NULL UNIQUE,
  sample_user_message TEXT NOT NULL,
  filter_json TEXT NOT NULL,
  ranking_json TEXT NOT NULL
);
INSERT INTO "chatbot_intents" VALUES('intent_budget_under_50k','budget_meal','Gợi ý món dưới 50k gần tôi','{"max_effective_price": 50000, "is_available": 1, "shop_status": "open"}','{"recommendation_score": "desc", "effective_price": "asc"}');
INSERT INTO "chatbot_intents" VALUES('intent_healthy','healthy_food','Tôi muốn ăn món healthy ít dầu mỡ','{"include_tags": ["healthy", "ít dầu mỡ"], "max_calories_estimate": 650}','{"item_rating": "desc", "calories_estimate": "asc"}');
INSERT INTO "chatbot_intents" VALUES('intent_spicy_dinner','spicy_food','Có món nào cay cay ăn tối không?','{"min_spicy_level": 3, "include_tags": ["ăn tối", "cay"]}','{"item_sold_count": "desc", "recommendation_score": "desc"}');
INSERT INTO "chatbot_intents" VALUES('intent_fast_delivery','fast_delivery','Món nào giao nhanh nhất?','{"max_avg_delivery_time_min": 20, "is_available": 1}','{"avg_delivery_time_min": "asc", "recommendation_score": "desc"}');
INSERT INTO "chatbot_intents" VALUES('intent_vegetarian','vegetarian','Tôi ăn chay, gợi ý vài món ngon','{"include_tags": ["chay"], "exclude_allergens": ["hải sản", "cá"]}','{"item_rating": "desc"}');
INSERT INTO "chatbot_intents" VALUES('intent_no_seafood','avoid_allergen','Tôi dị ứng hải sản, đừng gợi ý hải sản','{"exclude_allergens": ["hải sản"], "is_available": 1}','{"recommendation_score": "desc"}');
INSERT INTO "chatbot_intents" VALUES('intent_group_order','group_order','Tôi đặt món cho nhóm 3 người','{"include_tags": ["ăn nhóm", "combo"], "min_portion_people": 2}','{"effective_price": "asc", "item_sold_count": "desc"}');
INSERT INTO "chatbot_intents" VALUES('intent_breakfast','breakfast','Sáng nay ăn gì nhanh gọn?','{"include_tags": ["ăn sáng", "giao nhanh"], "max_avg_delivery_time_min": 25}','{"avg_delivery_time_min": "asc", "item_rating": "desc"}');
CREATE TABLE cuisines (
  id TEXT PRIMARY KEY,
  name TEXT NOT NULL UNIQUE,
  parent_name TEXT
);
INSERT INTO "cuisines" VALUES('cuisine_001','BBQ',NULL);
INSERT INTO "cuisines" VALUES('cuisine_002','Bento',NULL);
INSERT INTO "cuisines" VALUES('cuisine_003','Bibimbap',NULL);
INSERT INTO "cuisines" VALUES('cuisine_004','Brunch',NULL);
INSERT INTO "cuisines" VALUES('cuisine_005','Burger',NULL);
INSERT INTO "cuisines" VALUES('cuisine_006','Burrito',NULL);
INSERT INTO "cuisines" VALUES('cuisine_007','Bánh canh','Việt Nam');
INSERT INTO "cuisines" VALUES('cuisine_008','Bánh mì','Việt Nam');
INSERT INTO "cuisines" VALUES('cuisine_009','Bánh ngọt',NULL);
INSERT INTO "cuisines" VALUES('cuisine_010','Bánh xèo','Việt Nam');
INSERT INTO "cuisines" VALUES('cuisine_011','Bò né',NULL);
INSERT INTO "cuisines" VALUES('cuisine_012','Bún bò Huế','Việt Nam');
INSERT INTO "cuisines" VALUES('cuisine_013','Bún chả','Việt Nam');
INSERT INTO "cuisines" VALUES('cuisine_014','Bún cá','Việt Nam');
INSERT INTO "cuisines" VALUES('cuisine_015','Bún riêu','Việt Nam');
INSERT INTO "cuisines" VALUES('cuisine_016','Bún thịt nướng','Việt Nam');
INSERT INTO "cuisines" VALUES('cuisine_017','Bún đậu','Việt Nam');
INSERT INTO "cuisines" VALUES('cuisine_018','Cafe',NULL);
INSERT INTO "cuisines" VALUES('cuisine_019','Chay',NULL);
INSERT INTO "cuisines" VALUES('cuisine_020','Cháo','Việt Nam');
INSERT INTO "cuisines" VALUES('cuisine_021','Curry',NULL);
INSERT INTO "cuisines" VALUES('cuisine_022','Cuốn',NULL);
INSERT INTO "cuisines" VALUES('cuisine_023','Cơm gà',NULL);
INSERT INTO "cuisines" VALUES('cuisine_024','Cơm nhà','Việt Nam');
INSERT INTO "cuisines" VALUES('cuisine_025','Cơm niêu','Việt Nam');
INSERT INTO "cuisines" VALUES('cuisine_026','Cơm tấm','Việt Nam');
INSERT INTO "cuisines" VALUES('cuisine_027','Cơm văn phòng',NULL);
INSERT INTO "cuisines" VALUES('cuisine_028','Dimsum',NULL);
INSERT INTO "cuisines" VALUES('cuisine_029','Eat clean',NULL);
INSERT INTO "cuisines" VALUES('cuisine_030','Gà rán',NULL);
INSERT INTO "cuisines" VALUES('cuisine_031','Healthy',NULL);
INSERT INTO "cuisines" VALUES('cuisine_032','Hoa',NULL);
INSERT INTO "cuisines" VALUES('cuisine_033','Hàn Quốc',NULL);
INSERT INTO "cuisines" VALUES('cuisine_034','Hải sản',NULL);
INSERT INTO "cuisines" VALUES('cuisine_035','Hủ tiếu','Việt Nam');
INSERT INTO "cuisines" VALUES('cuisine_036','Indonesia',NULL);
INSERT INTO "cuisines" VALUES('cuisine_037','Kebab',NULL);
INSERT INTO "cuisines" VALUES('cuisine_038','Lẩu',NULL);
INSERT INTO "cuisines" VALUES('cuisine_039','Mexico',NULL);
INSERT INTO "cuisines" VALUES('cuisine_040','Mì Quảng','Việt Nam');
INSERT INTO "cuisines" VALUES('cuisine_041','Mì cay',NULL);
INSERT INTO "cuisines" VALUES('cuisine_042','Mì trộn',NULL);
INSERT INTO "cuisines" VALUES('cuisine_043','Món Thái',NULL);
INSERT INTO "cuisines" VALUES('cuisine_044','Mỹ',NULL);
INSERT INTO "cuisines" VALUES('cuisine_045','Nhật Bản',NULL);
INSERT INTO "cuisines" VALUES('cuisine_046','Nướng',NULL);
INSERT INTO "cuisines" VALUES('cuisine_047','Pháp',NULL);
INSERT INTO "cuisines" VALUES('cuisine_048','Phở','Việt Nam');
INSERT INTO "cuisines" VALUES('cuisine_049','Pizza',NULL);
INSERT INTO "cuisines" VALUES('cuisine_050','Ramen',NULL);
INSERT INTO "cuisines" VALUES('cuisine_051','Salad',NULL);
INSERT INTO "cuisines" VALUES('cuisine_052','Sandwich',NULL);
INSERT INTO "cuisines" VALUES('cuisine_053','Singapore',NULL);
INSERT INTO "cuisines" VALUES('cuisine_054','Sushi',NULL);
INSERT INTO "cuisines" VALUES('cuisine_055','Taco',NULL);
INSERT INTO "cuisines" VALUES('cuisine_056','Thái',NULL);
INSERT INTO "cuisines" VALUES('cuisine_057','Thái Lan',NULL);
INSERT INTO "cuisines" VALUES('cuisine_058','Trung Đông',NULL);
INSERT INTO "cuisines" VALUES('cuisine_059','Trà sữa',NULL);
INSERT INTO "cuisines" VALUES('cuisine_060','Việt Nam',NULL);
INSERT INTO "cuisines" VALUES('cuisine_061','Wrap',NULL);
INSERT INTO "cuisines" VALUES('cuisine_062','Xôi',NULL);
INSERT INTO "cuisines" VALUES('cuisine_063','Âu',NULL);
INSERT INTO "cuisines" VALUES('cuisine_064','Ý',NULL);
INSERT INTO "cuisines" VALUES('cuisine_065','Đồ uống',NULL);
INSERT INTO "cuisines" VALUES('cuisine_066','Ấn Độ',NULL);
INSERT INTO "cuisines" VALUES('cuisine_067','Ốc',NULL);
CREATE TABLE customers (
  id TEXT PRIMARY KEY,
  display_name TEXT NOT NULL,
  phone TEXT,
  default_lat REAL,
  default_lng REAL,
  dietary_preference TEXT,
  allergen_note TEXT,
  created_at TEXT NOT NULL
);
INSERT INTO "customers" VALUES('cus_0001','Đặng Vy','0914289609',10.783243,106.709768,'vegetarian',NULL,'2024-05-04T12:00:00+07:00');
INSERT INTO "customers" VALUES('cus_0002','Huỳnh Vy','0994409394',10.773083,106.68965,NULL,NULL,'2024-09-05T12:00:00+07:00');
INSERT INTO "customers" VALUES('cus_0003','Bùi Vy','0958166007',10.771456,106.69297,NULL,'gluten','2025-09-19T12:00:00+07:00');
INSERT INTO "customers" VALUES('cus_0004','Bùi Nhi','0991552931',10.777518,106.695886,'low_spicy','hải sản','2024-10-21T12:00:00+07:00');
INSERT INTO "customers" VALUES('cus_0005','Huỳnh Khánh','0932391159',10.771615,106.689026,NULL,'sữa','2025-03-12T12:00:00+07:00');
INSERT INTO "customers" VALUES('cus_0006','Bùi Khánh','0935755400',10.784739,106.699737,'healthy',NULL,'2024-07-05T12:00:00+07:00');
INSERT INTO "customers" VALUES('cus_0007','Đặng Khánh','0942658783',10.782623,106.712008,NULL,NULL,'2024-02-04T12:00:00+07:00');
INSERT INTO "customers" VALUES('cus_0008','Trần Duy','0992269660',10.767424,106.703357,NULL,NULL,'2025-07-23T12:00:00+07:00');
INSERT INTO "customers" VALUES('cus_0009','Nguyễn Ngọc','0999216926',10.771473,106.711723,'healthy','sữa','2024-04-05T12:00:00+07:00');
INSERT INTO "customers" VALUES('cus_0010','Trần Mai','0941337602',10.764243,106.689571,'vegetarian',NULL,'2025-05-25T12:00:00+07:00');
INSERT INTO "customers" VALUES('cus_0011','Bùi My','0962879431',10.770166,106.709114,'vegetarian','trứng','2025-12-28T12:00:00+07:00');
INSERT INTO "customers" VALUES('cus_0012','Bùi Khoa','0980083877',10.77491,106.692054,'low_spicy',NULL,'2025-07-21T12:00:00+07:00');
INSERT INTO "customers" VALUES('cus_0013','Đỗ Nhi','0964995907',10.769686,106.70976,NULL,NULL,'2026-05-13T12:00:00+07:00');
INSERT INTO "customers" VALUES('cus_0014','Nguyễn Phúc','0963192684',10.781124,106.705425,NULL,NULL,'2024-05-02T12:00:00+07:00');
INSERT INTO "customers" VALUES('cus_0015','Nguyễn Duy','0970133961',10.769157,106.694843,NULL,'gluten','2024-08-02T12:00:00+07:00');
INSERT INTO "customers" VALUES('cus_0016','Hoàng Phúc','0984458748',10.76656,106.698417,'high_protein','hải sản','2025-02-08T12:00:00+07:00');
INSERT INTO "customers" VALUES('cus_0017','Phạm Minh','0962602635',10.774274,106.707371,NULL,'hải sản','2025-01-13T12:00:00+07:00');
INSERT INTO "customers" VALUES('cus_0018','Phạm Bảo','0963915702',10.76401,106.702237,'low_spicy','hải sản','2025-04-04T12:00:00+07:00');
INSERT INTO "customers" VALUES('cus_0019','Huỳnh Khoa','0948857117',10.764814,106.707802,'healthy',NULL,'2024-05-22T12:00:00+07:00');
INSERT INTO "customers" VALUES('cus_0020','Võ Nhi','0997818299',10.787561,106.69336,'high_protein','gluten','2025-09-07T12:00:00+07:00');
INSERT INTO "customers" VALUES('cus_0021','Hoàng Huy','0954926112',10.777901,106.706941,'healthy','sữa','2025-08-17T12:00:00+07:00');
INSERT INTO "customers" VALUES('cus_0022','Võ Bảo','0943411474',10.783048,106.700569,'vegetarian',NULL,'2025-10-21T12:00:00+07:00');
INSERT INTO "customers" VALUES('cus_0023','Võ Minh','0956726647',10.772064,106.692571,NULL,NULL,'2024-06-14T12:00:00+07:00');
INSERT INTO "customers" VALUES('cus_0024','Lê Nhi','0944982943',10.775411,106.70929,NULL,NULL,'2024-05-28T12:00:00+07:00');
INSERT INTO "customers" VALUES('cus_0025','Trần Hà','0989118050',10.764493,106.698192,NULL,NULL,'2025-12-08T12:00:00+07:00');
INSERT INTO "customers" VALUES('cus_0026','Đặng My','0970289824',10.781519,106.689187,'vegetarian',NULL,'2025-03-07T12:00:00+07:00');
INSERT INTO "customers" VALUES('cus_0027','Đặng Nam','0957561124',10.769613,106.694515,NULL,NULL,'2026-01-15T12:00:00+07:00');
INSERT INTO "customers" VALUES('cus_0028','Bùi Khánh','0959081952',10.776961,106.700257,'healthy','sữa','2025-05-25T12:00:00+07:00');
INSERT INTO "customers" VALUES('cus_0029','Lê Nhi','0930237100',10.773282,106.696577,'low_spicy',NULL,'2024-03-17T12:00:00+07:00');
INSERT INTO "customers" VALUES('cus_0030','Đỗ Mai','0927798152',10.784247,106.696434,'high_protein','trứng','2025-09-30T12:00:00+07:00');
INSERT INTO "customers" VALUES('cus_0031','Bùi Thảo','0958913417',10.7843,106.692562,NULL,'hải sản','2025-09-09T12:00:00+07:00');
INSERT INTO "customers" VALUES('cus_0032','Trần Huy','0985462873',10.764139,106.694956,NULL,'gluten','2026-01-14T12:00:00+07:00');
INSERT INTO "customers" VALUES('cus_0033','Trần Vy','0936688909',10.773895,106.712288,'vegetarian','hải sản','2025-04-26T12:00:00+07:00');
INSERT INTO "customers" VALUES('cus_0034','Phạm Ngọc','0938218490',10.775022,106.699309,'low_spicy','hải sản','2024-05-26T12:00:00+07:00');
INSERT INTO "customers" VALUES('cus_0035','Võ Nam','0949498607',10.781746,106.690777,NULL,NULL,'2025-05-12T12:00:00+07:00');
INSERT INTO "customers" VALUES('cus_0036','Huỳnh Thảo','0928525250',10.774009,106.703628,'vegetarian','gluten','2024-11-05T12:00:00+07:00');
INSERT INTO "customers" VALUES('cus_0037','Đỗ Huy','0910886338',10.783574,106.696055,NULL,NULL,'2025-08-31T12:00:00+07:00');
INSERT INTO "customers" VALUES('cus_0038','Đặng Huy','0989377851',10.775191,106.712034,'low_spicy',NULL,'2025-01-06T12:00:00+07:00');
INSERT INTO "customers" VALUES('cus_0039','Huỳnh Phúc','0962520088',10.765594,106.69906,NULL,'sữa','2024-12-17T12:00:00+07:00');
INSERT INTO "customers" VALUES('cus_0040','Huỳnh Khoa','0999029790',10.776507,106.704851,'high_protein','gluten','2024-06-14T12:00:00+07:00');
INSERT INTO "customers" VALUES('cus_0041','Hoàng Phúc','0956937035',10.776541,106.699323,NULL,'gluten','2024-06-02T12:00:00+07:00');
INSERT INTO "customers" VALUES('cus_0042','Đỗ Minh','0953950272',10.787107,106.703473,'vegetarian','sữa','2026-02-08T12:00:00+07:00');
INSERT INTO "customers" VALUES('cus_0043','Phạm Vy','0949813474',10.782218,106.703959,'low_spicy','hải sản','2025-09-11T12:00:00+07:00');
INSERT INTO "customers" VALUES('cus_0044','Đặng Huy','0974564270',10.768754,106.691782,'low_spicy',NULL,'2025-04-17T12:00:00+07:00');
INSERT INTO "customers" VALUES('cus_0045','Huỳnh Hà','0983541022',10.784016,106.699145,'low_spicy','sữa','2024-01-19T12:00:00+07:00');
INSERT INTO "customers" VALUES('cus_0046','Lê Phúc','0931830695',10.786107,106.702072,'high_protein','sữa','2024-06-02T12:00:00+07:00');
INSERT INTO "customers" VALUES('cus_0047','Phạm Nam','0920280116',10.786816,106.709325,'healthy','trứng','2025-12-23T12:00:00+07:00');
INSERT INTO "customers" VALUES('cus_0048','Phạm Trang','0919643046',10.78609,106.708333,'low_spicy','hải sản','2023-12-21T12:00:00+07:00');
INSERT INTO "customers" VALUES('cus_0049','Hoàng Vy','0944187667',10.771737,106.706085,'high_protein',NULL,'2026-05-10T12:00:00+07:00');
INSERT INTO "customers" VALUES('cus_0050','Đặng Phúc','0924502828',10.769729,106.688982,NULL,'gluten','2025-03-04T12:00:00+07:00');
INSERT INTO "customers" VALUES('cus_0051','Trần An','0966752672',10.783119,106.70061,NULL,NULL,'2024-03-08T12:00:00+07:00');
INSERT INTO "customers" VALUES('cus_0052','Đặng Huy','0964077223',10.76993,106.692096,'vegetarian','gluten','2024-02-04T12:00:00+07:00');
INSERT INTO "customers" VALUES('cus_0053','Đỗ Linh','0994407918',10.781205,106.704619,'vegetarian','trứng','2025-01-17T12:00:00+07:00');
INSERT INTO "customers" VALUES('cus_0054','Đặng Vy','0944040209',10.776999,106.700003,'healthy',NULL,'2024-10-15T12:00:00+07:00');
INSERT INTO "customers" VALUES('cus_0055','Trần An','0911313234',10.774149,106.707325,NULL,'hải sản','2025-08-03T12:00:00+07:00');
INSERT INTO "customers" VALUES('cus_0056','Bùi Vy','0960696287',10.786911,106.702399,'vegetarian','hải sản','2025-03-31T12:00:00+07:00');
INSERT INTO "customers" VALUES('cus_0057','Hoàng Mai','0913306100',10.766587,106.691928,NULL,'trứng','2024-03-16T12:00:00+07:00');
INSERT INTO "customers" VALUES('cus_0058','Phạm Khánh','0922400566',10.774132,106.712162,NULL,'sữa','2025-02-16T12:00:00+07:00');
INSERT INTO "customers" VALUES('cus_0059','Trần An','0917296893',10.769091,106.708143,'low_spicy',NULL,'2025-06-08T12:00:00+07:00');
INSERT INTO "customers" VALUES('cus_0060','Nguyễn Vy','0982455024',10.770223,106.695288,'low_spicy','gluten','2024-01-09T12:00:00+07:00');
INSERT INTO "customers" VALUES('cus_0061','Đỗ Khoa','0997409627',10.767841,106.688594,NULL,'hải sản','2024-01-15T12:00:00+07:00');
INSERT INTO "customers" VALUES('cus_0062','Nguyễn Bảo','0942585771',10.786806,106.703257,'vegetarian','trứng','2024-09-02T12:00:00+07:00');
INSERT INTO "customers" VALUES('cus_0063','Huỳnh Vy','0917557527',10.764684,106.701712,NULL,NULL,'2025-06-15T12:00:00+07:00');
INSERT INTO "customers" VALUES('cus_0064','Trần My','0949268256',10.786916,106.705148,NULL,NULL,'2025-06-01T12:00:00+07:00');
INSERT INTO "customers" VALUES('cus_0065','Phạm Trang','0982791655',10.772859,106.696714,'vegetarian','trứng','2024-12-15T12:00:00+07:00');
INSERT INTO "customers" VALUES('cus_0066','Nguyễn Ngọc','0918692881',10.774033,106.705031,'vegetarian',NULL,'2026-04-13T12:00:00+07:00');
INSERT INTO "customers" VALUES('cus_0067','Đặng Linh','0977418832',10.779416,106.709625,'high_protein','hải sản','2025-03-02T12:00:00+07:00');
INSERT INTO "customers" VALUES('cus_0068','Nguyễn Khánh','0969342993',10.765215,106.691068,'low_spicy',NULL,'2024-03-10T12:00:00+07:00');
INSERT INTO "customers" VALUES('cus_0069','Đỗ Hà','0920772623',10.781818,106.697076,'high_protein','hải sản','2024-04-06T12:00:00+07:00');
INSERT INTO "customers" VALUES('cus_0070','Đỗ My','0953557098',10.783655,106.697054,'healthy','gluten','2025-06-12T12:00:00+07:00');
INSERT INTO "customers" VALUES('cus_0071','Đặng Bảo','0919627500',10.769473,106.690206,NULL,'hải sản','2026-02-11T12:00:00+07:00');
INSERT INTO "customers" VALUES('cus_0072','Nguyễn Thảo','0943365287',10.779841,106.689581,'high_protein','hải sản','2024-07-09T12:00:00+07:00');
INSERT INTO "customers" VALUES('cus_0073','Bùi Phúc','0982554634',10.770223,106.711965,'high_protein','trứng','2024-11-06T12:00:00+07:00');
INSERT INTO "customers" VALUES('cus_0074','Trần Hà','0918475191',10.782525,106.705532,'low_spicy','hải sản','2024-04-18T12:00:00+07:00');
INSERT INTO "customers" VALUES('cus_0075','Huỳnh Tú','0929949539',10.769447,106.691891,'vegetarian',NULL,'2024-06-14T12:00:00+07:00');
INSERT INTO "customers" VALUES('cus_0076','Lê Huy','0922762030',10.76577,106.69247,'healthy','gluten','2024-09-12T12:00:00+07:00');
INSERT INTO "customers" VALUES('cus_0077','Lê My','0929353908',10.764501,106.692305,NULL,'sữa','2025-05-03T12:00:00+07:00');
INSERT INTO "customers" VALUES('cus_0078','Đặng Khoa','0984862685',10.769971,106.695741,NULL,'gluten','2025-06-28T12:00:00+07:00');
INSERT INTO "customers" VALUES('cus_0079','Nguyễn Bảo','0985742472',10.777224,106.68956,NULL,NULL,'2026-03-15T12:00:00+07:00');
INSERT INTO "customers" VALUES('cus_0080','Đặng Bảo','0976303779',10.782251,106.688927,'high_protein','sữa','2024-04-30T12:00:00+07:00');
INSERT INTO "customers" VALUES('cus_0081','Đặng Phúc','0926878621',10.781338,106.690551,'high_protein','hải sản','2024-05-15T12:00:00+07:00');
INSERT INTO "customers" VALUES('cus_0082','Đỗ Vy','0930808011',10.782459,106.702957,'vegetarian','gluten','2026-01-14T12:00:00+07:00');
INSERT INTO "customers" VALUES('cus_0083','Đặng My','0965740719',10.770176,106.689838,'high_protein',NULL,'2024-11-09T12:00:00+07:00');
INSERT INTO "customers" VALUES('cus_0084','Đặng Trang','0933046595',10.777711,106.70341,'high_protein','gluten','2024-04-14T12:00:00+07:00');
INSERT INTO "customers" VALUES('cus_0085','Đỗ Ngọc','0982291670',10.782292,106.69279,NULL,'hải sản','2025-05-09T12:00:00+07:00');
INSERT INTO "customers" VALUES('cus_0086','Trần Ngọc','0971953856',10.768223,106.708122,NULL,NULL,'2024-11-13T12:00:00+07:00');
INSERT INTO "customers" VALUES('cus_0087','Huỳnh Thảo','0992367298',10.7781,106.691242,NULL,'gluten','2025-10-28T12:00:00+07:00');
INSERT INTO "customers" VALUES('cus_0088','Hoàng Duy','0979242984',10.7722,106.694971,'vegetarian',NULL,'2025-01-08T12:00:00+07:00');
INSERT INTO "customers" VALUES('cus_0089','Đỗ My','0944636701',10.781362,106.692662,'high_protein',NULL,'2026-05-06T12:00:00+07:00');
INSERT INTO "customers" VALUES('cus_0090','Đỗ Hà','0964511912',10.772756,106.706943,'low_spicy',NULL,'2025-07-05T12:00:00+07:00');
INSERT INTO "customers" VALUES('cus_0091','Lê Trang','0995261484',10.773922,106.712347,'high_protein','hải sản','2024-06-04T12:00:00+07:00');
INSERT INTO "customers" VALUES('cus_0092','Nguyễn Nhi','0950386071',10.764624,106.703361,'healthy','trứng','2026-04-10T12:00:00+07:00');
INSERT INTO "customers" VALUES('cus_0093','Phạm Nhi','0969312166',10.772782,106.698133,NULL,NULL,'2024-12-03T12:00:00+07:00');
INSERT INTO "customers" VALUES('cus_0094','Trần Vy','0957925795',10.786729,106.696546,'vegetarian',NULL,'2025-06-03T12:00:00+07:00');
INSERT INTO "customers" VALUES('cus_0095','Lê My','0957344171',10.778875,106.705184,NULL,'gluten','2024-10-11T12:00:00+07:00');
INSERT INTO "customers" VALUES('cus_0096','Đặng Trang','0946433651',10.764594,106.712165,NULL,'gluten','2023-12-20T12:00:00+07:00');
INSERT INTO "customers" VALUES('cus_0097','Hoàng Nhi','0959176731',10.765463,106.692043,'vegetarian','trứng','2025-07-25T12:00:00+07:00');
INSERT INTO "customers" VALUES('cus_0098','Phạm Khoa','0982564989',10.765056,106.70984,NULL,NULL,'2024-11-29T12:00:00+07:00');
INSERT INTO "customers" VALUES('cus_0099','Trần An','0948834296',10.768985,106.70588,'healthy','sữa','2025-08-14T12:00:00+07:00');
INSERT INTO "customers" VALUES('cus_0100','Nguyễn An','0936459408',10.782284,106.704507,'vegetarian','trứng','2024-09-06T12:00:00+07:00');
INSERT INTO "customers" VALUES('cus_0101','Phạm Mai','0921570029',10.777945,106.695762,'high_protein',NULL,'2026-03-30T12:00:00+07:00');
INSERT INTO "customers" VALUES('cus_0102','Trần An','0991562756',10.764935,106.705217,'high_protein',NULL,'2024-01-31T12:00:00+07:00');
INSERT INTO "customers" VALUES('cus_0103','Đỗ Minh','0910363334',10.77071,106.711003,'low_spicy',NULL,'2025-02-05T12:00:00+07:00');
INSERT INTO "customers" VALUES('cus_0104','Đặng Minh','0954812898',10.786772,106.70576,NULL,NULL,'2024-05-26T12:00:00+07:00');
INSERT INTO "customers" VALUES('cus_0105','Huỳnh Nam','0929136134',10.779404,106.705356,'healthy','hải sản','2024-10-01T12:00:00+07:00');
INSERT INTO "customers" VALUES('cus_0106','Hoàng Ngọc','0951751613',10.786442,106.692805,'vegetarian',NULL,'2024-06-30T12:00:00+07:00');
INSERT INTO "customers" VALUES('cus_0107','Đặng Khoa','0934670378',10.763773,106.701437,'high_protein','hải sản','2025-06-07T12:00:00+07:00');
INSERT INTO "customers" VALUES('cus_0108','Đặng Linh','0951990969',10.783487,106.695151,'low_spicy',NULL,'2025-04-20T12:00:00+07:00');
INSERT INTO "customers" VALUES('cus_0109','Đỗ Tú','0950576988',10.779822,106.706167,NULL,'trứng','2024-12-12T12:00:00+07:00');
INSERT INTO "customers" VALUES('cus_0110','Đặng Linh','0917596305',10.76607,106.702599,'high_protein','gluten','2024-07-20T12:00:00+07:00');
INSERT INTO "customers" VALUES('cus_0111','Hoàng Hà','0925995777',10.763808,106.709071,NULL,NULL,'2024-07-29T12:00:00+07:00');
INSERT INTO "customers" VALUES('cus_0112','Võ Khánh','0955825168',10.782725,106.69635,NULL,NULL,'2024-05-08T12:00:00+07:00');
INSERT INTO "customers" VALUES('cus_0113','Võ Duy','0964995772',10.782379,106.707325,'healthy','hải sản','2025-12-10T12:00:00+07:00');
INSERT INTO "customers" VALUES('cus_0114','Võ Ngọc','0976098722',10.785118,106.702678,NULL,'sữa','2025-12-16T12:00:00+07:00');
INSERT INTO "customers" VALUES('cus_0115','Hoàng Vy','0958268885',10.77404,106.698752,'healthy','gluten','2025-09-02T12:00:00+07:00');
INSERT INTO "customers" VALUES('cus_0116','Huỳnh Hà','0956441243',10.776451,106.696231,'high_protein','trứng','2026-03-05T12:00:00+07:00');
INSERT INTO "customers" VALUES('cus_0117','Trần Huy','0911311763',10.772588,106.701509,NULL,'trứng','2024-12-05T12:00:00+07:00');
INSERT INTO "customers" VALUES('cus_0118','Bùi Quân','0956567148',10.776023,106.690208,NULL,'gluten','2025-02-15T12:00:00+07:00');
INSERT INTO "customers" VALUES('cus_0119','Phạm Minh','0967512119',10.782952,106.708944,'vegetarian','gluten','2024-10-25T12:00:00+07:00');
INSERT INTO "customers" VALUES('cus_0120','Võ Khoa','0946320147',10.778682,106.702811,'healthy','gluten','2024-04-07T12:00:00+07:00');
CREATE TABLE delivery_fee_rules (
  id TEXT PRIMARY KEY,
  shop_id TEXT NOT NULL,
  base_fee INTEGER NOT NULL,
  fee_per_km INTEGER NOT NULL,
  free_delivery_min_order INTEGER,
  max_distance_km REAL NOT NULL DEFAULT 6,
  estimated_distance_km REAL NOT NULL,
  estimated_fee INTEGER NOT NULL,
  FOREIGN KEY (shop_id) REFERENCES shops(id) ON DELETE CASCADE
);
INSERT INTO "delivery_fee_rules" VALUES('deliv_001','shop_001',7000,2500,150000,5.7,0.9,9000);
INSERT INTO "delivery_fee_rules" VALUES('deliv_002','shop_002',8000,2500,100000,6.0,3.6,17000);
INSERT INTO "delivery_fee_rules" VALUES('deliv_003','shop_003',8000,2500,150000,5.4,1.5,12000);
INSERT INTO "delivery_fee_rules" VALUES('deliv_004','shop_004',8000,2500,120000,5.1,4.2,18000);
INSERT INTO "delivery_fee_rules" VALUES('deliv_005','shop_005',12000,4000,NULL,5.9,2.8,23000);
INSERT INTO "delivery_fee_rules" VALUES('deliv_006','shop_006',12000,3500,150000,4.7,1.0,16000);
INSERT INTO "delivery_fee_rules" VALUES('deliv_007','shop_007',7000,3500,150000,6.1,3.9,21000);
INSERT INTO "delivery_fee_rules" VALUES('deliv_008','shop_008',8000,3500,100000,6.0,3.6,21000);
INSERT INTO "delivery_fee_rules" VALUES('deliv_009','shop_009',8000,3500,120000,6.2,2.3,16000);
INSERT INTO "delivery_fee_rules" VALUES('deliv_010','shop_010',10000,2500,NULL,5.4,2.1,15000);
INSERT INTO "delivery_fee_rules" VALUES('deliv_011','shop_011',7000,3500,120000,5.3,2.9,17000);
INSERT INTO "delivery_fee_rules" VALUES('deliv_012','shop_012',10000,3000,150000,6.7,2.0,16000);
INSERT INTO "delivery_fee_rules" VALUES('deliv_013','shop_013',7000,2500,150000,5.9,0.6,8000);
INSERT INTO "delivery_fee_rules" VALUES('deliv_014','shop_014',7000,2500,120000,4.5,3.0,14000);
INSERT INTO "delivery_fee_rules" VALUES('deliv_015','shop_015',12000,2500,NULL,5.8,1.2,15000);
INSERT INTO "delivery_fee_rules" VALUES('deliv_016','shop_016',7000,3000,120000,6.5,1.4,11000);
INSERT INTO "delivery_fee_rules" VALUES('deliv_017','shop_017',12000,2500,120000,6.0,2.9,19000);
INSERT INTO "delivery_fee_rules" VALUES('deliv_018','shop_018',8000,2500,100000,5.9,1.9,13000);
INSERT INTO "delivery_fee_rules" VALUES('deliv_019','shop_019',7000,3500,100000,5.2,2.5,16000);
INSERT INTO "delivery_fee_rules" VALUES('deliv_020','shop_020',8000,3000,120000,5.3,1.8,13000);
INSERT INTO "delivery_fee_rules" VALUES('deliv_021','shop_021',7000,3000,150000,5.8,4.7,21000);
INSERT INTO "delivery_fee_rules" VALUES('deliv_022','shop_022',7000,4000,100000,4.5,2.1,15000);
INSERT INTO "delivery_fee_rules" VALUES('deliv_023','shop_023',7000,3500,150000,6.2,4.2,22000);
INSERT INTO "delivery_fee_rules" VALUES('deliv_024','shop_024',8000,4000,150000,5.3,3.5,22000);
INSERT INTO "delivery_fee_rules" VALUES('deliv_025','shop_025',8000,3000,100000,6.1,3.6,19000);
INSERT INTO "delivery_fee_rules" VALUES('deliv_026','shop_026',10000,4000,120000,4.9,2.7,21000);
INSERT INTO "delivery_fee_rules" VALUES('deliv_027','shop_027',10000,4000,150000,5.4,3.2,23000);
INSERT INTO "delivery_fee_rules" VALUES('deliv_028','shop_028',7000,3000,100000,4.5,4.2,20000);
INSERT INTO "delivery_fee_rules" VALUES('deliv_029','shop_029',10000,3000,100000,5.6,1.5,14000);
INSERT INTO "delivery_fee_rules" VALUES('deliv_030','shop_030',7000,3000,120000,5.9,2.6,15000);
INSERT INTO "delivery_fee_rules" VALUES('deliv_031','shop_031',10000,2500,120000,6.1,2.8,17000);
INSERT INTO "delivery_fee_rules" VALUES('deliv_032','shop_032',8000,3500,120000,5.1,3.8,21000);
INSERT INTO "delivery_fee_rules" VALUES('deliv_033','shop_033',12000,3000,NULL,4.7,1.0,15000);
INSERT INTO "delivery_fee_rules" VALUES('deliv_034','shop_034',10000,3500,120000,6.1,4.3,25000);
INSERT INTO "delivery_fee_rules" VALUES('deliv_035','shop_035',10000,3500,150000,6.3,3.1,21000);
INSERT INTO "delivery_fee_rules" VALUES('deliv_036','shop_036',12000,2500,100000,5.7,2.8,19000);
INSERT INTO "delivery_fee_rules" VALUES('deliv_037','shop_037',7000,3500,NULL,5.5,2.8,17000);
INSERT INTO "delivery_fee_rules" VALUES('deliv_038','shop_038',7000,4000,120000,5.9,4.0,23000);
INSERT INTO "delivery_fee_rules" VALUES('deliv_039','shop_039',12000,4000,100000,6.0,4.3,29000);
INSERT INTO "delivery_fee_rules" VALUES('deliv_040','shop_040',10000,2500,120000,6.6,2.9,17000);
INSERT INTO "delivery_fee_rules" VALUES('deliv_041','shop_041',7000,3500,NULL,6.2,0.8,10000);
INSERT INTO "delivery_fee_rules" VALUES('deliv_042','shop_042',12000,2500,120000,6.3,3.0,20000);
INSERT INTO "delivery_fee_rules" VALUES('deliv_043','shop_043',7000,3500,NULL,4.7,0.7,9000);
INSERT INTO "delivery_fee_rules" VALUES('deliv_044','shop_044',8000,3000,NULL,6.4,3.7,19000);
CREATE TABLE ingredients (
  id TEXT PRIMARY KEY,
  name TEXT NOT NULL UNIQUE,
  ingredient_type TEXT
);
INSERT INTO "ingredients" VALUES('ing_0001','cơm','base');
INSERT INTO "ingredients" VALUES('ing_0002','sườn heo','protein');
INSERT INTO "ingredients" VALUES('ing_0003','rau thơm','base');
INSERT INTO "ingredients" VALUES('ing_0004','sốt nhà làm','base');
INSERT INTO "ingredients" VALUES('ing_0005','trứng','protein');
INSERT INTO "ingredients" VALUES('ing_0006','cua','protein');
INSERT INTO "ingredients" VALUES('ing_0007','thịt heo','protein');
INSERT INTO "ingredients" VALUES('ing_0008','đồ uống','base');
INSERT INTO "ingredients" VALUES('ing_0009','bún','base');
INSERT INTO "ingredients" VALUES('ing_0010','bò','protein');
INSERT INTO "ingredients" VALUES('ing_0011','heo','protein');
INSERT INTO "ingredients" VALUES('ing_0012','gà','protein');
INSERT INTO "ingredients" VALUES('ing_0013','phô mai','base');
INSERT INTO "ingredients" VALUES('ing_0014','cá hồi','protein');
INSERT INTO "ingredients" VALUES('ing_0015','cá','protein');
INSERT INTO "ingredients" VALUES('ing_0016','rau xanh','base');
INSERT INTO "ingredients" VALUES('ing_0017','đậu gà','base');
INSERT INTO "ingredients" VALUES('ing_0018','bơ','base');
INSERT INTO "ingredients" VALUES('ing_0019','mì','base');
INSERT INTO "ingredients" VALUES('ing_0020','hải sản','protein');
INSERT INTO "ingredients" VALUES('ing_0021','ăn vặt','base');
INSERT INTO "ingredients" VALUES('ing_0022','bánh mì','base');
INSERT INTO "ingredients" VALUES('ing_0023','pate','base');
INSERT INTO "ingredients" VALUES('ing_0024','bánh phở','base');
INSERT INTO "ingredients" VALUES('ing_0025','món thêm','base');
INSERT INTO "ingredients" VALUES('ing_0026','tôm','protein');
INSERT INTO "ingredients" VALUES('ing_0027','pizza','base');
INSERT INTO "ingredients" VALUES('ing_0028','combo','base');
INSERT INTO "ingredients" VALUES('ing_0029','canh','base');
INSERT INTO "ingredients" VALUES('ing_0030','nấm','base');
INSERT INTO "ingredients" VALUES('ing_0031','rau củ','base');
INSERT INTO "ingredients" VALUES('ing_0032','đậu hũ','base');
INSERT INTO "ingredients" VALUES('ing_0033','dimsum','base');
INSERT INTO "ingredients" VALUES('ing_0034','trà sữa','base');
INSERT INTO "ingredients" VALUES('ing_0035','trà trái cây','base');
INSERT INTO "ingredients" VALUES('ing_0036','topping','base');
INSERT INTO "ingredients" VALUES('ing_0037','cháo','base');
INSERT INTO "ingredients" VALUES('ing_0038','xôi','base');
INSERT INTO "ingredients" VALUES('ing_0039','wrap','base');
INSERT INTO "ingredients" VALUES('ing_0040','ốc','base');
INSERT INTO "ingredients" VALUES('ing_0041','tráng miệng','base');
INSERT INTO "ingredients" VALUES('ing_0042','cà phê','base');
INSERT INTO "ingredients" VALUES('ing_0043','cuốn','base');
INSERT INTO "ingredients" VALUES('ing_0044','mì ramen','base');
INSERT INTO "ingredients" VALUES('ing_0045','curry','base');
INSERT INTO "ingredients" VALUES('ing_0046','súp','base');
INSERT INTO "ingredients" VALUES('ing_0047','salad','base');
INSERT INTO "ingredients" VALUES('ing_0048','hủ tiếu','base');
INSERT INTO "ingredients" VALUES('ing_0049','mực','protein');
INSERT INTO "ingredients" VALUES('ing_0050','bánh khọt','base');
INSERT INTO "ingredients" VALUES('ing_0051','sandwich','base');
INSERT INTO "ingredients" VALUES('ing_0052','bánh ngọt','base');
CREATE TABLE item_allergens (
  item_id TEXT NOT NULL,
  allergen_id TEXT NOT NULL,
  PRIMARY KEY (item_id, allergen_id),
  FOREIGN KEY (item_id) REFERENCES menu_items(id) ON DELETE CASCADE,
  FOREIGN KEY (allergen_id) REFERENCES allergens(id)
);
INSERT INTO "item_allergens" VALUES('item_001_002','allergen_004');
INSERT INTO "item_allergens" VALUES('item_001_004','allergen_002');
INSERT INTO "item_allergens" VALUES('item_002_005','allergen_002');
INSERT INTO "item_allergens" VALUES('item_003_001','allergen_002');
INSERT INTO "item_allergens" VALUES('item_003_004','allergen_005');
INSERT INTO "item_allergens" VALUES('item_004_002','allergen_003');
INSERT INTO "item_allergens" VALUES('item_004_005','allergen_005');
INSERT INTO "item_allergens" VALUES('item_004_005','allergen_008');
INSERT INTO "item_allergens" VALUES('item_005_001','allergen_001');
INSERT INTO "item_allergens" VALUES('item_005_001','allergen_002');
INSERT INTO "item_allergens" VALUES('item_005_002','allergen_001');
INSERT INTO "item_allergens" VALUES('item_005_003','allergen_001');
INSERT INTO "item_allergens" VALUES('item_005_003','allergen_005');
INSERT INTO "item_allergens" VALUES('item_005_004','allergen_005');
INSERT INTO "item_allergens" VALUES('item_006_001','allergen_001');
INSERT INTO "item_allergens" VALUES('item_006_002','allergen_003');
INSERT INTO "item_allergens" VALUES('item_006_002','allergen_001');
INSERT INTO "item_allergens" VALUES('item_006_003','allergen_001');
INSERT INTO "item_allergens" VALUES('item_006_004','allergen_001');
INSERT INTO "item_allergens" VALUES('item_006_004','allergen_004');
INSERT INTO "item_allergens" VALUES('item_006_005','allergen_005');
INSERT INTO "item_allergens" VALUES('item_006_005','allergen_006');
INSERT INTO "item_allergens" VALUES('item_006_006','allergen_005');
INSERT INTO "item_allergens" VALUES('item_008_004','allergen_002');
INSERT INTO "item_allergens" VALUES('item_009_001','allergen_001');
INSERT INTO "item_allergens" VALUES('item_009_002','allergen_001');
INSERT INTO "item_allergens" VALUES('item_009_002','allergen_002');
INSERT INTO "item_allergens" VALUES('item_009_003','allergen_001');
INSERT INTO "item_allergens" VALUES('item_009_004','allergen_001');
INSERT INTO "item_allergens" VALUES('item_009_006','allergen_001');
INSERT INTO "item_allergens" VALUES('item_010_001','allergen_003');
INSERT INTO "item_allergens" VALUES('item_010_002','allergen_003');
INSERT INTO "item_allergens" VALUES('item_010_005','allergen_006');
INSERT INTO "item_allergens" VALUES('item_011_001','allergen_002');
INSERT INTO "item_allergens" VALUES('item_011_004','allergen_001');
INSERT INTO "item_allergens" VALUES('item_012_005','allergen_006');
INSERT INTO "item_allergens" VALUES('item_012_006','allergen_005');
INSERT INTO "item_allergens" VALUES('item_013_001','allergen_002');
INSERT INTO "item_allergens" VALUES('item_013_002','allergen_002');
INSERT INTO "item_allergens" VALUES('item_013_003','allergen_005');
INSERT INTO "item_allergens" VALUES('item_013_003','allergen_004');
INSERT INTO "item_allergens" VALUES('item_013_004','allergen_001');
INSERT INTO "item_allergens" VALUES('item_013_006','allergen_005');
INSERT INTO "item_allergens" VALUES('item_014_001','allergen_001');
INSERT INTO "item_allergens" VALUES('item_014_001','allergen_005');
INSERT INTO "item_allergens" VALUES('item_014_002','allergen_001');
INSERT INTO "item_allergens" VALUES('item_014_003','allergen_001');
INSERT INTO "item_allergens" VALUES('item_014_005','allergen_001');
INSERT INTO "item_allergens" VALUES('item_016_005','allergen_006');
INSERT INTO "item_allergens" VALUES('item_017_001','allergen_005');
INSERT INTO "item_allergens" VALUES('item_017_002','allergen_005');
INSERT INTO "item_allergens" VALUES('item_017_004','allergen_005');
INSERT INTO "item_allergens" VALUES('item_017_006','allergen_005');
INSERT INTO "item_allergens" VALUES('item_018_002','allergen_004');
INSERT INTO "item_allergens" VALUES('item_018_004','allergen_002');
INSERT INTO "item_allergens" VALUES('item_018_006','allergen_005');
INSERT INTO "item_allergens" VALUES('item_019_001','allergen_003');
INSERT INTO "item_allergens" VALUES('item_019_002','allergen_004');
INSERT INTO "item_allergens" VALUES('item_019_005','allergen_003');
INSERT INTO "item_allergens" VALUES('item_020_001','allergen_002');
INSERT INTO "item_allergens" VALUES('item_020_003','allergen_002');
INSERT INTO "item_allergens" VALUES('item_020_004','allergen_002');
INSERT INTO "item_allergens" VALUES('item_021_001','allergen_002');
INSERT INTO "item_allergens" VALUES('item_021_003','allergen_002');
INSERT INTO "item_allergens" VALUES('item_021_004','allergen_003');
INSERT INTO "item_allergens" VALUES('item_021_006','allergen_005');
INSERT INTO "item_allergens" VALUES('item_022_001','allergen_001');
INSERT INTO "item_allergens" VALUES('item_022_002','allergen_001');
INSERT INTO "item_allergens" VALUES('item_022_002','allergen_004');
INSERT INTO "item_allergens" VALUES('item_022_003','allergen_001');
INSERT INTO "item_allergens" VALUES('item_022_003','allergen_002');
INSERT INTO "item_allergens" VALUES('item_022_004','allergen_001');
INSERT INTO "item_allergens" VALUES('item_022_004','allergen_005');
INSERT INTO "item_allergens" VALUES('item_023_006','allergen_007');
INSERT INTO "item_allergens" VALUES('item_023_006','allergen_005');
INSERT INTO "item_allergens" VALUES('item_024_001','allergen_002');
INSERT INTO "item_allergens" VALUES('item_024_002','allergen_002');
INSERT INTO "item_allergens" VALUES('item_024_004','allergen_006');
INSERT INTO "item_allergens" VALUES('item_025_001','allergen_001');
INSERT INTO "item_allergens" VALUES('item_025_002','allergen_001');
INSERT INTO "item_allergens" VALUES('item_025_003','allergen_001');
INSERT INTO "item_allergens" VALUES('item_025_005','allergen_007');
INSERT INTO "item_allergens" VALUES('item_026_003','allergen_003');
INSERT INTO "item_allergens" VALUES('item_027_001','allergen_002');
INSERT INTO "item_allergens" VALUES('item_027_002','allergen_002');
INSERT INTO "item_allergens" VALUES('item_027_003','allergen_002');
INSERT INTO "item_allergens" VALUES('item_027_004','allergen_002');
INSERT INTO "item_allergens" VALUES('item_027_005','allergen_001');
INSERT INTO "item_allergens" VALUES('item_028_001','allergen_001');
INSERT INTO "item_allergens" VALUES('item_028_001','allergen_005');
INSERT INTO "item_allergens" VALUES('item_028_001','allergen_004');
INSERT INTO "item_allergens" VALUES('item_028_002','allergen_001');
INSERT INTO "item_allergens" VALUES('item_028_004','allergen_005');
INSERT INTO "item_allergens" VALUES('item_028_006','allergen_005');
INSERT INTO "item_allergens" VALUES('item_029_001','allergen_001');
INSERT INTO "item_allergens" VALUES('item_029_002','allergen_001');
INSERT INTO "item_allergens" VALUES('item_029_002','allergen_002');
INSERT INTO "item_allergens" VALUES('item_029_003','allergen_001');
INSERT INTO "item_allergens" VALUES('item_029_004','allergen_007');
INSERT INTO "item_allergens" VALUES('item_030_002','allergen_005');
INSERT INTO "item_allergens" VALUES('item_030_004','allergen_005');
INSERT INTO "item_allergens" VALUES('item_031_001','allergen_004');
INSERT INTO "item_allergens" VALUES('item_031_002','allergen_003');
INSERT INTO "item_allergens" VALUES('item_031_004','allergen_006');
INSERT INTO "item_allergens" VALUES('item_032_002','allergen_006');
INSERT INTO "item_allergens" VALUES('item_032_005','allergen_004');
INSERT INTO "item_allergens" VALUES('item_033_002','allergen_002');
INSERT INTO "item_allergens" VALUES('item_033_004','allergen_002');
INSERT INTO "item_allergens" VALUES('item_034_001','allergen_004');
INSERT INTO "item_allergens" VALUES('item_035_001','allergen_005');
INSERT INTO "item_allergens" VALUES('item_035_005','allergen_001');
INSERT INTO "item_allergens" VALUES('item_036_002','allergen_003');
INSERT INTO "item_allergens" VALUES('item_036_003','allergen_001');
INSERT INTO "item_allergens" VALUES('item_036_003','allergen_002');
INSERT INTO "item_allergens" VALUES('item_036_006','allergen_005');
INSERT INTO "item_allergens" VALUES('item_037_001','allergen_004');
INSERT INTO "item_allergens" VALUES('item_037_002','allergen_005');
INSERT INTO "item_allergens" VALUES('item_037_003','allergen_001');
INSERT INTO "item_allergens" VALUES('item_038_001','allergen_002');
INSERT INTO "item_allergens" VALUES('item_038_003','allergen_003');
INSERT INTO "item_allergens" VALUES('item_038_003','allergen_005');
INSERT INTO "item_allergens" VALUES('item_038_005','allergen_008');
INSERT INTO "item_allergens" VALUES('item_039_003','allergen_002');
INSERT INTO "item_allergens" VALUES('item_040_001','allergen_002');
INSERT INTO "item_allergens" VALUES('item_040_003','allergen_002');
INSERT INTO "item_allergens" VALUES('item_041_001','allergen_001');
INSERT INTO "item_allergens" VALUES('item_041_001','allergen_005');
INSERT INTO "item_allergens" VALUES('item_041_002','allergen_001');
INSERT INTO "item_allergens" VALUES('item_041_003','allergen_001');
INSERT INTO "item_allergens" VALUES('item_041_005','allergen_001');
INSERT INTO "item_allergens" VALUES('item_043_002','allergen_005');
INSERT INTO "item_allergens" VALUES('item_043_003','allergen_001');
INSERT INTO "item_allergens" VALUES('item_043_003','allergen_005');
INSERT INTO "item_allergens" VALUES('item_043_005','allergen_001');
INSERT INTO "item_allergens" VALUES('item_044_001','allergen_003');
INSERT INTO "item_allergens" VALUES('item_044_001','allergen_002');
INSERT INTO "item_allergens" VALUES('item_044_002','allergen_003');
INSERT INTO "item_allergens" VALUES('item_044_002','allergen_002');
INSERT INTO "item_allergens" VALUES('item_044_003','allergen_003');
INSERT INTO "item_allergens" VALUES('item_044_004','allergen_003');
CREATE TABLE item_ingredients (
  item_id TEXT NOT NULL,
  ingredient_id TEXT NOT NULL,
  is_main INTEGER NOT NULL DEFAULT 0,
  PRIMARY KEY (item_id, ingredient_id),
  FOREIGN KEY (item_id) REFERENCES menu_items(id) ON DELETE CASCADE,
  FOREIGN KEY (ingredient_id) REFERENCES ingredients(id)
);
INSERT INTO "item_ingredients" VALUES('item_001_001','ing_0001',1);
INSERT INTO "item_ingredients" VALUES('item_001_001','ing_0002',0);
INSERT INTO "item_ingredients" VALUES('item_001_001','ing_0003',0);
INSERT INTO "item_ingredients" VALUES('item_001_001','ing_0004',0);
INSERT INTO "item_ingredients" VALUES('item_001_002','ing_0001',1);
INSERT INTO "item_ingredients" VALUES('item_001_002','ing_0002',0);
INSERT INTO "item_ingredients" VALUES('item_001_002','ing_0005',0);
INSERT INTO "item_ingredients" VALUES('item_001_003','ing_0001',1);
INSERT INTO "item_ingredients" VALUES('item_001_003','ing_0003',0);
INSERT INTO "item_ingredients" VALUES('item_001_003','ing_0004',0);
INSERT INTO "item_ingredients" VALUES('item_001_004','ing_0001',1);
INSERT INTO "item_ingredients" VALUES('item_001_004','ing_0006',0);
INSERT INTO "item_ingredients" VALUES('item_001_004','ing_0003',0);
INSERT INTO "item_ingredients" VALUES('item_001_004','ing_0004',0);
INSERT INTO "item_ingredients" VALUES('item_001_005','ing_0007',1);
INSERT INTO "item_ingredients" VALUES('item_001_005','ing_0003',0);
INSERT INTO "item_ingredients" VALUES('item_001_005','ing_0004',0);
INSERT INTO "item_ingredients" VALUES('item_001_006','ing_0008',1);
INSERT INTO "item_ingredients" VALUES('item_001_006','ing_0004',0);
INSERT INTO "item_ingredients" VALUES('item_001_006','ing_0003',0);
INSERT INTO "item_ingredients" VALUES('item_002_001','ing_0009',1);
INSERT INTO "item_ingredients" VALUES('item_002_001','ing_0010',0);
INSERT INTO "item_ingredients" VALUES('item_002_001','ing_0003',0);
INSERT INTO "item_ingredients" VALUES('item_002_001','ing_0004',0);
INSERT INTO "item_ingredients" VALUES('item_002_002','ing_0009',1);
INSERT INTO "item_ingredients" VALUES('item_002_002','ing_0010',0);
INSERT INTO "item_ingredients" VALUES('item_002_002','ing_0003',0);
INSERT INTO "item_ingredients" VALUES('item_002_002','ing_0004',0);
INSERT INTO "item_ingredients" VALUES('item_002_003','ing_0009',1);
INSERT INTO "item_ingredients" VALUES('item_002_003','ing_0010',0);
INSERT INTO "item_ingredients" VALUES('item_002_003','ing_0011',0);
INSERT INTO "item_ingredients" VALUES('item_002_004','ing_0009',1);
INSERT INTO "item_ingredients" VALUES('item_002_004','ing_0010',0);
INSERT INTO "item_ingredients" VALUES('item_002_004','ing_0003',0);
INSERT INTO "item_ingredients" VALUES('item_002_004','ing_0004',0);
INSERT INTO "item_ingredients" VALUES('item_002_005','ing_0006',1);
INSERT INTO "item_ingredients" VALUES('item_002_006','ing_0008',1);
INSERT INTO "item_ingredients" VALUES('item_002_006','ing_0004',0);
INSERT INTO "item_ingredients" VALUES('item_002_006','ing_0003',0);
INSERT INTO "item_ingredients" VALUES('item_003_001','ing_0012',1);
INSERT INTO "item_ingredients" VALUES('item_003_001','ing_0003',0);
INSERT INTO "item_ingredients" VALUES('item_003_001','ing_0004',0);
INSERT INTO "item_ingredients" VALUES('item_003_002','ing_0012',1);
INSERT INTO "item_ingredients" VALUES('item_003_002','ing_0003',0);
INSERT INTO "item_ingredients" VALUES('item_003_002','ing_0004',0);
INSERT INTO "item_ingredients" VALUES('item_003_003','ing_0001',1);
INSERT INTO "item_ingredients" VALUES('item_003_003','ing_0012',0);
INSERT INTO "item_ingredients" VALUES('item_003_003','ing_0003',0);
INSERT INTO "item_ingredients" VALUES('item_003_003','ing_0004',0);
INSERT INTO "item_ingredients" VALUES('item_003_004','ing_0013',1);
INSERT INTO "item_ingredients" VALUES('item_003_004','ing_0003',0);
INSERT INTO "item_ingredients" VALUES('item_003_004','ing_0004',0);
INSERT INTO "item_ingredients" VALUES('item_003_005','ing_0012',1);
INSERT INTO "item_ingredients" VALUES('item_003_005','ing_0003',0);
INSERT INTO "item_ingredients" VALUES('item_003_005','ing_0004',0);
INSERT INTO "item_ingredients" VALUES('item_003_006','ing_0012',1);
INSERT INTO "item_ingredients" VALUES('item_003_006','ing_0003',0);
INSERT INTO "item_ingredients" VALUES('item_003_006','ing_0004',0);
INSERT INTO "item_ingredients" VALUES('item_004_001','ing_0012',1);
INSERT INTO "item_ingredients" VALUES('item_004_001','ing_0003',0);
INSERT INTO "item_ingredients" VALUES('item_004_001','ing_0004',0);
INSERT INTO "item_ingredients" VALUES('item_004_002','ing_0014',1);
INSERT INTO "item_ingredients" VALUES('item_004_002','ing_0015',0);
INSERT INTO "item_ingredients" VALUES('item_004_002','ing_0003',0);
INSERT INTO "item_ingredients" VALUES('item_004_002','ing_0004',0);
INSERT INTO "item_ingredients" VALUES('item_004_003','ing_0010',1);
INSERT INTO "item_ingredients" VALUES('item_004_003','ing_0003',0);
INSERT INTO "item_ingredients" VALUES('item_004_003','ing_0004',0);
INSERT INTO "item_ingredients" VALUES('item_004_004','ing_0012',1);
INSERT INTO "item_ingredients" VALUES('item_004_004','ing_0016',0);
INSERT INTO "item_ingredients" VALUES('item_004_004','ing_0017',0);
INSERT INTO "item_ingredients" VALUES('item_004_005','ing_0018',1);
INSERT INTO "item_ingredients" VALUES('item_004_006','ing_0008',1);
INSERT INTO "item_ingredients" VALUES('item_004_006','ing_0004',0);
INSERT INTO "item_ingredients" VALUES('item_004_006','ing_0003',0);
INSERT INTO "item_ingredients" VALUES('item_005_001','ing_0019',1);
INSERT INTO "item_ingredients" VALUES('item_005_001','ing_0020',0);
INSERT INTO "item_ingredients" VALUES('item_005_001','ing_0003',0);
INSERT INTO "item_ingredients" VALUES('item_005_001','ing_0004',0);
INSERT INTO "item_ingredients" VALUES('item_005_002','ing_0019',1);
INSERT INTO "item_ingredients" VALUES('item_005_002','ing_0010',0);
INSERT INTO "item_ingredients" VALUES('item_005_002','ing_0003',0);
INSERT INTO "item_ingredients" VALUES('item_005_002','ing_0004',0);
INSERT INTO "item_ingredients" VALUES('item_005_003','ing_0019',1);
INSERT INTO "item_ingredients" VALUES('item_005_003','ing_0012',0);
INSERT INTO "item_ingredients" VALUES('item_005_003','ing_0013',0);
INSERT INTO "item_ingredients" VALUES('item_005_004','ing_0013',1);
INSERT INTO "item_ingredients" VALUES('item_005_004','ing_0003',0);
INSERT INTO "item_ingredients" VALUES('item_005_004','ing_0004',0);
INSERT INTO "item_ingredients" VALUES('item_005_005','ing_0021',1);
INSERT INTO "item_ingredients" VALUES('item_005_005','ing_0004',0);
INSERT INTO "item_ingredients" VALUES('item_005_005','ing_0003',0);
INSERT INTO "item_ingredients" VALUES('item_005_006','ing_0008',1);
INSERT INTO "item_ingredients" VALUES('item_005_006','ing_0004',0);
INSERT INTO "item_ingredients" VALUES('item_005_006','ing_0003',0);
INSERT INTO "item_ingredients" VALUES('item_006_001','ing_0019',1);
INSERT INTO "item_ingredients" VALUES('item_006_001','ing_0022',0);
INSERT INTO "item_ingredients" VALUES('item_006_001','ing_0007',0);
INSERT INTO "item_ingredients" VALUES('item_006_002','ing_0019',1);
INSERT INTO "item_ingredients" VALUES('item_006_002','ing_0022',0);
INSERT INTO "item_ingredients" VALUES('item_006_002','ing_0015',0);
INSERT INTO "item_ingredients" VALUES('item_006_003','ing_0019',1);
INSERT INTO "item_ingredients" VALUES('item_006_003','ing_0022',0);
INSERT INTO "item_ingredients" VALUES('item_006_003','ing_0003',0);
INSERT INTO "item_ingredients" VALUES('item_006_003','ing_0004',0);
INSERT INTO "item_ingredients" VALUES('item_006_004','ing_0019',1);
INSERT INTO "item_ingredients" VALUES('item_006_004','ing_0022',0);
INSERT INTO "item_ingredients" VALUES('item_006_004','ing_0023',0);
INSERT INTO "item_ingredients" VALUES('item_006_005','ing_0008',1);
INSERT INTO "item_ingredients" VALUES('item_006_005','ing_0004',0);
INSERT INTO "item_ingredients" VALUES('item_006_005','ing_0003',0);
INSERT INTO "item_ingredients" VALUES('item_006_006','ing_0008',1);
INSERT INTO "item_ingredients" VALUES('item_006_006','ing_0004',0);
INSERT INTO "item_ingredients" VALUES('item_006_006','ing_0003',0);
INSERT INTO "item_ingredients" VALUES('item_007_001','ing_0024',1);
INSERT INTO "item_ingredients" VALUES('item_007_001','ing_0010',0);
INSERT INTO "item_ingredients" VALUES('item_007_001','ing_0003',0);
INSERT INTO "item_ingredients" VALUES('item_007_001','ing_0004',0);
INSERT INTO "item_ingredients" VALUES('item_007_002','ing_0024',1);
INSERT INTO "item_ingredients" VALUES('item_007_002','ing_0010',0);
INSERT INTO "item_ingredients" VALUES('item_007_002','ing_0003',0);
INSERT INTO "item_ingredients" VALUES('item_007_002','ing_0004',0);
INSERT INTO "item_ingredients" VALUES('item_007_003','ing_0024',1);
INSERT INTO "item_ingredients" VALUES('item_007_003','ing_0003',0);
INSERT INTO "item_ingredients" VALUES('item_007_003','ing_0004',0);
INSERT INTO "item_ingredients" VALUES('item_007_004','ing_0024',1);
INSERT INTO "item_ingredients" VALUES('item_007_004','ing_0012',0);
INSERT INTO "item_ingredients" VALUES('item_007_004','ing_0003',0);
INSERT INTO "item_ingredients" VALUES('item_007_004','ing_0004',0);
INSERT INTO "item_ingredients" VALUES('item_007_005','ing_0025',1);
INSERT INTO "item_ingredients" VALUES('item_007_005','ing_0004',0);
INSERT INTO "item_ingredients" VALUES('item_007_005','ing_0003',0);
INSERT INTO "item_ingredients" VALUES('item_007_006','ing_0008',1);
INSERT INTO "item_ingredients" VALUES('item_007_006','ing_0004',0);
INSERT INTO "item_ingredients" VALUES('item_007_006','ing_0003',0);
INSERT INTO "item_ingredients" VALUES('item_008_001','ing_0009',1);
INSERT INTO "item_ingredients" VALUES('item_008_001','ing_0007',0);
INSERT INTO "item_ingredients" VALUES('item_008_001','ing_0003',0);
INSERT INTO "item_ingredients" VALUES('item_008_001','ing_0004',0);
INSERT INTO "item_ingredients" VALUES('item_008_002','ing_0009',1);
INSERT INTO "item_ingredients" VALUES('item_008_002','ing_0003',0);
INSERT INTO "item_ingredients" VALUES('item_008_002','ing_0004',0);
INSERT INTO "item_ingredients" VALUES('item_008_003','ing_0009',1);
INSERT INTO "item_ingredients" VALUES('item_008_003','ing_0010',0);
INSERT INTO "item_ingredients" VALUES('item_008_003','ing_0003',0);
INSERT INTO "item_ingredients" VALUES('item_008_003','ing_0004',0);
INSERT INTO "item_ingredients" VALUES('item_008_004','ing_0007',1);
INSERT INTO "item_ingredients" VALUES('item_008_004','ing_0026',0);
INSERT INTO "item_ingredients" VALUES('item_008_004','ing_0003',0);
INSERT INTO "item_ingredients" VALUES('item_008_004','ing_0004',0);
INSERT INTO "item_ingredients" VALUES('item_008_005','ing_0025',1);
INSERT INTO "item_ingredients" VALUES('item_008_005','ing_0004',0);
INSERT INTO "item_ingredients" VALUES('item_008_005','ing_0003',0);
INSERT INTO "item_ingredients" VALUES('item_008_006','ing_0008',1);
INSERT INTO "item_ingredients" VALUES('item_008_006','ing_0004',0);
INSERT INTO "item_ingredients" VALUES('item_008_006','ing_0003',0);
INSERT INTO "item_ingredients" VALUES('item_009_001','ing_0027',1);
INSERT INTO "item_ingredients" VALUES('item_009_001','ing_0004',0);
INSERT INTO "item_ingredients" VALUES('item_009_001','ing_0003',0);
INSERT INTO "item_ingredients" VALUES('item_009_002','ing_0020',1);
INSERT INTO "item_ingredients" VALUES('item_009_002','ing_0003',0);
INSERT INTO "item_ingredients" VALUES('item_009_002','ing_0004',0);
INSERT INTO "item_ingredients" VALUES('item_009_003','ing_0010',1);
INSERT INTO "item_ingredients" VALUES('item_009_003','ing_0003',0);
INSERT INTO "item_ingredients" VALUES('item_009_003','ing_0004',0);
INSERT INTO "item_ingredients" VALUES('item_009_004','ing_0019',1);
INSERT INTO "item_ingredients" VALUES('item_009_004','ing_0010',0);
INSERT INTO "item_ingredients" VALUES('item_009_004','ing_0003',0);
INSERT INTO "item_ingredients" VALUES('item_009_004','ing_0004',0);
INSERT INTO "item_ingredients" VALUES('item_009_005','ing_0021',1);
INSERT INTO "item_ingredients" VALUES('item_009_005','ing_0004',0);
INSERT INTO "item_ingredients" VALUES('item_009_005','ing_0003',0);
INSERT INTO "item_ingredients" VALUES('item_009_006','ing_0028',1);
INSERT INTO "item_ingredients" VALUES('item_009_006','ing_0004',0);
INSERT INTO "item_ingredients" VALUES('item_009_006','ing_0003',0);
INSERT INTO "item_ingredients" VALUES('item_010_001','ing_0014',1);
INSERT INTO "item_ingredients" VALUES('item_010_001','ing_0015',0);
INSERT INTO "item_ingredients" VALUES('item_010_001','ing_0003',0);
INSERT INTO "item_ingredients" VALUES('item_010_001','ing_0004',0);
INSERT INTO "item_ingredients" VALUES('item_010_002','ing_0014',1);
INSERT INTO "item_ingredients" VALUES('item_010_002','ing_0015',0);
INSERT INTO "item_ingredients" VALUES('item_010_002','ing_0003',0);
INSERT INTO "item_ingredients" VALUES('item_010_002','ing_0004',0);
INSERT INTO "item_ingredients" VALUES('item_010_003','ing_0001',1);
INSERT INTO "item_ingredients" VALUES('item_010_003','ing_0003',0);
INSERT INTO "item_ingredients" VALUES('item_010_003','ing_0004',0);
INSERT INTO "item_ingredients" VALUES('item_010_004','ing_0001',1);
INSERT INTO "item_ingredients" VALUES('item_010_004','ing_0010',0);
INSERT INTO "item_ingredients" VALUES('item_010_004','ing_0003',0);
INSERT INTO "item_ingredients" VALUES('item_010_004','ing_0004',0);
INSERT INTO "item_ingredients" VALUES('item_010_005','ing_0029',1);
INSERT INTO "item_ingredients" VALUES('item_010_005','ing_0004',0);
INSERT INTO "item_ingredients" VALUES('item_010_005','ing_0003',0);
INSERT INTO "item_ingredients" VALUES('item_010_006','ing_0008',1);
INSERT INTO "item_ingredients" VALUES('item_010_006','ing_0004',0);
INSERT INTO "item_ingredients" VALUES('item_010_006','ing_0003',0);
INSERT INTO "item_ingredients" VALUES('item_011_001','ing_0020',1);
INSERT INTO "item_ingredients" VALUES('item_011_001','ing_0003',0);
INSERT INTO "item_ingredients" VALUES('item_011_001','ing_0004',0);
INSERT INTO "item_ingredients" VALUES('item_011_002','ing_0010',1);
INSERT INTO "item_ingredients" VALUES('item_011_002','ing_0003',0);
INSERT INTO "item_ingredients" VALUES('item_011_002','ing_0004',0);
INSERT INTO "item_ingredients" VALUES('item_011_003','ing_0030',1);
INSERT INTO "item_ingredients" VALUES('item_011_003','ing_0031',0);
INSERT INTO "item_ingredients" VALUES('item_011_003','ing_0003',0);
INSERT INTO "item_ingredients" VALUES('item_011_003','ing_0004',0);
INSERT INTO "item_ingredients" VALUES('item_011_004','ing_0019',1);
INSERT INTO "item_ingredients" VALUES('item_011_005','ing_0030',1);
INSERT INTO "item_ingredients" VALUES('item_011_005','ing_0016',0);
INSERT INTO "item_ingredients" VALUES('item_011_006','ing_0008',1);
INSERT INTO "item_ingredients" VALUES('item_011_006','ing_0004',0);
INSERT INTO "item_ingredients" VALUES('item_011_006','ing_0003',0);
INSERT INTO "item_ingredients" VALUES('item_012_001','ing_0001',1);
INSERT INTO "item_ingredients" VALUES('item_012_001','ing_0031',0);
INSERT INTO "item_ingredients" VALUES('item_012_001','ing_0003',0);
INSERT INTO "item_ingredients" VALUES('item_012_001','ing_0004',0);
INSERT INTO "item_ingredients" VALUES('item_012_002','ing_0009',1);
INSERT INTO "item_ingredients" VALUES('item_012_002','ing_0031',0);
INSERT INTO "item_ingredients" VALUES('item_012_002','ing_0003',0);
INSERT INTO "item_ingredients" VALUES('item_012_002','ing_0004',0);
INSERT INTO "item_ingredients" VALUES('item_012_003','ing_0031',1);
INSERT INTO "item_ingredients" VALUES('item_012_003','ing_0003',0);
INSERT INTO "item_ingredients" VALUES('item_012_003','ing_0004',0);
INSERT INTO "item_ingredients" VALUES('item_012_004','ing_0030',1);
INSERT INTO "item_ingredients" VALUES('item_012_004','ing_0003',0);
INSERT INTO "item_ingredients" VALUES('item_012_004','ing_0004',0);
INSERT INTO "item_ingredients" VALUES('item_012_005','ing_0032',1);
INSERT INTO "item_ingredients" VALUES('item_012_005','ing_0003',0);
INSERT INTO "item_ingredients" VALUES('item_012_005','ing_0004',0);
INSERT INTO "item_ingredients" VALUES('item_012_006','ing_0008',1);
INSERT INTO "item_ingredients" VALUES('item_012_006','ing_0004',0);
INSERT INTO "item_ingredients" VALUES('item_012_006','ing_0003',0);
INSERT INTO "item_ingredients" VALUES('item_013_001','ing_0026',1);
INSERT INTO "item_ingredients" VALUES('item_013_001','ing_0003',0);
INSERT INTO "item_ingredients" VALUES('item_013_001','ing_0004',0);
INSERT INTO "item_ingredients" VALUES('item_013_002','ing_0007',1);
INSERT INTO "item_ingredients" VALUES('item_013_002','ing_0006',0);
INSERT INTO "item_ingredients" VALUES('item_013_002','ing_0003',0);
INSERT INTO "item_ingredients" VALUES('item_013_002','ing_0004',0);
INSERT INTO "item_ingredients" VALUES('item_013_003','ing_0033',1);
INSERT INTO "item_ingredients" VALUES('item_013_003','ing_0004',0);
INSERT INTO "item_ingredients" VALUES('item_013_003','ing_0003',0);
INSERT INTO "item_ingredients" VALUES('item_013_004','ing_0019',1);
INSERT INTO "item_ingredients" VALUES('item_013_004','ing_0003',0);
INSERT INTO "item_ingredients" VALUES('item_013_004','ing_0004',0);
INSERT INTO "item_ingredients" VALUES('item_013_005','ing_0012',1);
INSERT INTO "item_ingredients" VALUES('item_013_005','ing_0003',0);
INSERT INTO "item_ingredients" VALUES('item_013_005','ing_0004',0);
INSERT INTO "item_ingredients" VALUES('item_013_006','ing_0008',1);
INSERT INTO "item_ingredients" VALUES('item_013_006','ing_0004',0);
INSERT INTO "item_ingredients" VALUES('item_013_006','ing_0003',0);
INSERT INTO "item_ingredients" VALUES('item_014_001','ing_0010',1);
INSERT INTO "item_ingredients" VALUES('item_014_001','ing_0013',0);
INSERT INTO "item_ingredients" VALUES('item_014_001','ing_0003',0);
INSERT INTO "item_ingredients" VALUES('item_014_001','ing_0004',0);
INSERT INTO "item_ingredients" VALUES('item_014_002','ing_0012',1);
INSERT INTO "item_ingredients" VALUES('item_014_002','ing_0003',0);
INSERT INTO "item_ingredients" VALUES('item_014_002','ing_0004',0);
INSERT INTO "item_ingredients" VALUES('item_014_003','ing_0030',1);
INSERT INTO "item_ingredients" VALUES('item_014_003','ing_0031',0);
INSERT INTO "item_ingredients" VALUES('item_014_003','ing_0003',0);
INSERT INTO "item_ingredients" VALUES('item_014_003','ing_0004',0);
INSERT INTO "item_ingredients" VALUES('item_014_004','ing_0021',1);
INSERT INTO "item_ingredients" VALUES('item_014_004','ing_0004',0);
INSERT INTO "item_ingredients" VALUES('item_014_004','ing_0003',0);
INSERT INTO "item_ingredients" VALUES('item_014_005','ing_0010',1);
INSERT INTO "item_ingredients" VALUES('item_014_005','ing_0003',0);
INSERT INTO "item_ingredients" VALUES('item_014_005','ing_0004',0);
INSERT INTO "item_ingredients" VALUES('item_014_006','ing_0008',1);
INSERT INTO "item_ingredients" VALUES('item_014_006','ing_0004',0);
INSERT INTO "item_ingredients" VALUES('item_014_006','ing_0003',0);
INSERT INTO "item_ingredients" VALUES('item_015_001','ing_0001',1);
INSERT INTO "item_ingredients" VALUES('item_015_001','ing_0012',0);
INSERT INTO "item_ingredients" VALUES('item_015_001','ing_0003',0);
INSERT INTO "item_ingredients" VALUES('item_015_001','ing_0004',0);
INSERT INTO "item_ingredients" VALUES('item_015_002','ing_0001',1);
INSERT INTO "item_ingredients" VALUES('item_015_002','ing_0012',0);
INSERT INTO "item_ingredients" VALUES('item_015_002','ing_0003',0);
INSERT INTO "item_ingredients" VALUES('item_015_002','ing_0004',0);
INSERT INTO "item_ingredients" VALUES('item_015_003','ing_0001',1);
INSERT INTO "item_ingredients" VALUES('item_015_003','ing_0012',0);
INSERT INTO "item_ingredients" VALUES('item_015_003','ing_0003',0);
INSERT INTO "item_ingredients" VALUES('item_015_003','ing_0004',0);
INSERT INTO "item_ingredients" VALUES('item_015_004','ing_0012',1);
INSERT INTO "item_ingredients" VALUES('item_015_004','ing_0003',0);
INSERT INTO "item_ingredients" VALUES('item_015_004','ing_0004',0);
INSERT INTO "item_ingredients" VALUES('item_015_005','ing_0007',1);
INSERT INTO "item_ingredients" VALUES('item_015_005','ing_0003',0);
INSERT INTO "item_ingredients" VALUES('item_015_005','ing_0004',0);
INSERT INTO "item_ingredients" VALUES('item_015_006','ing_0008',1);
INSERT INTO "item_ingredients" VALUES('item_015_006','ing_0004',0);
INSERT INTO "item_ingredients" VALUES('item_015_006','ing_0003',0);
INSERT INTO "item_ingredients" VALUES('item_016_001','ing_0009',1);
INSERT INTO "item_ingredients" VALUES('item_016_001','ing_0003',0);
INSERT INTO "item_ingredients" VALUES('item_016_001','ing_0004',0);
INSERT INTO "item_ingredients" VALUES('item_016_002','ing_0009',1);
INSERT INTO "item_ingredients" VALUES('item_016_002','ing_0007',0);
INSERT INTO "item_ingredients" VALUES('item_016_002','ing_0003',0);
INSERT INTO "item_ingredients" VALUES('item_016_002','ing_0004',0);
INSERT INTO "item_ingredients" VALUES('item_016_003','ing_0009',1);
INSERT INTO "item_ingredients" VALUES('item_016_003','ing_0003',0);
INSERT INTO "item_ingredients" VALUES('item_016_003','ing_0004',0);
INSERT INTO "item_ingredients" VALUES('item_016_004','ing_0021',1);
INSERT INTO "item_ingredients" VALUES('item_016_004','ing_0004',0);
INSERT INTO "item_ingredients" VALUES('item_016_004','ing_0003',0);
INSERT INTO "item_ingredients" VALUES('item_016_005','ing_0032',1);
INSERT INTO "item_ingredients" VALUES('item_016_006','ing_0008',1);
INSERT INTO "item_ingredients" VALUES('item_016_006','ing_0004',0);
INSERT INTO "item_ingredients" VALUES('item_016_006','ing_0003',0);
INSERT INTO "item_ingredients" VALUES('item_017_001','ing_0034',1);
INSERT INTO "item_ingredients" VALUES('item_017_001','ing_0004',0);
INSERT INTO "item_ingredients" VALUES('item_017_001','ing_0003',0);
INSERT INTO "item_ingredients" VALUES('item_017_002','ing_0034',1);
INSERT INTO "item_ingredients" VALUES('item_017_002','ing_0004',0);
INSERT INTO "item_ingredients" VALUES('item_017_002','ing_0003',0);
INSERT INTO "item_ingredients" VALUES('item_017_003','ing_0035',1);
INSERT INTO "item_ingredients" VALUES('item_017_003','ing_0004',0);
INSERT INTO "item_ingredients" VALUES('item_017_003','ing_0003',0);
INSERT INTO "item_ingredients" VALUES('item_017_004','ing_0034',1);
INSERT INTO "item_ingredients" VALUES('item_017_004','ing_0004',0);
INSERT INTO "item_ingredients" VALUES('item_017_004','ing_0003',0);
INSERT INTO "item_ingredients" VALUES('item_017_005','ing_0036',1);
INSERT INTO "item_ingredients" VALUES('item_017_005','ing_0004',0);
INSERT INTO "item_ingredients" VALUES('item_017_005','ing_0003',0);
INSERT INTO "item_ingredients" VALUES('item_017_006','ing_0008',1);
INSERT INTO "item_ingredients" VALUES('item_017_006','ing_0004',0);
INSERT INTO "item_ingredients" VALUES('item_017_006','ing_0003',0);
INSERT INTO "item_ingredients" VALUES('item_018_001','ing_0037',1);
INSERT INTO "item_ingredients" VALUES('item_018_001','ing_0002',0);
INSERT INTO "item_ingredients" VALUES('item_018_001','ing_0003',0);
INSERT INTO "item_ingredients" VALUES('item_018_001','ing_0004',0);
INSERT INTO "item_ingredients" VALUES('item_018_002','ing_0037',1);
INSERT INTO "item_ingredients" VALUES('item_018_002','ing_0007',0);
INSERT INTO "item_ingredients" VALUES('item_018_002','ing_0005',0);
INSERT INTO "item_ingredients" VALUES('item_018_003','ing_0037',1);
INSERT INTO "item_ingredients" VALUES('item_018_003','ing_0012',0);
INSERT INTO "item_ingredients" VALUES('item_018_003','ing_0030',0);
INSERT INTO "item_ingredients" VALUES('item_018_004','ing_0006',1);
INSERT INTO "item_ingredients" VALUES('item_018_004','ing_0003',0);
INSERT INTO "item_ingredients" VALUES('item_018_004','ing_0004',0);
INSERT INTO "item_ingredients" VALUES('item_018_005','ing_0025',1);
INSERT INTO "item_ingredients" VALUES('item_018_005','ing_0004',0);
INSERT INTO "item_ingredients" VALUES('item_018_005','ing_0003',0);
INSERT INTO "item_ingredients" VALUES('item_018_006','ing_0008',1);
INSERT INTO "item_ingredients" VALUES('item_018_006','ing_0004',0);
INSERT INTO "item_ingredients" VALUES('item_018_006','ing_0003',0);
INSERT INTO "item_ingredients" VALUES('item_019_001','ing_0001',1);
INSERT INTO "item_ingredients" VALUES('item_019_001','ing_0015',0);
INSERT INTO "item_ingredients" VALUES('item_019_001','ing_0003',0);
INSERT INTO "item_ingredients" VALUES('item_019_001','ing_0004',0);
INSERT INTO "item_ingredients" VALUES('item_019_002','ing_0001',1);
INSERT INTO "item_ingredients" VALUES('item_019_002','ing_0007',0);
INSERT INTO "item_ingredients" VALUES('item_019_002','ing_0005',0);
INSERT INTO "item_ingredients" VALUES('item_019_003','ing_0001',1);
INSERT INTO "item_ingredients" VALUES('item_019_003','ing_0012',0);
INSERT INTO "item_ingredients" VALUES('item_019_003','ing_0003',0);
INSERT INTO "item_ingredients" VALUES('item_019_003','ing_0004',0);
INSERT INTO "item_ingredients" VALUES('item_019_004','ing_0016',1);
INSERT INTO "item_ingredients" VALUES('item_019_004','ing_0003',0);
INSERT INTO "item_ingredients" VALUES('item_019_004','ing_0004',0);
INSERT INTO "item_ingredients" VALUES('item_019_005','ing_0015',1);
INSERT INTO "item_ingredients" VALUES('item_019_005','ing_0003',0);
INSERT INTO "item_ingredients" VALUES('item_019_005','ing_0004',0);
INSERT INTO "item_ingredients" VALUES('item_019_006','ing_0008',1);
INSERT INTO "item_ingredients" VALUES('item_019_006','ing_0004',0);
INSERT INTO "item_ingredients" VALUES('item_019_006','ing_0003',0);
INSERT INTO "item_ingredients" VALUES('item_020_001','ing_0006',1);
INSERT INTO "item_ingredients" VALUES('item_020_001','ing_0003',0);
INSERT INTO "item_ingredients" VALUES('item_020_001','ing_0004',0);
INSERT INTO "item_ingredients" VALUES('item_020_002','ing_0011',1);
INSERT INTO "item_ingredients" VALUES('item_020_002','ing_0003',0);
INSERT INTO "item_ingredients" VALUES('item_020_002','ing_0004',0);
INSERT INTO "item_ingredients" VALUES('item_020_003','ing_0007',1);
INSERT INTO "item_ingredients" VALUES('item_020_003','ing_0026',0);
INSERT INTO "item_ingredients" VALUES('item_020_003','ing_0003',0);
INSERT INTO "item_ingredients" VALUES('item_020_003','ing_0004',0);
INSERT INTO "item_ingredients" VALUES('item_020_004','ing_0006',1);
INSERT INTO "item_ingredients" VALUES('item_020_005','ing_0025',1);
INSERT INTO "item_ingredients" VALUES('item_020_005','ing_0004',0);
INSERT INTO "item_ingredients" VALUES('item_020_005','ing_0003',0);
INSERT INTO "item_ingredients" VALUES('item_020_006','ing_0016',1);
INSERT INTO "item_ingredients" VALUES('item_021_001','ing_0019',1);
INSERT INTO "item_ingredients" VALUES('item_021_001','ing_0026',0);
INSERT INTO "item_ingredients" VALUES('item_021_001','ing_0003',0);
INSERT INTO "item_ingredients" VALUES('item_021_001','ing_0004',0);
INSERT INTO "item_ingredients" VALUES('item_021_002','ing_0001',1);
INSERT INTO "item_ingredients" VALUES('item_021_002','ing_0012',0);
INSERT INTO "item_ingredients" VALUES('item_021_002','ing_0003',0);
INSERT INTO "item_ingredients" VALUES('item_021_002','ing_0004',0);
INSERT INTO "item_ingredients" VALUES('item_021_003','ing_0020',1);
INSERT INTO "item_ingredients" VALUES('item_021_003','ing_0003',0);
INSERT INTO "item_ingredients" VALUES('item_021_003','ing_0004',0);
INSERT INTO "item_ingredients" VALUES('item_021_004','ing_0015',1);
INSERT INTO "item_ingredients" VALUES('item_021_004','ing_0003',0);
INSERT INTO "item_ingredients" VALUES('item_021_004','ing_0004',0);
INSERT INTO "item_ingredients" VALUES('item_021_005','ing_0038',1);
INSERT INTO "item_ingredients" VALUES('item_021_005','ing_0003',0);
INSERT INTO "item_ingredients" VALUES('item_021_005','ing_0004',0);
INSERT INTO "item_ingredients" VALUES('item_021_006','ing_0008',1);
INSERT INTO "item_ingredients" VALUES('item_021_006','ing_0004',0);
INSERT INTO "item_ingredients" VALUES('item_021_006','ing_0003',0);
INSERT INTO "item_ingredients" VALUES('item_022_001','ing_0019',1);
INSERT INTO "item_ingredients" VALUES('item_022_001','ing_0010',0);
INSERT INTO "item_ingredients" VALUES('item_022_001','ing_0003',0);
INSERT INTO "item_ingredients" VALUES('item_022_001','ing_0004',0);
INSERT INTO "item_ingredients" VALUES('item_022_002','ing_0019',1);
INSERT INTO "item_ingredients" VALUES('item_022_002','ing_0012',0);
INSERT INTO "item_ingredients" VALUES('item_022_002','ing_0005',0);
INSERT INTO "item_ingredients" VALUES('item_022_003','ing_0019',1);
INSERT INTO "item_ingredients" VALUES('item_022_003','ing_0020',0);
INSERT INTO "item_ingredients" VALUES('item_022_003','ing_0003',0);
INSERT INTO "item_ingredients" VALUES('item_022_003','ing_0004',0);
INSERT INTO "item_ingredients" VALUES('item_022_004','ing_0019',1);
INSERT INTO "item_ingredients" VALUES('item_022_004','ing_0013',0);
INSERT INTO "item_ingredients" VALUES('item_022_004','ing_0003',0);
INSERT INTO "item_ingredients" VALUES('item_022_004','ing_0004',0);
INSERT INTO "item_ingredients" VALUES('item_022_005','ing_0025',1);
INSERT INTO "item_ingredients" VALUES('item_022_005','ing_0004',0);
INSERT INTO "item_ingredients" VALUES('item_022_005','ing_0003',0);
INSERT INTO "item_ingredients" VALUES('item_022_006','ing_0008',1);
INSERT INTO "item_ingredients" VALUES('item_022_006','ing_0004',0);
INSERT INTO "item_ingredients" VALUES('item_022_006','ing_0003',0);
INSERT INTO "item_ingredients" VALUES('item_023_001','ing_0038',1);
INSERT INTO "item_ingredients" VALUES('item_023_001','ing_0012',0);
INSERT INTO "item_ingredients" VALUES('item_023_001','ing_0003',0);
INSERT INTO "item_ingredients" VALUES('item_023_001','ing_0004',0);
INSERT INTO "item_ingredients" VALUES('item_023_002','ing_0038',1);
INSERT INTO "item_ingredients" VALUES('item_023_002','ing_0003',0);
INSERT INTO "item_ingredients" VALUES('item_023_002','ing_0004',0);
INSERT INTO "item_ingredients" VALUES('item_023_003','ing_0038',1);
INSERT INTO "item_ingredients" VALUES('item_023_003','ing_0003',0);
INSERT INTO "item_ingredients" VALUES('item_023_003','ing_0004',0);
INSERT INTO "item_ingredients" VALUES('item_023_004','ing_0038',1);
INSERT INTO "item_ingredients" VALUES('item_023_004','ing_0030',0);
INSERT INTO "item_ingredients" VALUES('item_023_004','ing_0031',0);
INSERT INTO "item_ingredients" VALUES('item_023_005','ing_0025',1);
INSERT INTO "item_ingredients" VALUES('item_023_005','ing_0004',0);
INSERT INTO "item_ingredients" VALUES('item_023_005','ing_0003',0);
INSERT INTO "item_ingredients" VALUES('item_023_006','ing_0008',1);
INSERT INTO "item_ingredients" VALUES('item_023_006','ing_0004',0);
INSERT INTO "item_ingredients" VALUES('item_023_006','ing_0003',0);
INSERT INTO "item_ingredients" VALUES('item_024_001','ing_0009',1);
INSERT INTO "item_ingredients" VALUES('item_024_001','ing_0006',0);
INSERT INTO "item_ingredients" VALUES('item_024_001','ing_0003',0);
INSERT INTO "item_ingredients" VALUES('item_024_001','ing_0004',0);
INSERT INTO "item_ingredients" VALUES('item_024_002','ing_0009',1);
INSERT INTO "item_ingredients" VALUES('item_024_002','ing_0003',0);
INSERT INTO "item_ingredients" VALUES('item_024_002','ing_0004',0);
INSERT INTO "item_ingredients" VALUES('item_024_003','ing_0009',1);
INSERT INTO "item_ingredients" VALUES('item_024_003','ing_0003',0);
INSERT INTO "item_ingredients" VALUES('item_024_003','ing_0004',0);
INSERT INTO "item_ingredients" VALUES('item_024_004','ing_0032',1);
INSERT INTO "item_ingredients" VALUES('item_024_005','ing_0016',1);
INSERT INTO "item_ingredients" VALUES('item_024_006','ing_0008',1);
INSERT INTO "item_ingredients" VALUES('item_024_006','ing_0004',0);
INSERT INTO "item_ingredients" VALUES('item_024_006','ing_0003',0);
INSERT INTO "item_ingredients" VALUES('item_025_001','ing_0039',1);
INSERT INTO "item_ingredients" VALUES('item_025_001','ing_0004',0);
INSERT INTO "item_ingredients" VALUES('item_025_001','ing_0003',0);
INSERT INTO "item_ingredients" VALUES('item_025_002','ing_0039',1);
INSERT INTO "item_ingredients" VALUES('item_025_002','ing_0004',0);
INSERT INTO "item_ingredients" VALUES('item_025_002','ing_0003',0);
INSERT INTO "item_ingredients" VALUES('item_025_003','ing_0031',1);
INSERT INTO "item_ingredients" VALUES('item_025_003','ing_0003',0);
INSERT INTO "item_ingredients" VALUES('item_025_003','ing_0004',0);
INSERT INTO "item_ingredients" VALUES('item_025_004','ing_0010',1);
INSERT INTO "item_ingredients" VALUES('item_025_004','ing_0003',0);
INSERT INTO "item_ingredients" VALUES('item_025_004','ing_0004',0);
INSERT INTO "item_ingredients" VALUES('item_025_005','ing_0021',1);
INSERT INTO "item_ingredients" VALUES('item_025_005','ing_0004',0);
INSERT INTO "item_ingredients" VALUES('item_025_005','ing_0003',0);
INSERT INTO "item_ingredients" VALUES('item_025_006','ing_0008',1);
INSERT INTO "item_ingredients" VALUES('item_025_006','ing_0004',0);
INSERT INTO "item_ingredients" VALUES('item_025_006','ing_0003',0);
INSERT INTO "item_ingredients" VALUES('item_026_001','ing_0001',1);
INSERT INTO "item_ingredients" VALUES('item_026_001','ing_0012',0);
INSERT INTO "item_ingredients" VALUES('item_026_001','ing_0003',0);
INSERT INTO "item_ingredients" VALUES('item_026_001','ing_0004',0);
INSERT INTO "item_ingredients" VALUES('item_026_002','ing_0001',1);
INSERT INTO "item_ingredients" VALUES('item_026_002','ing_0010',0);
INSERT INTO "item_ingredients" VALUES('item_026_002','ing_0003',0);
INSERT INTO "item_ingredients" VALUES('item_026_002','ing_0004',0);
INSERT INTO "item_ingredients" VALUES('item_026_003','ing_0001',1);
INSERT INTO "item_ingredients" VALUES('item_026_003','ing_0015',0);
INSERT INTO "item_ingredients" VALUES('item_026_003','ing_0003',0);
INSERT INTO "item_ingredients" VALUES('item_026_003','ing_0004',0);
INSERT INTO "item_ingredients" VALUES('item_026_004','ing_0001',1);
INSERT INTO "item_ingredients" VALUES('item_026_004','ing_0002',0);
INSERT INTO "item_ingredients" VALUES('item_026_004','ing_0003',0);
INSERT INTO "item_ingredients" VALUES('item_026_004','ing_0004',0);
INSERT INTO "item_ingredients" VALUES('item_026_005','ing_0001',1);
INSERT INTO "item_ingredients" VALUES('item_026_005','ing_0003',0);
INSERT INTO "item_ingredients" VALUES('item_026_005','ing_0004',0);
INSERT INTO "item_ingredients" VALUES('item_026_006','ing_0029',1);
INSERT INTO "item_ingredients" VALUES('item_026_006','ing_0004',0);
INSERT INTO "item_ingredients" VALUES('item_026_006','ing_0003',0);
INSERT INTO "item_ingredients" VALUES('item_027_001','ing_0040',1);
INSERT INTO "item_ingredients" VALUES('item_027_001','ing_0004',0);
INSERT INTO "item_ingredients" VALUES('item_027_001','ing_0003',0);
INSERT INTO "item_ingredients" VALUES('item_027_002','ing_0020',1);
INSERT INTO "item_ingredients" VALUES('item_027_002','ing_0003',0);
INSERT INTO "item_ingredients" VALUES('item_027_002','ing_0004',0);
INSERT INTO "item_ingredients" VALUES('item_027_003','ing_0020',1);
INSERT INTO "item_ingredients" VALUES('item_027_003','ing_0003',0);
INSERT INTO "item_ingredients" VALUES('item_027_003','ing_0004',0);
INSERT INTO "item_ingredients" VALUES('item_027_004','ing_0020',1);
INSERT INTO "item_ingredients" VALUES('item_027_004','ing_0003',0);
INSERT INTO "item_ingredients" VALUES('item_027_004','ing_0004',0);
INSERT INTO "item_ingredients" VALUES('item_027_005','ing_0019',1);
INSERT INTO "item_ingredients" VALUES('item_027_005','ing_0022',0);
INSERT INTO "item_ingredients" VALUES('item_027_006','ing_0008',1);
INSERT INTO "item_ingredients" VALUES('item_027_006','ing_0004',0);
INSERT INTO "item_ingredients" VALUES('item_027_006','ing_0003',0);
INSERT INTO "item_ingredients" VALUES('item_028_001','ing_0005',1);
INSERT INTO "item_ingredients" VALUES('item_028_001','ing_0013',0);
INSERT INTO "item_ingredients" VALUES('item_028_001','ing_0003',0);
INSERT INTO "item_ingredients" VALUES('item_028_001','ing_0004',0);
INSERT INTO "item_ingredients" VALUES('item_028_002','ing_0012',1);
INSERT INTO "item_ingredients" VALUES('item_028_002','ing_0003',0);
INSERT INTO "item_ingredients" VALUES('item_028_002','ing_0004',0);
INSERT INTO "item_ingredients" VALUES('item_028_003','ing_0041',1);
INSERT INTO "item_ingredients" VALUES('item_028_003','ing_0004',0);
INSERT INTO "item_ingredients" VALUES('item_028_003','ing_0003',0);
INSERT INTO "item_ingredients" VALUES('item_028_004','ing_0042',1);
INSERT INTO "item_ingredients" VALUES('item_028_004','ing_0004',0);
INSERT INTO "item_ingredients" VALUES('item_028_004','ing_0003',0);
INSERT INTO "item_ingredients" VALUES('item_028_005','ing_0042',1);
INSERT INTO "item_ingredients" VALUES('item_028_005','ing_0004',0);
INSERT INTO "item_ingredients" VALUES('item_028_005','ing_0003',0);
INSERT INTO "item_ingredients" VALUES('item_028_006','ing_0042',1);
INSERT INTO "item_ingredients" VALUES('item_028_006','ing_0004',0);
INSERT INTO "item_ingredients" VALUES('item_028_006','ing_0003',0);
INSERT INTO "item_ingredients" VALUES('item_029_001','ing_0019',1);
INSERT INTO "item_ingredients" VALUES('item_029_001','ing_0012',0);
INSERT INTO "item_ingredients" VALUES('item_029_001','ing_0003',0);
INSERT INTO "item_ingredients" VALUES('item_029_001','ing_0004',0);
INSERT INTO "item_ingredients" VALUES('item_029_002','ing_0019',1);
INSERT INTO "item_ingredients" VALUES('item_029_002','ing_0007',0);
INSERT INTO "item_ingredients" VALUES('item_029_002','ing_0026',0);
INSERT INTO "item_ingredients" VALUES('item_029_003','ing_0019',1);
INSERT INTO "item_ingredients" VALUES('item_029_003','ing_0010',0);
INSERT INTO "item_ingredients" VALUES('item_029_003','ing_0003',0);
INSERT INTO "item_ingredients" VALUES('item_029_003','ing_0004',0);
INSERT INTO "item_ingredients" VALUES('item_029_004','ing_0025',1);
INSERT INTO "item_ingredients" VALUES('item_029_004','ing_0004',0);
INSERT INTO "item_ingredients" VALUES('item_029_004','ing_0003',0);
INSERT INTO "item_ingredients" VALUES('item_029_005','ing_0043',1);
INSERT INTO "item_ingredients" VALUES('item_029_005','ing_0004',0);
INSERT INTO "item_ingredients" VALUES('item_029_005','ing_0003',0);
INSERT INTO "item_ingredients" VALUES('item_029_006','ing_0008',1);
INSERT INTO "item_ingredients" VALUES('item_029_006','ing_0004',0);
INSERT INTO "item_ingredients" VALUES('item_029_006','ing_0003',0);
INSERT INTO "item_ingredients" VALUES('item_030_001','ing_0010',1);
INSERT INTO "item_ingredients" VALUES('item_030_001','ing_0003',0);
INSERT INTO "item_ingredients" VALUES('item_030_001','ing_0004',0);
INSERT INTO "item_ingredients" VALUES('item_030_002','ing_0012',1);
INSERT INTO "item_ingredients" VALUES('item_030_002','ing_0013',0);
INSERT INTO "item_ingredients" VALUES('item_030_002','ing_0003',0);
INSERT INTO "item_ingredients" VALUES('item_030_002','ing_0004',0);
INSERT INTO "item_ingredients" VALUES('item_030_003','ing_0010',1);
INSERT INTO "item_ingredients" VALUES('item_030_003','ing_0003',0);
INSERT INTO "item_ingredients" VALUES('item_030_003','ing_0004',0);
INSERT INTO "item_ingredients" VALUES('item_030_004','ing_0013',1);
INSERT INTO "item_ingredients" VALUES('item_030_004','ing_0003',0);
INSERT INTO "item_ingredients" VALUES('item_030_004','ing_0004',0);
INSERT INTO "item_ingredients" VALUES('item_030_005','ing_0021',1);
INSERT INTO "item_ingredients" VALUES('item_030_005','ing_0004',0);
INSERT INTO "item_ingredients" VALUES('item_030_005','ing_0003',0);
INSERT INTO "item_ingredients" VALUES('item_030_006','ing_0008',1);
INSERT INTO "item_ingredients" VALUES('item_030_006','ing_0004',0);
INSERT INTO "item_ingredients" VALUES('item_030_006','ing_0003',0);
INSERT INTO "item_ingredients" VALUES('item_031_001','ing_0001',1);
INSERT INTO "item_ingredients" VALUES('item_031_001','ing_0007',0);
INSERT INTO "item_ingredients" VALUES('item_031_001','ing_0005',0);
INSERT INTO "item_ingredients" VALUES('item_031_002','ing_0001',1);
INSERT INTO "item_ingredients" VALUES('item_031_002','ing_0015',0);
INSERT INTO "item_ingredients" VALUES('item_031_002','ing_0003',0);
INSERT INTO "item_ingredients" VALUES('item_031_002','ing_0004',0);
INSERT INTO "item_ingredients" VALUES('item_031_003','ing_0001',1);
INSERT INTO "item_ingredients" VALUES('item_031_003','ing_0012',0);
INSERT INTO "item_ingredients" VALUES('item_031_003','ing_0003',0);
INSERT INTO "item_ingredients" VALUES('item_031_003','ing_0004',0);
INSERT INTO "item_ingredients" VALUES('item_031_004','ing_0032',1);
INSERT INTO "item_ingredients" VALUES('item_031_004','ing_0003',0);
INSERT INTO "item_ingredients" VALUES('item_031_004','ing_0004',0);
INSERT INTO "item_ingredients" VALUES('item_031_005','ing_0007',1);
INSERT INTO "item_ingredients" VALUES('item_031_005','ing_0003',0);
INSERT INTO "item_ingredients" VALUES('item_031_005','ing_0004',0);
INSERT INTO "item_ingredients" VALUES('item_031_006','ing_0008',1);
INSERT INTO "item_ingredients" VALUES('item_031_006','ing_0004',0);
INSERT INTO "item_ingredients" VALUES('item_031_006','ing_0003',0);
INSERT INTO "item_ingredients" VALUES('item_032_001','ing_0044',1);
INSERT INTO "item_ingredients" VALUES('item_032_001','ing_0003',0);
INSERT INTO "item_ingredients" VALUES('item_032_001','ing_0004',0);
INSERT INTO "item_ingredients" VALUES('item_032_002','ing_0044',1);
INSERT INTO "item_ingredients" VALUES('item_032_002','ing_0003',0);
INSERT INTO "item_ingredients" VALUES('item_032_002','ing_0004',0);
INSERT INTO "item_ingredients" VALUES('item_032_003','ing_0044',1);
INSERT INTO "item_ingredients" VALUES('item_032_003','ing_0012',0);
INSERT INTO "item_ingredients" VALUES('item_032_003','ing_0003',0);
INSERT INTO "item_ingredients" VALUES('item_032_003','ing_0004',0);
INSERT INTO "item_ingredients" VALUES('item_032_004','ing_0021',1);
INSERT INTO "item_ingredients" VALUES('item_032_004','ing_0004',0);
INSERT INTO "item_ingredients" VALUES('item_032_004','ing_0003',0);
INSERT INTO "item_ingredients" VALUES('item_032_005','ing_0005',1);
INSERT INTO "item_ingredients" VALUES('item_032_006','ing_0008',1);
INSERT INTO "item_ingredients" VALUES('item_032_006','ing_0004',0);
INSERT INTO "item_ingredients" VALUES('item_032_006','ing_0003',0);
INSERT INTO "item_ingredients" VALUES('item_033_001','ing_0009',1);
INSERT INTO "item_ingredients" VALUES('item_033_001','ing_0003',0);
INSERT INTO "item_ingredients" VALUES('item_033_001','ing_0004',0);
INSERT INTO "item_ingredients" VALUES('item_033_002','ing_0009',1);
INSERT INTO "item_ingredients" VALUES('item_033_002','ing_0006',0);
INSERT INTO "item_ingredients" VALUES('item_033_002','ing_0003',0);
INSERT INTO "item_ingredients" VALUES('item_033_002','ing_0004',0);
INSERT INTO "item_ingredients" VALUES('item_033_003','ing_0009',1);
INSERT INTO "item_ingredients" VALUES('item_033_003','ing_0007',0);
INSERT INTO "item_ingredients" VALUES('item_033_003','ing_0003',0);
INSERT INTO "item_ingredients" VALUES('item_033_003','ing_0004',0);
INSERT INTO "item_ingredients" VALUES('item_033_004','ing_0006',1);
INSERT INTO "item_ingredients" VALUES('item_033_005','ing_0016',1);
INSERT INTO "item_ingredients" VALUES('item_033_006','ing_0008',1);
INSERT INTO "item_ingredients" VALUES('item_033_006','ing_0004',0);
INSERT INTO "item_ingredients" VALUES('item_033_006','ing_0003',0);
INSERT INTO "item_ingredients" VALUES('item_034_001','ing_0001',1);
INSERT INTO "item_ingredients" VALUES('item_034_001','ing_0010',0);
INSERT INTO "item_ingredients" VALUES('item_034_001','ing_0005',0);
INSERT INTO "item_ingredients" VALUES('item_034_002','ing_0001',1);
INSERT INTO "item_ingredients" VALUES('item_034_002','ing_0012',0);
INSERT INTO "item_ingredients" VALUES('item_034_002','ing_0003',0);
INSERT INTO "item_ingredients" VALUES('item_034_002','ing_0004',0);
INSERT INTO "item_ingredients" VALUES('item_034_003','ing_0001',1);
INSERT INTO "item_ingredients" VALUES('item_034_003','ing_0030',0);
INSERT INTO "item_ingredients" VALUES('item_034_003','ing_0031',0);
INSERT INTO "item_ingredients" VALUES('item_034_004','ing_0029',1);
INSERT INTO "item_ingredients" VALUES('item_034_004','ing_0004',0);
INSERT INTO "item_ingredients" VALUES('item_034_004','ing_0003',0);
INSERT INTO "item_ingredients" VALUES('item_034_005','ing_0025',1);
INSERT INTO "item_ingredients" VALUES('item_034_005','ing_0004',0);
INSERT INTO "item_ingredients" VALUES('item_034_005','ing_0003',0);
INSERT INTO "item_ingredients" VALUES('item_034_006','ing_0008',1);
INSERT INTO "item_ingredients" VALUES('item_034_006','ing_0004',0);
INSERT INTO "item_ingredients" VALUES('item_034_006','ing_0003',0);
INSERT INTO "item_ingredients" VALUES('item_035_001','ing_0012',1);
INSERT INTO "item_ingredients" VALUES('item_035_001','ing_0018',0);
INSERT INTO "item_ingredients" VALUES('item_035_001','ing_0003',0);
INSERT INTO "item_ingredients" VALUES('item_035_001','ing_0004',0);
INSERT INTO "item_ingredients" VALUES('item_035_002','ing_0045',1);
INSERT INTO "item_ingredients" VALUES('item_035_002','ing_0004',0);
INSERT INTO "item_ingredients" VALUES('item_035_002','ing_0003',0);
INSERT INTO "item_ingredients" VALUES('item_035_003','ing_0012',1);
INSERT INTO "item_ingredients" VALUES('item_035_003','ing_0031',0);
INSERT INTO "item_ingredients" VALUES('item_035_003','ing_0017',0);
INSERT INTO "item_ingredients" VALUES('item_035_004','ing_0001',1);
INSERT INTO "item_ingredients" VALUES('item_035_005','ing_0025',1);
INSERT INTO "item_ingredients" VALUES('item_035_005','ing_0004',0);
INSERT INTO "item_ingredients" VALUES('item_035_005','ing_0003',0);
INSERT INTO "item_ingredients" VALUES('item_035_006','ing_0008',1);
INSERT INTO "item_ingredients" VALUES('item_035_006','ing_0004',0);
INSERT INTO "item_ingredients" VALUES('item_035_006','ing_0003',0);
INSERT INTO "item_ingredients" VALUES('item_036_001','ing_0012',1);
INSERT INTO "item_ingredients" VALUES('item_036_001','ing_0003',0);
INSERT INTO "item_ingredients" VALUES('item_036_001','ing_0004',0);
INSERT INTO "item_ingredients" VALUES('item_036_002','ing_0015',1);
INSERT INTO "item_ingredients" VALUES('item_036_002','ing_0003',0);
INSERT INTO "item_ingredients" VALUES('item_036_002','ing_0004',0);
INSERT INTO "item_ingredients" VALUES('item_036_003','ing_0012',1);
INSERT INTO "item_ingredients" VALUES('item_036_003','ing_0003',0);
INSERT INTO "item_ingredients" VALUES('item_036_003','ing_0004',0);
INSERT INTO "item_ingredients" VALUES('item_036_004','ing_0046',1);
INSERT INTO "item_ingredients" VALUES('item_036_004','ing_0004',0);
INSERT INTO "item_ingredients" VALUES('item_036_004','ing_0003',0);
INSERT INTO "item_ingredients" VALUES('item_036_005','ing_0008',1);
INSERT INTO "item_ingredients" VALUES('item_036_005','ing_0004',0);
INSERT INTO "item_ingredients" VALUES('item_036_005','ing_0003',0);
INSERT INTO "item_ingredients" VALUES('item_036_006','ing_0041',1);
INSERT INTO "item_ingredients" VALUES('item_036_006','ing_0004',0);
INSERT INTO "item_ingredients" VALUES('item_036_006','ing_0003',0);
INSERT INTO "item_ingredients" VALUES('item_037_001','ing_0010',1);
INSERT INTO "item_ingredients" VALUES('item_037_001','ing_0005',0);
INSERT INTO "item_ingredients" VALUES('item_037_001','ing_0023',0);
INSERT INTO "item_ingredients" VALUES('item_037_002','ing_0010',1);
INSERT INTO "item_ingredients" VALUES('item_037_002','ing_0013',0);
INSERT INTO "item_ingredients" VALUES('item_037_002','ing_0003',0);
INSERT INTO "item_ingredients" VALUES('item_037_002','ing_0004',0);
INSERT INTO "item_ingredients" VALUES('item_037_003','ing_0019',1);
INSERT INTO "item_ingredients" VALUES('item_037_003','ing_0022',0);
INSERT INTO "item_ingredients" VALUES('item_037_004','ing_0010',1);
INSERT INTO "item_ingredients" VALUES('item_037_005','ing_0047',1);
INSERT INTO "item_ingredients" VALUES('item_037_005','ing_0004',0);
INSERT INTO "item_ingredients" VALUES('item_037_005','ing_0003',0);
INSERT INTO "item_ingredients" VALUES('item_037_006','ing_0008',1);
INSERT INTO "item_ingredients" VALUES('item_037_006','ing_0004',0);
INSERT INTO "item_ingredients" VALUES('item_037_006','ing_0003',0);
INSERT INTO "item_ingredients" VALUES('item_038_001','ing_0007',1);
INSERT INTO "item_ingredients" VALUES('item_038_001','ing_0026',0);
INSERT INTO "item_ingredients" VALUES('item_038_001','ing_0003',0);
INSERT INTO "item_ingredients" VALUES('item_038_001','ing_0004',0);
INSERT INTO "item_ingredients" VALUES('item_038_002','ing_0031',1);
INSERT INTO "item_ingredients" VALUES('item_038_002','ing_0003',0);
INSERT INTO "item_ingredients" VALUES('item_038_002','ing_0004',0);
INSERT INTO "item_ingredients" VALUES('item_038_003','ing_0014',1);
INSERT INTO "item_ingredients" VALUES('item_038_003','ing_0015',0);
INSERT INTO "item_ingredients" VALUES('item_038_003','ing_0018',0);
INSERT INTO "item_ingredients" VALUES('item_038_004','ing_0010',1);
INSERT INTO "item_ingredients" VALUES('item_038_004','ing_0003',0);
INSERT INTO "item_ingredients" VALUES('item_038_004','ing_0004',0);
INSERT INTO "item_ingredients" VALUES('item_038_005','ing_0025',1);
INSERT INTO "item_ingredients" VALUES('item_038_005','ing_0004',0);
INSERT INTO "item_ingredients" VALUES('item_038_005','ing_0003',0);
INSERT INTO "item_ingredients" VALUES('item_038_006','ing_0008',1);
INSERT INTO "item_ingredients" VALUES('item_038_006','ing_0004',0);
INSERT INTO "item_ingredients" VALUES('item_038_006','ing_0003',0);
INSERT INTO "item_ingredients" VALUES('item_039_001','ing_0048',1);
INSERT INTO "item_ingredients" VALUES('item_039_001','ing_0004',0);
INSERT INTO "item_ingredients" VALUES('item_039_001','ing_0003',0);
INSERT INTO "item_ingredients" VALUES('item_039_002','ing_0048',1);
INSERT INTO "item_ingredients" VALUES('item_039_002','ing_0004',0);
INSERT INTO "item_ingredients" VALUES('item_039_002','ing_0003',0);
INSERT INTO "item_ingredients" VALUES('item_039_003','ing_0049',1);
INSERT INTO "item_ingredients" VALUES('item_039_003','ing_0003',0);
INSERT INTO "item_ingredients" VALUES('item_039_003','ing_0004',0);
INSERT INTO "item_ingredients" VALUES('item_039_004','ing_0046',1);
INSERT INTO "item_ingredients" VALUES('item_039_004','ing_0004',0);
INSERT INTO "item_ingredients" VALUES('item_039_004','ing_0003',0);
INSERT INTO "item_ingredients" VALUES('item_039_005','ing_0025',1);
INSERT INTO "item_ingredients" VALUES('item_039_005','ing_0004',0);
INSERT INTO "item_ingredients" VALUES('item_039_005','ing_0003',0);
INSERT INTO "item_ingredients" VALUES('item_039_006','ing_0008',1);
INSERT INTO "item_ingredients" VALUES('item_039_006','ing_0004',0);
INSERT INTO "item_ingredients" VALUES('item_039_006','ing_0003',0);
INSERT INTO "item_ingredients" VALUES('item_040_001','ing_0007',1);
INSERT INTO "item_ingredients" VALUES('item_040_001','ing_0026',0);
INSERT INTO "item_ingredients" VALUES('item_040_001','ing_0003',0);
INSERT INTO "item_ingredients" VALUES('item_040_001','ing_0004',0);
INSERT INTO "item_ingredients" VALUES('item_040_002','ing_0030',1);
INSERT INTO "item_ingredients" VALUES('item_040_002','ing_0031',0);
INSERT INTO "item_ingredients" VALUES('item_040_002','ing_0003',0);
INSERT INTO "item_ingredients" VALUES('item_040_002','ing_0004',0);
INSERT INTO "item_ingredients" VALUES('item_040_003','ing_0050',1);
INSERT INTO "item_ingredients" VALUES('item_040_003','ing_0004',0);
INSERT INTO "item_ingredients" VALUES('item_040_003','ing_0003',0);
INSERT INTO "item_ingredients" VALUES('item_040_004','ing_0016',1);
INSERT INTO "item_ingredients" VALUES('item_040_005','ing_0025',1);
INSERT INTO "item_ingredients" VALUES('item_040_005','ing_0004',0);
INSERT INTO "item_ingredients" VALUES('item_040_005','ing_0003',0);
INSERT INTO "item_ingredients" VALUES('item_040_006','ing_0008',1);
INSERT INTO "item_ingredients" VALUES('item_040_006','ing_0004',0);
INSERT INTO "item_ingredients" VALUES('item_040_006','ing_0003',0);
INSERT INTO "item_ingredients" VALUES('item_041_001','ing_0051',1);
INSERT INTO "item_ingredients" VALUES('item_041_001','ing_0004',0);
INSERT INTO "item_ingredients" VALUES('item_041_001','ing_0003',0);
INSERT INTO "item_ingredients" VALUES('item_041_002','ing_0051',1);
INSERT INTO "item_ingredients" VALUES('item_041_002','ing_0004',0);
INSERT INTO "item_ingredients" VALUES('item_041_002','ing_0003',0);
INSERT INTO "item_ingredients" VALUES('item_041_003','ing_0012',1);
INSERT INTO "item_ingredients" VALUES('item_041_003','ing_0003',0);
INSERT INTO "item_ingredients" VALUES('item_041_003','ing_0004',0);
INSERT INTO "item_ingredients" VALUES('item_041_004','ing_0046',1);
INSERT INTO "item_ingredients" VALUES('item_041_004','ing_0004',0);
INSERT INTO "item_ingredients" VALUES('item_041_004','ing_0003',0);
INSERT INTO "item_ingredients" VALUES('item_041_005','ing_0041',1);
INSERT INTO "item_ingredients" VALUES('item_041_005','ing_0004',0);
INSERT INTO "item_ingredients" VALUES('item_041_005','ing_0003',0);
INSERT INTO "item_ingredients" VALUES('item_041_006','ing_0042',1);
INSERT INTO "item_ingredients" VALUES('item_041_006','ing_0004',0);
INSERT INTO "item_ingredients" VALUES('item_041_006','ing_0003',0);
INSERT INTO "item_ingredients" VALUES('item_042_001','ing_0001',1);
INSERT INTO "item_ingredients" VALUES('item_042_001','ing_0010',0);
INSERT INTO "item_ingredients" VALUES('item_042_001','ing_0003',0);
INSERT INTO "item_ingredients" VALUES('item_042_001','ing_0004',0);
INSERT INTO "item_ingredients" VALUES('item_042_002','ing_0002',1);
INSERT INTO "item_ingredients" VALUES('item_042_002','ing_0003',0);
INSERT INTO "item_ingredients" VALUES('item_042_002','ing_0004',0);
INSERT INTO "item_ingredients" VALUES('item_042_003','ing_0012',1);
INSERT INTO "item_ingredients" VALUES('item_042_003','ing_0003',0);
INSERT INTO "item_ingredients" VALUES('item_042_003','ing_0004',0);
INSERT INTO "item_ingredients" VALUES('item_042_004','ing_0028',1);
INSERT INTO "item_ingredients" VALUES('item_042_004','ing_0004',0);
INSERT INTO "item_ingredients" VALUES('item_042_004','ing_0003',0);
INSERT INTO "item_ingredients" VALUES('item_042_005','ing_0047',1);
INSERT INTO "item_ingredients" VALUES('item_042_005','ing_0004',0);
INSERT INTO "item_ingredients" VALUES('item_042_005','ing_0003',0);
INSERT INTO "item_ingredients" VALUES('item_042_006','ing_0008',1);
INSERT INTO "item_ingredients" VALUES('item_042_006','ing_0004',0);
INSERT INTO "item_ingredients" VALUES('item_042_006','ing_0003',0);
INSERT INTO "item_ingredients" VALUES('item_043_001','ing_0041',1);
INSERT INTO "item_ingredients" VALUES('item_043_001','ing_0004',0);
INSERT INTO "item_ingredients" VALUES('item_043_001','ing_0003',0);
INSERT INTO "item_ingredients" VALUES('item_043_002','ing_0041',1);
INSERT INTO "item_ingredients" VALUES('item_043_002','ing_0004',0);
INSERT INTO "item_ingredients" VALUES('item_043_002','ing_0003',0);
INSERT INTO "item_ingredients" VALUES('item_043_003','ing_0018',1);
INSERT INTO "item_ingredients" VALUES('item_043_003','ing_0003',0);
INSERT INTO "item_ingredients" VALUES('item_043_003','ing_0004',0);
INSERT INTO "item_ingredients" VALUES('item_043_004','ing_0041',1);
INSERT INTO "item_ingredients" VALUES('item_043_004','ing_0004',0);
INSERT INTO "item_ingredients" VALUES('item_043_004','ing_0003',0);
INSERT INTO "item_ingredients" VALUES('item_043_005','ing_0052',1);
INSERT INTO "item_ingredients" VALUES('item_043_005','ing_0004',0);
INSERT INTO "item_ingredients" VALUES('item_043_005','ing_0003',0);
INSERT INTO "item_ingredients" VALUES('item_043_006','ing_0008',1);
INSERT INTO "item_ingredients" VALUES('item_043_006','ing_0004',0);
INSERT INTO "item_ingredients" VALUES('item_043_006','ing_0003',0);
INSERT INTO "item_ingredients" VALUES('item_044_001','ing_0009',1);
INSERT INTO "item_ingredients" VALUES('item_044_001','ing_0015',0);
INSERT INTO "item_ingredients" VALUES('item_044_001','ing_0003',0);
INSERT INTO "item_ingredients" VALUES('item_044_001','ing_0004',0);
INSERT INTO "item_ingredients" VALUES('item_044_002','ing_0009',1);
INSERT INTO "item_ingredients" VALUES('item_044_002','ing_0015',0);
INSERT INTO "item_ingredients" VALUES('item_044_002','ing_0003',0);
INSERT INTO "item_ingredients" VALUES('item_044_002','ing_0004',0);
INSERT INTO "item_ingredients" VALUES('item_044_003','ing_0009',1);
INSERT INTO "item_ingredients" VALUES('item_044_003','ing_0015',0);
INSERT INTO "item_ingredients" VALUES('item_044_003','ing_0003',0);
INSERT INTO "item_ingredients" VALUES('item_044_003','ing_0004',0);
INSERT INTO "item_ingredients" VALUES('item_044_004','ing_0015',1);
INSERT INTO "item_ingredients" VALUES('item_044_005','ing_0016',1);
INSERT INTO "item_ingredients" VALUES('item_044_006','ing_0008',1);
INSERT INTO "item_ingredients" VALUES('item_044_006','ing_0004',0);
INSERT INTO "item_ingredients" VALUES('item_044_006','ing_0003',0);
CREATE TABLE item_options (
  id TEXT PRIMARY KEY,
  item_id TEXT NOT NULL,
  option_group TEXT NOT NULL,
  option_name TEXT NOT NULL,
  price_delta INTEGER NOT NULL DEFAULT 0,
  is_default INTEGER NOT NULL DEFAULT 0,
  display_order INTEGER NOT NULL DEFAULT 0,
  FOREIGN KEY (item_id) REFERENCES menu_items(id) ON DELETE CASCADE
);
INSERT INTO "item_options" VALUES('opt_001_001_01','item_001_001','Khẩu phần','thường',0,1,1);
INSERT INTO "item_options" VALUES('opt_001_001_02','item_001_001','Khẩu phần','thêm topping',15000,0,2);
INSERT INTO "item_options" VALUES('opt_001_002_01','item_001_002','Khẩu phần','thường',0,1,1);
INSERT INTO "item_options" VALUES('opt_001_002_02','item_001_002','Khẩu phần','thêm topping',15000,0,2);
INSERT INTO "item_options" VALUES('opt_001_003_01','item_001_003','Mức cay','ít cay',0,0,1);
INSERT INTO "item_options" VALUES('opt_001_003_02','item_001_003','Mức cay','vừa',0,1,2);
INSERT INTO "item_options" VALUES('opt_001_003_03','item_001_003','Mức cay','cay nhiều',5000,0,3);
INSERT INTO "item_options" VALUES('opt_001_004_01','item_001_004','Khẩu phần','thường',0,1,1);
INSERT INTO "item_options" VALUES('opt_001_004_02','item_001_004','Khẩu phần','thêm topping',15000,0,2);
INSERT INTO "item_options" VALUES('opt_001_005_01','item_001_005','Khẩu phần','thường',0,1,1);
INSERT INTO "item_options" VALUES('opt_001_005_02','item_001_005','Khẩu phần','thêm topping',15000,0,2);
INSERT INTO "item_options" VALUES('opt_001_006_01','item_001_006','Đường','0%',0,0,1);
INSERT INTO "item_options" VALUES('opt_001_006_02','item_001_006','Đường','50%',0,1,2);
INSERT INTO "item_options" VALUES('opt_001_006_03','item_001_006','Đường','100%',0,0,3);
INSERT INTO "item_options" VALUES('opt_001_006_04','item_001_006','Đá','ít đá',0,0,4);
INSERT INTO "item_options" VALUES('opt_001_006_05','item_001_006','Đá','bình thường',0,1,5);
INSERT INTO "item_options" VALUES('opt_002_001_01','item_002_001','Mức cay','ít cay',0,0,1);
INSERT INTO "item_options" VALUES('opt_002_001_02','item_002_001','Mức cay','vừa',0,1,2);
INSERT INTO "item_options" VALUES('opt_002_001_03','item_002_001','Mức cay','cay nhiều',5000,0,3);
INSERT INTO "item_options" VALUES('opt_002_002_01','item_002_002','Mức cay','ít cay',0,0,1);
INSERT INTO "item_options" VALUES('opt_002_002_02','item_002_002','Mức cay','vừa',0,1,2);
INSERT INTO "item_options" VALUES('opt_002_002_03','item_002_002','Mức cay','cay nhiều',5000,0,3);
INSERT INTO "item_options" VALUES('opt_002_003_01','item_002_003','Mức cay','ít cay',0,0,1);
INSERT INTO "item_options" VALUES('opt_002_003_02','item_002_003','Mức cay','vừa',0,1,2);
INSERT INTO "item_options" VALUES('opt_002_003_03','item_002_003','Mức cay','cay nhiều',5000,0,3);
INSERT INTO "item_options" VALUES('opt_002_004_01','item_002_004','Mức cay','ít cay',0,0,1);
INSERT INTO "item_options" VALUES('opt_002_004_02','item_002_004','Mức cay','vừa',0,1,2);
INSERT INTO "item_options" VALUES('opt_002_004_03','item_002_004','Mức cay','cay nhiều',5000,0,3);
INSERT INTO "item_options" VALUES('opt_002_005_01','item_002_005','Khẩu phần','thường',0,1,1);
INSERT INTO "item_options" VALUES('opt_002_005_02','item_002_005','Khẩu phần','thêm topping',15000,0,2);
INSERT INTO "item_options" VALUES('opt_002_006_01','item_002_006','Đường','0%',0,0,1);
INSERT INTO "item_options" VALUES('opt_002_006_02','item_002_006','Đường','50%',0,1,2);
INSERT INTO "item_options" VALUES('opt_002_006_03','item_002_006','Đường','100%',0,0,3);
INSERT INTO "item_options" VALUES('opt_002_006_04','item_002_006','Đá','ít đá',0,0,4);
INSERT INTO "item_options" VALUES('opt_002_006_05','item_002_006','Đá','bình thường',0,1,5);
INSERT INTO "item_options" VALUES('opt_003_001_01','item_003_001','Mức cay','ít cay',0,0,1);
INSERT INTO "item_options" VALUES('opt_003_001_02','item_003_001','Mức cay','vừa',0,1,2);
INSERT INTO "item_options" VALUES('opt_003_001_03','item_003_001','Mức cay','cay nhiều',5000,0,3);
INSERT INTO "item_options" VALUES('opt_003_002_01','item_003_002','Size','vừa',0,1,1);
INSERT INTO "item_options" VALUES('opt_003_002_02','item_003_002','Size','lớn',25000,0,2);
INSERT INTO "item_options" VALUES('opt_003_003_01','item_003_003','Khẩu phần','thường',0,1,1);
INSERT INTO "item_options" VALUES('opt_003_003_02','item_003_003','Khẩu phần','thêm topping',15000,0,2);
INSERT INTO "item_options" VALUES('opt_003_004_01','item_003_004','Khẩu phần','thường',0,1,1);
INSERT INTO "item_options" VALUES('opt_003_004_02','item_003_004','Khẩu phần','thêm topping',15000,0,2);
INSERT INTO "item_options" VALUES('opt_003_005_01','item_003_005','Mức cay','ít cay',0,0,1);
INSERT INTO "item_options" VALUES('opt_003_005_02','item_003_005','Mức cay','vừa',0,1,2);
INSERT INTO "item_options" VALUES('opt_003_005_03','item_003_005','Mức cay','cay nhiều',5000,0,3);
INSERT INTO "item_options" VALUES('opt_003_006_01','item_003_006','Mức cay','ít cay',0,0,1);
INSERT INTO "item_options" VALUES('opt_003_006_02','item_003_006','Mức cay','vừa',0,1,2);
INSERT INTO "item_options" VALUES('opt_003_006_03','item_003_006','Mức cay','cay nhiều',5000,0,3);
INSERT INTO "item_options" VALUES('opt_004_001_01','item_004_001','Khẩu phần','thường',0,1,1);
INSERT INTO "item_options" VALUES('opt_004_001_02','item_004_001','Khẩu phần','thêm topping',15000,0,2);
INSERT INTO "item_options" VALUES('opt_004_002_01','item_004_002','Khẩu phần','thường',0,1,1);
INSERT INTO "item_options" VALUES('opt_004_002_02','item_004_002','Khẩu phần','thêm topping',15000,0,2);
INSERT INTO "item_options" VALUES('opt_004_003_01','item_004_003','Khẩu phần','thường',0,1,1);
INSERT INTO "item_options" VALUES('opt_004_003_02','item_004_003','Khẩu phần','thêm topping',15000,0,2);
INSERT INTO "item_options" VALUES('opt_004_004_01','item_004_004','Khẩu phần','thường',0,1,1);
INSERT INTO "item_options" VALUES('opt_004_004_02','item_004_004','Khẩu phần','thêm topping',15000,0,2);
INSERT INTO "item_options" VALUES('opt_004_005_01','item_004_005','Đường','0%',0,0,1);
INSERT INTO "item_options" VALUES('opt_004_005_02','item_004_005','Đường','50%',0,1,2);
INSERT INTO "item_options" VALUES('opt_004_005_03','item_004_005','Đường','100%',0,0,3);
INSERT INTO "item_options" VALUES('opt_004_005_04','item_004_005','Đá','ít đá',0,0,4);
INSERT INTO "item_options" VALUES('opt_004_005_05','item_004_005','Đá','bình thường',0,1,5);
INSERT INTO "item_options" VALUES('opt_004_006_01','item_004_006','Đường','0%',0,0,1);
INSERT INTO "item_options" VALUES('opt_004_006_02','item_004_006','Đường','50%',0,1,2);
INSERT INTO "item_options" VALUES('opt_004_006_03','item_004_006','Đường','100%',0,0,3);
INSERT INTO "item_options" VALUES('opt_004_006_04','item_004_006','Đá','ít đá',0,0,4);
INSERT INTO "item_options" VALUES('opt_004_006_05','item_004_006','Đá','bình thường',0,1,5);
INSERT INTO "item_options" VALUES('opt_005_001_01','item_005_001','Mức cay','ít cay',0,0,1);
INSERT INTO "item_options" VALUES('opt_005_001_02','item_005_001','Mức cay','vừa',0,1,2);
INSERT INTO "item_options" VALUES('opt_005_001_03','item_005_001','Mức cay','cay nhiều',5000,0,3);
INSERT INTO "item_options" VALUES('opt_005_002_01','item_005_002','Mức cay','ít cay',0,0,1);
INSERT INTO "item_options" VALUES('opt_005_002_02','item_005_002','Mức cay','vừa',0,1,2);
INSERT INTO "item_options" VALUES('opt_005_002_03','item_005_002','Mức cay','cay nhiều',5000,0,3);
INSERT INTO "item_options" VALUES('opt_005_003_01','item_005_003','Mức cay','ít cay',0,0,1);
INSERT INTO "item_options" VALUES('opt_005_003_02','item_005_003','Mức cay','vừa',0,1,2);
INSERT INTO "item_options" VALUES('opt_005_003_03','item_005_003','Mức cay','cay nhiều',5000,0,3);
INSERT INTO "item_options" VALUES('opt_005_004_01','item_005_004','Mức cay','ít cay',0,0,1);
INSERT INTO "item_options" VALUES('opt_005_004_02','item_005_004','Mức cay','vừa',0,1,2);
INSERT INTO "item_options" VALUES('opt_005_004_03','item_005_004','Mức cay','cay nhiều',5000,0,3);
INSERT INTO "item_options" VALUES('opt_005_005_01','item_005_005','Mức cay','ít cay',0,0,1);
INSERT INTO "item_options" VALUES('opt_005_005_02','item_005_005','Mức cay','vừa',0,1,2);
INSERT INTO "item_options" VALUES('opt_005_005_03','item_005_005','Mức cay','cay nhiều',5000,0,3);
INSERT INTO "item_options" VALUES('opt_005_006_01','item_005_006','Đường','0%',0,0,1);
INSERT INTO "item_options" VALUES('opt_005_006_02','item_005_006','Đường','50%',0,1,2);
INSERT INTO "item_options" VALUES('opt_005_006_03','item_005_006','Đường','100%',0,0,3);
INSERT INTO "item_options" VALUES('opt_005_006_04','item_005_006','Đá','ít đá',0,0,4);
INSERT INTO "item_options" VALUES('opt_005_006_05','item_005_006','Đá','bình thường',0,1,5);
INSERT INTO "item_options" VALUES('opt_006_001_01','item_006_001','Mức cay','ít cay',0,0,1);
INSERT INTO "item_options" VALUES('opt_006_001_02','item_006_001','Mức cay','vừa',0,1,2);
INSERT INTO "item_options" VALUES('opt_006_001_03','item_006_001','Mức cay','cay nhiều',5000,0,3);
INSERT INTO "item_options" VALUES('opt_006_002_01','item_006_002','Mức cay','ít cay',0,0,1);
INSERT INTO "item_options" VALUES('opt_006_002_02','item_006_002','Mức cay','vừa',0,1,2);
INSERT INTO "item_options" VALUES('opt_006_002_03','item_006_002','Mức cay','cay nhiều',5000,0,3);
INSERT INTO "item_options" VALUES('opt_006_003_01','item_006_003','Mức cay','ít cay',0,0,1);
INSERT INTO "item_options" VALUES('opt_006_003_02','item_006_003','Mức cay','vừa',0,1,2);
INSERT INTO "item_options" VALUES('opt_006_003_03','item_006_003','Mức cay','cay nhiều',5000,0,3);
INSERT INTO "item_options" VALUES('opt_006_004_01','item_006_004','Khẩu phần','thường',0,1,1);
INSERT INTO "item_options" VALUES('opt_006_004_02','item_006_004','Khẩu phần','thêm topping',15000,0,2);
INSERT INTO "item_options" VALUES('opt_006_005_01','item_006_005','Đường','0%',0,0,1);
INSERT INTO "item_options" VALUES('opt_006_005_02','item_006_005','Đường','50%',0,1,2);
INSERT INTO "item_options" VALUES('opt_006_005_03','item_006_005','Đường','100%',0,0,3);
INSERT INTO "item_options" VALUES('opt_006_005_04','item_006_005','Đá','ít đá',0,0,4);
INSERT INTO "item_options" VALUES('opt_006_005_05','item_006_005','Đá','bình thường',0,1,5);
INSERT INTO "item_options" VALUES('opt_006_006_01','item_006_006','Đường','0%',0,0,1);
INSERT INTO "item_options" VALUES('opt_006_006_02','item_006_006','Đường','50%',0,1,2);
INSERT INTO "item_options" VALUES('opt_006_006_03','item_006_006','Đường','100%',0,0,3);
INSERT INTO "item_options" VALUES('opt_006_006_04','item_006_006','Đá','ít đá',0,0,4);
INSERT INTO "item_options" VALUES('opt_006_006_05','item_006_006','Đá','bình thường',0,1,5);
INSERT INTO "item_options" VALUES('opt_007_001_01','item_007_001','Khẩu phần','thường',0,1,1);
INSERT INTO "item_options" VALUES('opt_007_001_02','item_007_001','Khẩu phần','thêm topping',15000,0,2);
INSERT INTO "item_options" VALUES('opt_007_002_01','item_007_002','Khẩu phần','thường',0,1,1);
INSERT INTO "item_options" VALUES('opt_007_002_02','item_007_002','Khẩu phần','thêm topping',15000,0,2);
INSERT INTO "item_options" VALUES('opt_007_003_01','item_007_003','Khẩu phần','thường',0,1,1);
INSERT INTO "item_options" VALUES('opt_007_003_02','item_007_003','Khẩu phần','thêm topping',15000,0,2);
INSERT INTO "item_options" VALUES('opt_007_004_01','item_007_004','Khẩu phần','thường',0,1,1);
INSERT INTO "item_options" VALUES('opt_007_004_02','item_007_004','Khẩu phần','thêm topping',15000,0,2);
INSERT INTO "item_options" VALUES('opt_007_005_01','item_007_005','Khẩu phần','thường',0,1,1);
INSERT INTO "item_options" VALUES('opt_007_005_02','item_007_005','Khẩu phần','thêm topping',15000,0,2);
INSERT INTO "item_options" VALUES('opt_007_006_01','item_007_006','Đường','0%',0,0,1);
INSERT INTO "item_options" VALUES('opt_007_006_02','item_007_006','Đường','50%',0,1,2);
INSERT INTO "item_options" VALUES('opt_007_006_03','item_007_006','Đường','100%',0,0,3);
INSERT INTO "item_options" VALUES('opt_007_006_04','item_007_006','Đá','ít đá',0,0,4);
INSERT INTO "item_options" VALUES('opt_007_006_05','item_007_006','Đá','bình thường',0,1,5);
INSERT INTO "item_options" VALUES('opt_008_001_01','item_008_001','Khẩu phần','thường',0,1,1);
INSERT INTO "item_options" VALUES('opt_008_001_02','item_008_001','Khẩu phần','thêm topping',15000,0,2);
INSERT INTO "item_options" VALUES('opt_008_002_01','item_008_002','Khẩu phần','thường',0,1,1);
INSERT INTO "item_options" VALUES('opt_008_002_02','item_008_002','Khẩu phần','thêm topping',15000,0,2);
INSERT INTO "item_options" VALUES('opt_008_003_01','item_008_003','Khẩu phần','thường',0,1,1);
INSERT INTO "item_options" VALUES('opt_008_003_02','item_008_003','Khẩu phần','thêm topping',15000,0,2);
INSERT INTO "item_options" VALUES('opt_008_004_01','item_008_004','Khẩu phần','thường',0,1,1);
INSERT INTO "item_options" VALUES('opt_008_004_02','item_008_004','Khẩu phần','thêm topping',15000,0,2);
INSERT INTO "item_options" VALUES('opt_008_005_01','item_008_005','Khẩu phần','thường',0,1,1);
INSERT INTO "item_options" VALUES('opt_008_005_02','item_008_005','Khẩu phần','thêm topping',15000,0,2);
INSERT INTO "item_options" VALUES('opt_008_006_01','item_008_006','Đường','0%',0,0,1);
INSERT INTO "item_options" VALUES('opt_008_006_02','item_008_006','Đường','50%',0,1,2);
INSERT INTO "item_options" VALUES('opt_008_006_03','item_008_006','Đường','100%',0,0,3);
INSERT INTO "item_options" VALUES('opt_008_006_04','item_008_006','Đá','ít đá',0,0,4);
INSERT INTO "item_options" VALUES('opt_008_006_05','item_008_006','Đá','bình thường',0,1,5);
INSERT INTO "item_options" VALUES('opt_009_001_01','item_009_001','Mức cay','ít cay',0,0,1);
INSERT INTO "item_options" VALUES('opt_009_001_02','item_009_001','Mức cay','vừa',0,1,2);
INSERT INTO "item_options" VALUES('opt_009_001_03','item_009_001','Mức cay','cay nhiều',5000,0,3);
INSERT INTO "item_options" VALUES('opt_009_002_01','item_009_002','Mức cay','ít cay',0,0,1);
INSERT INTO "item_options" VALUES('opt_009_002_02','item_009_002','Mức cay','vừa',0,1,2);
INSERT INTO "item_options" VALUES('opt_009_002_03','item_009_002','Mức cay','cay nhiều',5000,0,3);
INSERT INTO "item_options" VALUES('opt_009_003_01','item_009_003','Size','vừa',0,1,1);
INSERT INTO "item_options" VALUES('opt_009_003_02','item_009_003','Size','lớn',25000,0,2);
INSERT INTO "item_options" VALUES('opt_009_004_01','item_009_004','Khẩu phần','thường',0,1,1);
INSERT INTO "item_options" VALUES('opt_009_004_02','item_009_004','Khẩu phần','thêm topping',15000,0,2);
INSERT INTO "item_options" VALUES('opt_009_005_01','item_009_005','Khẩu phần','thường',0,1,1);
INSERT INTO "item_options" VALUES('opt_009_005_02','item_009_005','Khẩu phần','thêm topping',15000,0,2);
INSERT INTO "item_options" VALUES('opt_009_006_01','item_009_006','Mức cay','ít cay',0,0,1);
INSERT INTO "item_options" VALUES('opt_009_006_02','item_009_006','Mức cay','vừa',0,1,2);
INSERT INTO "item_options" VALUES('opt_009_006_03','item_009_006','Mức cay','cay nhiều',5000,0,3);
INSERT INTO "item_options" VALUES('opt_010_001_01','item_010_001','Khẩu phần','thường',0,1,1);
INSERT INTO "item_options" VALUES('opt_010_001_02','item_010_001','Khẩu phần','thêm topping',15000,0,2);
INSERT INTO "item_options" VALUES('opt_010_002_01','item_010_002','Khẩu phần','thường',0,1,1);
INSERT INTO "item_options" VALUES('opt_010_002_02','item_010_002','Khẩu phần','thêm topping',15000,0,2);
INSERT INTO "item_options" VALUES('opt_010_003_01','item_010_003','Khẩu phần','thường',0,1,1);
INSERT INTO "item_options" VALUES('opt_010_003_02','item_010_003','Khẩu phần','thêm topping',15000,0,2);
INSERT INTO "item_options" VALUES('opt_010_004_01','item_010_004','Khẩu phần','thường',0,1,1);
INSERT INTO "item_options" VALUES('opt_010_004_02','item_010_004','Khẩu phần','thêm topping',15000,0,2);
INSERT INTO "item_options" VALUES('opt_010_005_01','item_010_005','Khẩu phần','thường',0,1,1);
INSERT INTO "item_options" VALUES('opt_010_005_02','item_010_005','Khẩu phần','thêm topping',15000,0,2);
INSERT INTO "item_options" VALUES('opt_010_006_01','item_010_006','Đường','0%',0,0,1);
INSERT INTO "item_options" VALUES('opt_010_006_02','item_010_006','Đường','50%',0,1,2);
INSERT INTO "item_options" VALUES('opt_010_006_03','item_010_006','Đường','100%',0,0,3);
INSERT INTO "item_options" VALUES('opt_010_006_04','item_010_006','Đá','ít đá',0,0,4);
INSERT INTO "item_options" VALUES('opt_010_006_05','item_010_006','Đá','bình thường',0,1,5);
INSERT INTO "item_options" VALUES('opt_011_001_01','item_011_001','Mức cay','ít cay',0,0,1);
INSERT INTO "item_options" VALUES('opt_011_001_02','item_011_001','Mức cay','vừa',0,1,2);
INSERT INTO "item_options" VALUES('opt_011_001_03','item_011_001','Mức cay','cay nhiều',5000,0,3);
INSERT INTO "item_options" VALUES('opt_011_002_01','item_011_002','Mức cay','ít cay',0,0,1);
INSERT INTO "item_options" VALUES('opt_011_002_02','item_011_002','Mức cay','vừa',0,1,2);
INSERT INTO "item_options" VALUES('opt_011_002_03','item_011_002','Mức cay','cay nhiều',5000,0,3);
INSERT INTO "item_options" VALUES('opt_011_003_01','item_011_003','Mức cay','ít cay',0,0,1);
INSERT INTO "item_options" VALUES('opt_011_003_02','item_011_003','Mức cay','vừa',0,1,2);
INSERT INTO "item_options" VALUES('opt_011_003_03','item_011_003','Mức cay','cay nhiều',5000,0,3);
INSERT INTO "item_options" VALUES('opt_011_004_01','item_011_004','Khẩu phần','thường',0,1,1);
INSERT INTO "item_options" VALUES('opt_011_004_02','item_011_004','Khẩu phần','thêm topping',15000,0,2);
INSERT INTO "item_options" VALUES('opt_011_005_01','item_011_005','Khẩu phần','thường',0,1,1);
INSERT INTO "item_options" VALUES('opt_011_005_02','item_011_005','Khẩu phần','thêm topping',15000,0,2);
INSERT INTO "item_options" VALUES('opt_011_006_01','item_011_006','Đường','0%',0,0,1);
INSERT INTO "item_options" VALUES('opt_011_006_02','item_011_006','Đường','50%',0,1,2);
INSERT INTO "item_options" VALUES('opt_011_006_03','item_011_006','Đường','100%',0,0,3);
INSERT INTO "item_options" VALUES('opt_011_006_04','item_011_006','Đá','ít đá',0,0,4);
INSERT INTO "item_options" VALUES('opt_011_006_05','item_011_006','Đá','bình thường',0,1,5);
INSERT INTO "item_options" VALUES('opt_012_001_01','item_012_001','Khẩu phần','thường',0,1,1);
INSERT INTO "item_options" VALUES('opt_012_001_02','item_012_001','Khẩu phần','thêm topping',15000,0,2);
INSERT INTO "item_options" VALUES('opt_012_002_01','item_012_002','Mức cay','ít cay',0,0,1);
INSERT INTO "item_options" VALUES('opt_012_002_02','item_012_002','Mức cay','vừa',0,1,2);
INSERT INTO "item_options" VALUES('opt_012_002_03','item_012_002','Mức cay','cay nhiều',5000,0,3);
INSERT INTO "item_options" VALUES('opt_012_003_01','item_012_003','Khẩu phần','thường',0,1,1);
INSERT INTO "item_options" VALUES('opt_012_003_02','item_012_003','Khẩu phần','thêm topping',15000,0,2);
INSERT INTO "item_options" VALUES('opt_012_004_01','item_012_004','Mức cay','ít cay',0,0,1);
INSERT INTO "item_options" VALUES('opt_012_004_02','item_012_004','Mức cay','vừa',0,1,2);
INSERT INTO "item_options" VALUES('opt_012_004_03','item_012_004','Mức cay','cay nhiều',5000,0,3);
INSERT INTO "item_options" VALUES('opt_012_005_01','item_012_005','Khẩu phần','thường',0,1,1);
INSERT INTO "item_options" VALUES('opt_012_005_02','item_012_005','Khẩu phần','thêm topping',15000,0,2);
INSERT INTO "item_options" VALUES('opt_012_006_01','item_012_006','Đường','0%',0,0,1);
INSERT INTO "item_options" VALUES('opt_012_006_02','item_012_006','Đường','50%',0,1,2);
INSERT INTO "item_options" VALUES('opt_012_006_03','item_012_006','Đường','100%',0,0,3);
INSERT INTO "item_options" VALUES('opt_012_006_04','item_012_006','Đá','ít đá',0,0,4);
INSERT INTO "item_options" VALUES('opt_012_006_05','item_012_006','Đá','bình thường',0,1,5);
INSERT INTO "item_options" VALUES('opt_013_001_01','item_013_001','Khẩu phần','thường',0,1,1);
INSERT INTO "item_options" VALUES('opt_013_001_02','item_013_001','Khẩu phần','thêm topping',15000,0,2);
INSERT INTO "item_options" VALUES('opt_013_002_01','item_013_002','Khẩu phần','thường',0,1,1);
INSERT INTO "item_options" VALUES('opt_013_002_02','item_013_002','Khẩu phần','thêm topping',15000,0,2);
INSERT INTO "item_options" VALUES('opt_013_003_01','item_013_003','Khẩu phần','thường',0,1,1);
INSERT INTO "item_options" VALUES('opt_013_003_02','item_013_003','Khẩu phần','thêm topping',15000,0,2);
INSERT INTO "item_options" VALUES('opt_013_004_01','item_013_004','Khẩu phần','thường',0,1,1);
INSERT INTO "item_options" VALUES('opt_013_004_02','item_013_004','Khẩu phần','thêm topping',15000,0,2);
INSERT INTO "item_options" VALUES('opt_013_005_01','item_013_005','Mức cay','ít cay',0,0,1);
INSERT INTO "item_options" VALUES('opt_013_005_02','item_013_005','Mức cay','vừa',0,1,2);
INSERT INTO "item_options" VALUES('opt_013_005_03','item_013_005','Mức cay','cay nhiều',5000,0,3);
INSERT INTO "item_options" VALUES('opt_013_006_01','item_013_006','Đường','0%',0,0,1);
INSERT INTO "item_options" VALUES('opt_013_006_02','item_013_006','Đường','50%',0,1,2);
INSERT INTO "item_options" VALUES('opt_013_006_03','item_013_006','Đường','100%',0,0,3);
INSERT INTO "item_options" VALUES('opt_013_006_04','item_013_006','Đá','ít đá',0,0,4);
INSERT INTO "item_options" VALUES('opt_013_006_05','item_013_006','Đá','bình thường',0,1,5);
INSERT INTO "item_options" VALUES('opt_014_001_01','item_014_001','Size','vừa',0,1,1);
INSERT INTO "item_options" VALUES('opt_014_001_02','item_014_001','Size','lớn',25000,0,2);
INSERT INTO "item_options" VALUES('opt_014_002_01','item_014_002','Mức cay','ít cay',0,0,1);
INSERT INTO "item_options" VALUES('opt_014_002_02','item_014_002','Mức cay','vừa',0,1,2);
INSERT INTO "item_options" VALUES('opt_014_002_03','item_014_002','Mức cay','cay nhiều',5000,0,3);
INSERT INTO "item_options" VALUES('opt_014_003_01','item_014_003','Size','vừa',0,1,1);
INSERT INTO "item_options" VALUES('opt_014_003_02','item_014_003','Size','lớn',25000,0,2);
INSERT INTO "item_options" VALUES('opt_014_004_01','item_014_004','Khẩu phần','thường',0,1,1);
INSERT INTO "item_options" VALUES('opt_014_004_02','item_014_004','Khẩu phần','thêm topping',15000,0,2);
INSERT INTO "item_options" VALUES('opt_014_005_01','item_014_005','Size','vừa',0,1,1);
INSERT INTO "item_options" VALUES('opt_014_005_02','item_014_005','Size','lớn',25000,0,2);
INSERT INTO "item_options" VALUES('opt_014_006_01','item_014_006','Đường','0%',0,0,1);
INSERT INTO "item_options" VALUES('opt_014_006_02','item_014_006','Đường','50%',0,1,2);
INSERT INTO "item_options" VALUES('opt_014_006_03','item_014_006','Đường','100%',0,0,3);
INSERT INTO "item_options" VALUES('opt_014_006_04','item_014_006','Đá','ít đá',0,0,4);
INSERT INTO "item_options" VALUES('opt_014_006_05','item_014_006','Đá','bình thường',0,1,5);
INSERT INTO "item_options" VALUES('opt_015_001_01','item_015_001','Khẩu phần','thường',0,1,1);
INSERT INTO "item_options" VALUES('opt_015_001_02','item_015_001','Khẩu phần','thêm topping',15000,0,2);
INSERT INTO "item_options" VALUES('opt_015_002_01','item_015_002','Khẩu phần','thường',0,1,1);
INSERT INTO "item_options" VALUES('opt_015_002_02','item_015_002','Khẩu phần','thêm topping',15000,0,2);
INSERT INTO "item_options" VALUES('opt_015_003_01','item_015_003','Khẩu phần','thường',0,1,1);
INSERT INTO "item_options" VALUES('opt_015_003_02','item_015_003','Khẩu phần','thêm topping',15000,0,2);
INSERT INTO "item_options" VALUES('opt_015_004_01','item_015_004','Khẩu phần','thường',0,1,1);
INSERT INTO "item_options" VALUES('opt_015_004_02','item_015_004','Khẩu phần','thêm topping',15000,0,2);
INSERT INTO "item_options" VALUES('opt_015_005_01','item_015_005','Khẩu phần','thường',0,1,1);
INSERT INTO "item_options" VALUES('opt_015_005_02','item_015_005','Khẩu phần','thêm topping',15000,0,2);
INSERT INTO "item_options" VALUES('opt_015_006_01','item_015_006','Đường','0%',0,0,1);
INSERT INTO "item_options" VALUES('opt_015_006_02','item_015_006','Đường','50%',0,1,2);
INSERT INTO "item_options" VALUES('opt_015_006_03','item_015_006','Đường','100%',0,0,3);
INSERT INTO "item_options" VALUES('opt_015_006_04','item_015_006','Đá','ít đá',0,0,4);
INSERT INTO "item_options" VALUES('opt_015_006_05','item_015_006','Đá','bình thường',0,1,5);
INSERT INTO "item_options" VALUES('opt_016_001_01','item_016_001','Khẩu phần','thường',0,1,1);
INSERT INTO "item_options" VALUES('opt_016_001_02','item_016_001','Khẩu phần','thêm topping',15000,0,2);
INSERT INTO "item_options" VALUES('opt_016_002_01','item_016_002','Khẩu phần','thường',0,1,1);
INSERT INTO "item_options" VALUES('opt_016_002_02','item_016_002','Khẩu phần','thêm topping',15000,0,2);
INSERT INTO "item_options" VALUES('opt_016_003_01','item_016_003','Khẩu phần','thường',0,1,1);
INSERT INTO "item_options" VALUES('opt_016_003_02','item_016_003','Khẩu phần','thêm topping',15000,0,2);
INSERT INTO "item_options" VALUES('opt_016_004_01','item_016_004','Khẩu phần','thường',0,1,1);
INSERT INTO "item_options" VALUES('opt_016_004_02','item_016_004','Khẩu phần','thêm topping',15000,0,2);
INSERT INTO "item_options" VALUES('opt_016_005_01','item_016_005','Khẩu phần','thường',0,1,1);
INSERT INTO "item_options" VALUES('opt_016_005_02','item_016_005','Khẩu phần','thêm topping',15000,0,2);
INSERT INTO "item_options" VALUES('opt_016_006_01','item_016_006','Đường','0%',0,0,1);
INSERT INTO "item_options" VALUES('opt_016_006_02','item_016_006','Đường','50%',0,1,2);
INSERT INTO "item_options" VALUES('opt_016_006_03','item_016_006','Đường','100%',0,0,3);
INSERT INTO "item_options" VALUES('opt_016_006_04','item_016_006','Đá','ít đá',0,0,4);
INSERT INTO "item_options" VALUES('opt_016_006_05','item_016_006','Đá','bình thường',0,1,5);
INSERT INTO "item_options" VALUES('opt_017_001_01','item_017_001','Đường','0%',0,0,1);
INSERT INTO "item_options" VALUES('opt_017_001_02','item_017_001','Đường','50%',0,1,2);
INSERT INTO "item_options" VALUES('opt_017_001_03','item_017_001','Đường','100%',0,0,3);
INSERT INTO "item_options" VALUES('opt_017_001_04','item_017_001','Đá','ít đá',0,0,4);
INSERT INTO "item_options" VALUES('opt_017_001_05','item_017_001','Đá','bình thường',0,1,5);
INSERT INTO "item_options" VALUES('opt_017_002_01','item_017_002','Đường','0%',0,0,1);
INSERT INTO "item_options" VALUES('opt_017_002_02','item_017_002','Đường','50%',0,1,2);
INSERT INTO "item_options" VALUES('opt_017_002_03','item_017_002','Đường','100%',0,0,3);
INSERT INTO "item_options" VALUES('opt_017_002_04','item_017_002','Đá','ít đá',0,0,4);
INSERT INTO "item_options" VALUES('opt_017_002_05','item_017_002','Đá','bình thường',0,1,5);
INSERT INTO "item_options" VALUES('opt_017_003_01','item_017_003','Đường','0%',0,0,1);
INSERT INTO "item_options" VALUES('opt_017_003_02','item_017_003','Đường','50%',0,1,2);
INSERT INTO "item_options" VALUES('opt_017_003_03','item_017_003','Đường','100%',0,0,3);
INSERT INTO "item_options" VALUES('opt_017_003_04','item_017_003','Đá','ít đá',0,0,4);
INSERT INTO "item_options" VALUES('opt_017_003_05','item_017_003','Đá','bình thường',0,1,5);
INSERT INTO "item_options" VALUES('opt_017_004_01','item_017_004','Đường','0%',0,0,1);
INSERT INTO "item_options" VALUES('opt_017_004_02','item_017_004','Đường','50%',0,1,2);
INSERT INTO "item_options" VALUES('opt_017_004_03','item_017_004','Đường','100%',0,0,3);
INSERT INTO "item_options" VALUES('opt_017_004_04','item_017_004','Đá','ít đá',0,0,4);
INSERT INTO "item_options" VALUES('opt_017_004_05','item_017_004','Đá','bình thường',0,1,5);
INSERT INTO "item_options" VALUES('opt_017_005_01','item_017_005','Khẩu phần','thường',0,1,1);
INSERT INTO "item_options" VALUES('opt_017_005_02','item_017_005','Khẩu phần','thêm topping',15000,0,2);
INSERT INTO "item_options" VALUES('opt_017_006_01','item_017_006','Đường','0%',0,0,1);
INSERT INTO "item_options" VALUES('opt_017_006_02','item_017_006','Đường','50%',0,1,2);
INSERT INTO "item_options" VALUES('opt_017_006_03','item_017_006','Đường','100%',0,0,3);
INSERT INTO "item_options" VALUES('opt_017_006_04','item_017_006','Đá','ít đá',0,0,4);
INSERT INTO "item_options" VALUES('opt_017_006_05','item_017_006','Đá','bình thường',0,1,5);
INSERT INTO "item_options" VALUES('opt_018_001_01','item_018_001','Khẩu phần','thường',0,1,1);
INSERT INTO "item_options" VALUES('opt_018_001_02','item_018_001','Khẩu phần','thêm topping',15000,0,2);
INSERT INTO "item_options" VALUES('opt_018_002_01','item_018_002','Khẩu phần','thường',0,1,1);
INSERT INTO "item_options" VALUES('opt_018_002_02','item_018_002','Khẩu phần','thêm topping',15000,0,2);
INSERT INTO "item_options" VALUES('opt_018_003_01','item_018_003','Khẩu phần','thường',0,1,1);
INSERT INTO "item_options" VALUES('opt_018_003_02','item_018_003','Khẩu phần','thêm topping',15000,0,2);
INSERT INTO "item_options" VALUES('opt_018_004_01','item_018_004','Khẩu phần','thường',0,1,1);
INSERT INTO "item_options" VALUES('opt_018_004_02','item_018_004','Khẩu phần','thêm topping',15000,0,2);
INSERT INTO "item_options" VALUES('opt_018_005_01','item_018_005','Khẩu phần','thường',0,1,1);
INSERT INTO "item_options" VALUES('opt_018_005_02','item_018_005','Khẩu phần','thêm topping',15000,0,2);
INSERT INTO "item_options" VALUES('opt_018_006_01','item_018_006','Đường','0%',0,0,1);
INSERT INTO "item_options" VALUES('opt_018_006_02','item_018_006','Đường','50%',0,1,2);
INSERT INTO "item_options" VALUES('opt_018_006_03','item_018_006','Đường','100%',0,0,3);
INSERT INTO "item_options" VALUES('opt_018_006_04','item_018_006','Đá','ít đá',0,0,4);
INSERT INTO "item_options" VALUES('opt_018_006_05','item_018_006','Đá','bình thường',0,1,5);
INSERT INTO "item_options" VALUES('opt_019_001_01','item_019_001','Mức cay','ít cay',0,0,1);
INSERT INTO "item_options" VALUES('opt_019_001_02','item_019_001','Mức cay','vừa',0,1,2);
INSERT INTO "item_options" VALUES('opt_019_001_03','item_019_001','Mức cay','cay nhiều',5000,0,3);
INSERT INTO "item_options" VALUES('opt_019_002_01','item_019_002','Khẩu phần','thường',0,1,1);
INSERT INTO "item_options" VALUES('opt_019_002_02','item_019_002','Khẩu phần','thêm topping',15000,0,2);
INSERT INTO "item_options" VALUES('opt_019_003_01','item_019_003','Mức cay','ít cay',0,0,1);
INSERT INTO "item_options" VALUES('opt_019_003_02','item_019_003','Mức cay','vừa',0,1,2);
INSERT INTO "item_options" VALUES('opt_019_003_03','item_019_003','Mức cay','cay nhiều',5000,0,3);
INSERT INTO "item_options" VALUES('opt_019_004_01','item_019_004','Khẩu phần','thường',0,1,1);
INSERT INTO "item_options" VALUES('opt_019_004_02','item_019_004','Khẩu phần','thêm topping',15000,0,2);
INSERT INTO "item_options" VALUES('opt_019_005_01','item_019_005','Mức cay','ít cay',0,0,1);
INSERT INTO "item_options" VALUES('opt_019_005_02','item_019_005','Mức cay','vừa',0,1,2);
INSERT INTO "item_options" VALUES('opt_019_005_03','item_019_005','Mức cay','cay nhiều',5000,0,3);
INSERT INTO "item_options" VALUES('opt_019_006_01','item_019_006','Đường','0%',0,0,1);
INSERT INTO "item_options" VALUES('opt_019_006_02','item_019_006','Đường','50%',0,1,2);
INSERT INTO "item_options" VALUES('opt_019_006_03','item_019_006','Đường','100%',0,0,3);
INSERT INTO "item_options" VALUES('opt_019_006_04','item_019_006','Đá','ít đá',0,0,4);
INSERT INTO "item_options" VALUES('opt_019_006_05','item_019_006','Đá','bình thường',0,1,5);
INSERT INTO "item_options" VALUES('opt_020_001_01','item_020_001','Mức cay','ít cay',0,0,1);
INSERT INTO "item_options" VALUES('opt_020_001_02','item_020_001','Mức cay','vừa',0,1,2);
INSERT INTO "item_options" VALUES('opt_020_001_03','item_020_001','Mức cay','cay nhiều',5000,0,3);
INSERT INTO "item_options" VALUES('opt_020_002_01','item_020_002','Khẩu phần','thường',0,1,1);
INSERT INTO "item_options" VALUES('opt_020_002_02','item_020_002','Khẩu phần','thêm topping',15000,0,2);
INSERT INTO "item_options" VALUES('opt_020_003_01','item_020_003','Mức cay','ít cay',0,0,1);
INSERT INTO "item_options" VALUES('opt_020_003_02','item_020_003','Mức cay','vừa',0,1,2);
INSERT INTO "item_options" VALUES('opt_020_003_03','item_020_003','Mức cay','cay nhiều',5000,0,3);
INSERT INTO "item_options" VALUES('opt_020_004_01','item_020_004','Khẩu phần','thường',0,1,1);
INSERT INTO "item_options" VALUES('opt_020_004_02','item_020_004','Khẩu phần','thêm topping',15000,0,2);
INSERT INTO "item_options" VALUES('opt_020_005_01','item_020_005','Khẩu phần','thường',0,1,1);
INSERT INTO "item_options" VALUES('opt_020_005_02','item_020_005','Khẩu phần','thêm topping',15000,0,2);
INSERT INTO "item_options" VALUES('opt_020_006_01','item_020_006','Đường','0%',0,0,1);
INSERT INTO "item_options" VALUES('opt_020_006_02','item_020_006','Đường','50%',0,1,2);
INSERT INTO "item_options" VALUES('opt_020_006_03','item_020_006','Đường','100%',0,0,3);
INSERT INTO "item_options" VALUES('opt_020_006_04','item_020_006','Đá','ít đá',0,0,4);
INSERT INTO "item_options" VALUES('opt_020_006_05','item_020_006','Đá','bình thường',0,1,5);
INSERT INTO "item_options" VALUES('opt_021_001_01','item_021_001','Mức cay','ít cay',0,0,1);
INSERT INTO "item_options" VALUES('opt_021_001_02','item_021_001','Mức cay','vừa',0,1,2);
INSERT INTO "item_options" VALUES('opt_021_001_03','item_021_001','Mức cay','cay nhiều',5000,0,3);
INSERT INTO "item_options" VALUES('opt_021_002_01','item_021_002','Mức cay','ít cay',0,0,1);
INSERT INTO "item_options" VALUES('opt_021_002_02','item_021_002','Mức cay','vừa',0,1,2);
INSERT INTO "item_options" VALUES('opt_021_002_03','item_021_002','Mức cay','cay nhiều',5000,0,3);
INSERT INTO "item_options" VALUES('opt_021_003_01','item_021_003','Mức cay','ít cay',0,0,1);
INSERT INTO "item_options" VALUES('opt_021_003_02','item_021_003','Mức cay','vừa',0,1,2);
INSERT INTO "item_options" VALUES('opt_021_003_03','item_021_003','Mức cay','cay nhiều',5000,0,3);
INSERT INTO "item_options" VALUES('opt_021_004_01','item_021_004','Mức cay','ít cay',0,0,1);
INSERT INTO "item_options" VALUES('opt_021_004_02','item_021_004','Mức cay','vừa',0,1,2);
INSERT INTO "item_options" VALUES('opt_021_004_03','item_021_004','Mức cay','cay nhiều',5000,0,3);
INSERT INTO "item_options" VALUES('opt_021_005_01','item_021_005','Khẩu phần','thường',0,1,1);
INSERT INTO "item_options" VALUES('opt_021_005_02','item_021_005','Khẩu phần','thêm topping',15000,0,2);
INSERT INTO "item_options" VALUES('opt_021_006_01','item_021_006','Đường','0%',0,0,1);
INSERT INTO "item_options" VALUES('opt_021_006_02','item_021_006','Đường','50%',0,1,2);
INSERT INTO "item_options" VALUES('opt_021_006_03','item_021_006','Đường','100%',0,0,3);
INSERT INTO "item_options" VALUES('opt_021_006_04','item_021_006','Đá','ít đá',0,0,4);
INSERT INTO "item_options" VALUES('opt_021_006_05','item_021_006','Đá','bình thường',0,1,5);
INSERT INTO "item_options" VALUES('opt_022_001_01','item_022_001','Mức cay','ít cay',0,0,1);
INSERT INTO "item_options" VALUES('opt_022_001_02','item_022_001','Mức cay','vừa',0,1,2);
INSERT INTO "item_options" VALUES('opt_022_001_03','item_022_001','Mức cay','cay nhiều',5000,0,3);
INSERT INTO "item_options" VALUES('opt_022_002_01','item_022_002','Mức cay','ít cay',0,0,1);
INSERT INTO "item_options" VALUES('opt_022_002_02','item_022_002','Mức cay','vừa',0,1,2);
INSERT INTO "item_options" VALUES('opt_022_002_03','item_022_002','Mức cay','cay nhiều',5000,0,3);
INSERT INTO "item_options" VALUES('opt_022_003_01','item_022_003','Mức cay','ít cay',0,0,1);
INSERT INTO "item_options" VALUES('opt_022_003_02','item_022_003','Mức cay','vừa',0,1,2);
INSERT INTO "item_options" VALUES('opt_022_003_03','item_022_003','Mức cay','cay nhiều',5000,0,3);
INSERT INTO "item_options" VALUES('opt_022_004_01','item_022_004','Mức cay','ít cay',0,0,1);
INSERT INTO "item_options" VALUES('opt_022_004_02','item_022_004','Mức cay','vừa',0,1,2);
INSERT INTO "item_options" VALUES('opt_022_004_03','item_022_004','Mức cay','cay nhiều',5000,0,3);
INSERT INTO "item_options" VALUES('opt_022_005_01','item_022_005','Khẩu phần','thường',0,1,1);
INSERT INTO "item_options" VALUES('opt_022_005_02','item_022_005','Khẩu phần','thêm topping',15000,0,2);
INSERT INTO "item_options" VALUES('opt_022_006_01','item_022_006','Đường','0%',0,0,1);
INSERT INTO "item_options" VALUES('opt_022_006_02','item_022_006','Đường','50%',0,1,2);
INSERT INTO "item_options" VALUES('opt_022_006_03','item_022_006','Đường','100%',0,0,3);
INSERT INTO "item_options" VALUES('opt_022_006_04','item_022_006','Đá','ít đá',0,0,4);
INSERT INTO "item_options" VALUES('opt_022_006_05','item_022_006','Đá','bình thường',0,1,5);
INSERT INTO "item_options" VALUES('opt_023_001_01','item_023_001','Khẩu phần','thường',0,1,1);
INSERT INTO "item_options" VALUES('opt_023_001_02','item_023_001','Khẩu phần','thêm topping',15000,0,2);
INSERT INTO "item_options" VALUES('opt_023_002_01','item_023_002','Khẩu phần','thường',0,1,1);
INSERT INTO "item_options" VALUES('opt_023_002_02','item_023_002','Khẩu phần','thêm topping',15000,0,2);
INSERT INTO "item_options" VALUES('opt_023_003_01','item_023_003','Khẩu phần','thường',0,1,1);
INSERT INTO "item_options" VALUES('opt_023_003_02','item_023_003','Khẩu phần','thêm topping',15000,0,2);
INSERT INTO "item_options" VALUES('opt_023_004_01','item_023_004','Khẩu phần','thường',0,1,1);
INSERT INTO "item_options" VALUES('opt_023_004_02','item_023_004','Khẩu phần','thêm topping',15000,0,2);
INSERT INTO "item_options" VALUES('opt_023_005_01','item_023_005','Khẩu phần','thường',0,1,1);
INSERT INTO "item_options" VALUES('opt_023_005_02','item_023_005','Khẩu phần','thêm topping',15000,0,2);
INSERT INTO "item_options" VALUES('opt_023_006_01','item_023_006','Đường','0%',0,0,1);
INSERT INTO "item_options" VALUES('opt_023_006_02','item_023_006','Đường','50%',0,1,2);
INSERT INTO "item_options" VALUES('opt_023_006_03','item_023_006','Đường','100%',0,0,3);
INSERT INTO "item_options" VALUES('opt_023_006_04','item_023_006','Đá','ít đá',0,0,4);
INSERT INTO "item_options" VALUES('opt_023_006_05','item_023_006','Đá','bình thường',0,1,5);
INSERT INTO "item_options" VALUES('opt_024_001_01','item_024_001','Mức cay','ít cay',0,0,1);
INSERT INTO "item_options" VALUES('opt_024_001_02','item_024_001','Mức cay','vừa',0,1,2);
INSERT INTO "item_options" VALUES('opt_024_001_03','item_024_001','Mức cay','cay nhiều',5000,0,3);
INSERT INTO "item_options" VALUES('opt_024_002_01','item_024_002','Mức cay','ít cay',0,0,1);
INSERT INTO "item_options" VALUES('opt_024_002_02','item_024_002','Mức cay','vừa',0,1,2);
INSERT INTO "item_options" VALUES('opt_024_002_03','item_024_002','Mức cay','cay nhiều',5000,0,3);
INSERT INTO "item_options" VALUES('opt_024_003_01','item_024_003','Mức cay','ít cay',0,0,1);
INSERT INTO "item_options" VALUES('opt_024_003_02','item_024_003','Mức cay','vừa',0,1,2);
INSERT INTO "item_options" VALUES('opt_024_003_03','item_024_003','Mức cay','cay nhiều',5000,0,3);
INSERT INTO "item_options" VALUES('opt_024_004_01','item_024_004','Khẩu phần','thường',0,1,1);
INSERT INTO "item_options" VALUES('opt_024_004_02','item_024_004','Khẩu phần','thêm topping',15000,0,2);
INSERT INTO "item_options" VALUES('opt_024_005_01','item_024_005','Khẩu phần','thường',0,1,1);
INSERT INTO "item_options" VALUES('opt_024_005_02','item_024_005','Khẩu phần','thêm topping',15000,0,2);
INSERT INTO "item_options" VALUES('opt_024_006_01','item_024_006','Đường','0%',0,0,1);
INSERT INTO "item_options" VALUES('opt_024_006_02','item_024_006','Đường','50%',0,1,2);
INSERT INTO "item_options" VALUES('opt_024_006_03','item_024_006','Đường','100%',0,0,3);
INSERT INTO "item_options" VALUES('opt_024_006_04','item_024_006','Đá','ít đá',0,0,4);
INSERT INTO "item_options" VALUES('opt_024_006_05','item_024_006','Đá','bình thường',0,1,5);
INSERT INTO "item_options" VALUES('opt_025_001_01','item_025_001','Mức cay','ít cay',0,0,1);
INSERT INTO "item_options" VALUES('opt_025_001_02','item_025_001','Mức cay','vừa',0,1,2);
INSERT INTO "item_options" VALUES('opt_025_001_03','item_025_001','Mức cay','cay nhiều',5000,0,3);
INSERT INTO "item_options" VALUES('opt_025_002_01','item_025_002','Mức cay','ít cay',0,0,1);
INSERT INTO "item_options" VALUES('opt_025_002_02','item_025_002','Mức cay','vừa',0,1,2);
INSERT INTO "item_options" VALUES('opt_025_002_03','item_025_002','Mức cay','cay nhiều',5000,0,3);
INSERT INTO "item_options" VALUES('opt_025_003_01','item_025_003','Khẩu phần','thường',0,1,1);
INSERT INTO "item_options" VALUES('opt_025_003_02','item_025_003','Khẩu phần','thêm topping',15000,0,2);
INSERT INTO "item_options" VALUES('opt_025_004_01','item_025_004','Mức cay','ít cay',0,0,1);
INSERT INTO "item_options" VALUES('opt_025_004_02','item_025_004','Mức cay','vừa',0,1,2);
INSERT INTO "item_options" VALUES('opt_025_004_03','item_025_004','Mức cay','cay nhiều',5000,0,3);
INSERT INTO "item_options" VALUES('opt_025_005_01','item_025_005','Khẩu phần','thường',0,1,1);
INSERT INTO "item_options" VALUES('opt_025_005_02','item_025_005','Khẩu phần','thêm topping',15000,0,2);
INSERT INTO "item_options" VALUES('opt_025_006_01','item_025_006','Đường','0%',0,0,1);
INSERT INTO "item_options" VALUES('opt_025_006_02','item_025_006','Đường','50%',0,1,2);
INSERT INTO "item_options" VALUES('opt_025_006_03','item_025_006','Đường','100%',0,0,3);
INSERT INTO "item_options" VALUES('opt_025_006_04','item_025_006','Đá','ít đá',0,0,4);
INSERT INTO "item_options" VALUES('opt_025_006_05','item_025_006','Đá','bình thường',0,1,5);
INSERT INTO "item_options" VALUES('opt_026_001_01','item_026_001','Mức cay','ít cay',0,0,1);
INSERT INTO "item_options" VALUES('opt_026_001_02','item_026_001','Mức cay','vừa',0,1,2);
INSERT INTO "item_options" VALUES('opt_026_001_03','item_026_001','Mức cay','cay nhiều',5000,0,3);
INSERT INTO "item_options" VALUES('opt_026_002_01','item_026_002','Khẩu phần','thường',0,1,1);
INSERT INTO "item_options" VALUES('opt_026_002_02','item_026_002','Khẩu phần','thêm topping',15000,0,2);
INSERT INTO "item_options" VALUES('opt_026_003_01','item_026_003','Khẩu phần','thường',0,1,1);
INSERT INTO "item_options" VALUES('opt_026_003_02','item_026_003','Khẩu phần','thêm topping',15000,0,2);
INSERT INTO "item_options" VALUES('opt_026_004_01','item_026_004','Khẩu phần','thường',0,1,1);
INSERT INTO "item_options" VALUES('opt_026_004_02','item_026_004','Khẩu phần','thêm topping',15000,0,2);
INSERT INTO "item_options" VALUES('opt_026_005_01','item_026_005','Size','vừa',0,1,1);
INSERT INTO "item_options" VALUES('opt_026_005_02','item_026_005','Size','lớn',25000,0,2);
INSERT INTO "item_options" VALUES('opt_026_006_01','item_026_006','Khẩu phần','thường',0,1,1);
INSERT INTO "item_options" VALUES('opt_026_006_02','item_026_006','Khẩu phần','thêm topping',15000,0,2);
INSERT INTO "item_options" VALUES('opt_027_001_01','item_027_001','Mức cay','ít cay',0,0,1);
INSERT INTO "item_options" VALUES('opt_027_001_02','item_027_001','Mức cay','vừa',0,1,2);
INSERT INTO "item_options" VALUES('opt_027_001_03','item_027_001','Mức cay','cay nhiều',5000,0,3);
INSERT INTO "item_options" VALUES('opt_027_002_01','item_027_002','Mức cay','ít cay',0,0,1);
INSERT INTO "item_options" VALUES('opt_027_002_02','item_027_002','Mức cay','vừa',0,1,2);
INSERT INTO "item_options" VALUES('opt_027_002_03','item_027_002','Mức cay','cay nhiều',5000,0,3);
INSERT INTO "item_options" VALUES('opt_027_003_01','item_027_003','Mức cay','ít cay',0,0,1);
INSERT INTO "item_options" VALUES('opt_027_003_02','item_027_003','Mức cay','vừa',0,1,2);
INSERT INTO "item_options" VALUES('opt_027_003_03','item_027_003','Mức cay','cay nhiều',5000,0,3);
INSERT INTO "item_options" VALUES('opt_027_004_01','item_027_004','Mức cay','ít cay',0,0,1);
INSERT INTO "item_options" VALUES('opt_027_004_02','item_027_004','Mức cay','vừa',0,1,2);
INSERT INTO "item_options" VALUES('opt_027_004_03','item_027_004','Mức cay','cay nhiều',5000,0,3);
INSERT INTO "item_options" VALUES('opt_027_005_01','item_027_005','Khẩu phần','thường',0,1,1);
INSERT INTO "item_options" VALUES('opt_027_005_02','item_027_005','Khẩu phần','thêm topping',15000,0,2);
INSERT INTO "item_options" VALUES('opt_027_006_01','item_027_006','Đường','0%',0,0,1);
INSERT INTO "item_options" VALUES('opt_027_006_02','item_027_006','Đường','50%',0,1,2);
INSERT INTO "item_options" VALUES('opt_027_006_03','item_027_006','Đường','100%',0,0,3);
INSERT INTO "item_options" VALUES('opt_027_006_04','item_027_006','Đá','ít đá',0,0,4);
INSERT INTO "item_options" VALUES('opt_027_006_05','item_027_006','Đá','bình thường',0,1,5);
INSERT INTO "item_options" VALUES('opt_028_001_01','item_028_001','Khẩu phần','thường',0,1,1);
INSERT INTO "item_options" VALUES('opt_028_001_02','item_028_001','Khẩu phần','thêm topping',15000,0,2);
INSERT INTO "item_options" VALUES('opt_028_002_01','item_028_002','Khẩu phần','thường',0,1,1);
INSERT INTO "item_options" VALUES('opt_028_002_02','item_028_002','Khẩu phần','thêm topping',15000,0,2);
INSERT INTO "item_options" VALUES('opt_028_003_01','item_028_003','Khẩu phần','thường',0,1,1);
INSERT INTO "item_options" VALUES('opt_028_003_02','item_028_003','Khẩu phần','thêm topping',15000,0,2);
INSERT INTO "item_options" VALUES('opt_028_004_01','item_028_004','Đường','0%',0,0,1);
INSERT INTO "item_options" VALUES('opt_028_004_02','item_028_004','Đường','50%',0,1,2);
INSERT INTO "item_options" VALUES('opt_028_004_03','item_028_004','Đường','100%',0,0,3);
INSERT INTO "item_options" VALUES('opt_028_004_04','item_028_004','Đá','ít đá',0,0,4);
INSERT INTO "item_options" VALUES('opt_028_004_05','item_028_004','Đá','bình thường',0,1,5);
INSERT INTO "item_options" VALUES('opt_028_005_01','item_028_005','Đường','0%',0,0,1);
INSERT INTO "item_options" VALUES('opt_028_005_02','item_028_005','Đường','50%',0,1,2);
INSERT INTO "item_options" VALUES('opt_028_005_03','item_028_005','Đường','100%',0,0,3);
INSERT INTO "item_options" VALUES('opt_028_005_04','item_028_005','Đá','ít đá',0,0,4);
INSERT INTO "item_options" VALUES('opt_028_005_05','item_028_005','Đá','bình thường',0,1,5);
INSERT INTO "item_options" VALUES('opt_028_006_01','item_028_006','Đường','0%',0,0,1);
INSERT INTO "item_options" VALUES('opt_028_006_02','item_028_006','Đường','50%',0,1,2);
INSERT INTO "item_options" VALUES('opt_028_006_03','item_028_006','Đường','100%',0,0,3);
INSERT INTO "item_options" VALUES('opt_028_006_04','item_028_006','Đá','ít đá',0,0,4);
INSERT INTO "item_options" VALUES('opt_028_006_05','item_028_006','Đá','bình thường',0,1,5);
INSERT INTO "item_options" VALUES('opt_029_001_01','item_029_001','Mức cay','ít cay',0,0,1);
INSERT INTO "item_options" VALUES('opt_029_001_02','item_029_001','Mức cay','vừa',0,1,2);
INSERT INTO "item_options" VALUES('opt_029_001_03','item_029_001','Mức cay','cay nhiều',5000,0,3);
INSERT INTO "item_options" VALUES('opt_029_002_01','item_029_002','Mức cay','ít cay',0,0,1);
INSERT INTO "item_options" VALUES('opt_029_002_02','item_029_002','Mức cay','vừa',0,1,2);
INSERT INTO "item_options" VALUES('opt_029_002_03','item_029_002','Mức cay','cay nhiều',5000,0,3);
INSERT INTO "item_options" VALUES('opt_029_003_01','item_029_003','Mức cay','ít cay',0,0,1);
INSERT INTO "item_options" VALUES('opt_029_003_02','item_029_003','Mức cay','vừa',0,1,2);
INSERT INTO "item_options" VALUES('opt_029_003_03','item_029_003','Mức cay','cay nhiều',5000,0,3);
INSERT INTO "item_options" VALUES('opt_029_004_01','item_029_004','Khẩu phần','thường',0,1,1);
INSERT INTO "item_options" VALUES('opt_029_004_02','item_029_004','Khẩu phần','thêm topping',15000,0,2);
INSERT INTO "item_options" VALUES('opt_029_005_01','item_029_005','Khẩu phần','thường',0,1,1);
INSERT INTO "item_options" VALUES('opt_029_005_02','item_029_005','Khẩu phần','thêm topping',15000,0,2);
INSERT INTO "item_options" VALUES('opt_029_006_01','item_029_006','Đường','0%',0,0,1);
INSERT INTO "item_options" VALUES('opt_029_006_02','item_029_006','Đường','50%',0,1,2);
INSERT INTO "item_options" VALUES('opt_029_006_03','item_029_006','Đường','100%',0,0,3);
INSERT INTO "item_options" VALUES('opt_029_006_04','item_029_006','Đá','ít đá',0,0,4);
INSERT INTO "item_options" VALUES('opt_029_006_05','item_029_006','Đá','bình thường',0,1,5);
INSERT INTO "item_options" VALUES('opt_030_001_01','item_030_001','Mức cay','ít cay',0,0,1);
INSERT INTO "item_options" VALUES('opt_030_001_02','item_030_001','Mức cay','vừa',0,1,2);
INSERT INTO "item_options" VALUES('opt_030_001_03','item_030_001','Mức cay','cay nhiều',5000,0,3);
INSERT INTO "item_options" VALUES('opt_030_002_01','item_030_002','Mức cay','ít cay',0,0,1);
INSERT INTO "item_options" VALUES('opt_030_002_02','item_030_002','Mức cay','vừa',0,1,2);
INSERT INTO "item_options" VALUES('opt_030_002_03','item_030_002','Mức cay','cay nhiều',5000,0,3);
INSERT INTO "item_options" VALUES('opt_030_003_01','item_030_003','Mức cay','ít cay',0,0,1);
INSERT INTO "item_options" VALUES('opt_030_003_02','item_030_003','Mức cay','vừa',0,1,2);
INSERT INTO "item_options" VALUES('opt_030_003_03','item_030_003','Mức cay','cay nhiều',5000,0,3);
INSERT INTO "item_options" VALUES('opt_030_004_01','item_030_004','Mức cay','ít cay',0,0,1);
INSERT INTO "item_options" VALUES('opt_030_004_02','item_030_004','Mức cay','vừa',0,1,2);
INSERT INTO "item_options" VALUES('opt_030_004_03','item_030_004','Mức cay','cay nhiều',5000,0,3);
INSERT INTO "item_options" VALUES('opt_030_005_01','item_030_005','Khẩu phần','thường',0,1,1);
INSERT INTO "item_options" VALUES('opt_030_005_02','item_030_005','Khẩu phần','thêm topping',15000,0,2);
INSERT INTO "item_options" VALUES('opt_030_006_01','item_030_006','Đường','0%',0,0,1);
INSERT INTO "item_options" VALUES('opt_030_006_02','item_030_006','Đường','50%',0,1,2);
INSERT INTO "item_options" VALUES('opt_030_006_03','item_030_006','Đường','100%',0,0,3);
INSERT INTO "item_options" VALUES('opt_030_006_04','item_030_006','Đá','ít đá',0,0,4);
INSERT INTO "item_options" VALUES('opt_030_006_05','item_030_006','Đá','bình thường',0,1,5);
INSERT INTO "item_options" VALUES('opt_031_001_01','item_031_001','Khẩu phần','thường',0,1,1);
INSERT INTO "item_options" VALUES('opt_031_001_02','item_031_001','Khẩu phần','thêm topping',15000,0,2);
INSERT INTO "item_options" VALUES('opt_031_002_01','item_031_002','Mức cay','ít cay',0,0,1);
INSERT INTO "item_options" VALUES('opt_031_002_02','item_031_002','Mức cay','vừa',0,1,2);
INSERT INTO "item_options" VALUES('opt_031_002_03','item_031_002','Mức cay','cay nhiều',5000,0,3);
INSERT INTO "item_options" VALUES('opt_031_003_01','item_031_003','Mức cay','ít cay',0,0,1);
INSERT INTO "item_options" VALUES('opt_031_003_02','item_031_003','Mức cay','vừa',0,1,2);
INSERT INTO "item_options" VALUES('opt_031_003_03','item_031_003','Mức cay','cay nhiều',5000,0,3);
INSERT INTO "item_options" VALUES('opt_031_004_01','item_031_004','Khẩu phần','thường',0,1,1);
INSERT INTO "item_options" VALUES('opt_031_004_02','item_031_004','Khẩu phần','thêm topping',15000,0,2);
INSERT INTO "item_options" VALUES('opt_031_005_01','item_031_005','Khẩu phần','thường',0,1,1);
INSERT INTO "item_options" VALUES('opt_031_005_02','item_031_005','Khẩu phần','thêm topping',15000,0,2);
INSERT INTO "item_options" VALUES('opt_031_006_01','item_031_006','Đường','0%',0,0,1);
INSERT INTO "item_options" VALUES('opt_031_006_02','item_031_006','Đường','50%',0,1,2);
INSERT INTO "item_options" VALUES('opt_031_006_03','item_031_006','Đường','100%',0,0,3);
INSERT INTO "item_options" VALUES('opt_031_006_04','item_031_006','Đá','ít đá',0,0,4);
INSERT INTO "item_options" VALUES('opt_031_006_05','item_031_006','Đá','bình thường',0,1,5);
INSERT INTO "item_options" VALUES('opt_032_001_01','item_032_001','Mức cay','ít cay',0,0,1);
INSERT INTO "item_options" VALUES('opt_032_001_02','item_032_001','Mức cay','vừa',0,1,2);
INSERT INTO "item_options" VALUES('opt_032_001_03','item_032_001','Mức cay','cay nhiều',5000,0,3);
INSERT INTO "item_options" VALUES('opt_032_002_01','item_032_002','Mức cay','ít cay',0,0,1);
INSERT INTO "item_options" VALUES('opt_032_002_02','item_032_002','Mức cay','vừa',0,1,2);
INSERT INTO "item_options" VALUES('opt_032_002_03','item_032_002','Mức cay','cay nhiều',5000,0,3);
INSERT INTO "item_options" VALUES('opt_032_003_01','item_032_003','Mức cay','ít cay',0,0,1);
INSERT INTO "item_options" VALUES('opt_032_003_02','item_032_003','Mức cay','vừa',0,1,2);
INSERT INTO "item_options" VALUES('opt_032_003_03','item_032_003','Mức cay','cay nhiều',5000,0,3);
INSERT INTO "item_options" VALUES('opt_032_004_01','item_032_004','Khẩu phần','thường',0,1,1);
INSERT INTO "item_options" VALUES('opt_032_004_02','item_032_004','Khẩu phần','thêm topping',15000,0,2);
INSERT INTO "item_options" VALUES('opt_032_005_01','item_032_005','Khẩu phần','thường',0,1,1);
INSERT INTO "item_options" VALUES('opt_032_005_02','item_032_005','Khẩu phần','thêm topping',15000,0,2);
INSERT INTO "item_options" VALUES('opt_032_006_01','item_032_006','Đường','0%',0,0,1);
INSERT INTO "item_options" VALUES('opt_032_006_02','item_032_006','Đường','50%',0,1,2);
INSERT INTO "item_options" VALUES('opt_032_006_03','item_032_006','Đường','100%',0,0,3);
INSERT INTO "item_options" VALUES('opt_032_006_04','item_032_006','Đá','ít đá',0,0,4);
INSERT INTO "item_options" VALUES('opt_032_006_05','item_032_006','Đá','bình thường',0,1,5);
INSERT INTO "item_options" VALUES('opt_033_001_01','item_033_001','Khẩu phần','thường',0,1,1);
INSERT INTO "item_options" VALUES('opt_033_001_02','item_033_001','Khẩu phần','thêm topping',15000,0,2);
INSERT INTO "item_options" VALUES('opt_033_002_01','item_033_002','Khẩu phần','thường',0,1,1);
INSERT INTO "item_options" VALUES('opt_033_002_02','item_033_002','Khẩu phần','thêm topping',15000,0,2);
INSERT INTO "item_options" VALUES('opt_033_003_01','item_033_003','Khẩu phần','thường',0,1,1);
INSERT INTO "item_options" VALUES('opt_033_003_02','item_033_003','Khẩu phần','thêm topping',15000,0,2);
INSERT INTO "item_options" VALUES('opt_033_004_01','item_033_004','Khẩu phần','thường',0,1,1);
INSERT INTO "item_options" VALUES('opt_033_004_02','item_033_004','Khẩu phần','thêm topping',15000,0,2);
INSERT INTO "item_options" VALUES('opt_033_005_01','item_033_005','Khẩu phần','thường',0,1,1);
INSERT INTO "item_options" VALUES('opt_033_005_02','item_033_005','Khẩu phần','thêm topping',15000,0,2);
INSERT INTO "item_options" VALUES('opt_033_006_01','item_033_006','Đường','0%',0,0,1);
INSERT INTO "item_options" VALUES('opt_033_006_02','item_033_006','Đường','50%',0,1,2);
INSERT INTO "item_options" VALUES('opt_033_006_03','item_033_006','Đường','100%',0,0,3);
INSERT INTO "item_options" VALUES('opt_033_006_04','item_033_006','Đá','ít đá',0,0,4);
INSERT INTO "item_options" VALUES('opt_033_006_05','item_033_006','Đá','bình thường',0,1,5);
INSERT INTO "item_options" VALUES('opt_034_001_01','item_034_001','Mức cay','ít cay',0,0,1);
INSERT INTO "item_options" VALUES('opt_034_001_02','item_034_001','Mức cay','vừa',0,1,2);
INSERT INTO "item_options" VALUES('opt_034_001_03','item_034_001','Mức cay','cay nhiều',5000,0,3);
INSERT INTO "item_options" VALUES('opt_034_002_01','item_034_002','Mức cay','ít cay',0,0,1);
INSERT INTO "item_options" VALUES('opt_034_002_02','item_034_002','Mức cay','vừa',0,1,2);
INSERT INTO "item_options" VALUES('opt_034_002_03','item_034_002','Mức cay','cay nhiều',5000,0,3);
INSERT INTO "item_options" VALUES('opt_034_003_01','item_034_003','Mức cay','ít cay',0,0,1);
INSERT INTO "item_options" VALUES('opt_034_003_02','item_034_003','Mức cay','vừa',0,1,2);
INSERT INTO "item_options" VALUES('opt_034_003_03','item_034_003','Mức cay','cay nhiều',5000,0,3);
INSERT INTO "item_options" VALUES('opt_034_004_01','item_034_004','Mức cay','ít cay',0,0,1);
INSERT INTO "item_options" VALUES('opt_034_004_02','item_034_004','Mức cay','vừa',0,1,2);
INSERT INTO "item_options" VALUES('opt_034_004_03','item_034_004','Mức cay','cay nhiều',5000,0,3);
INSERT INTO "item_options" VALUES('opt_034_005_01','item_034_005','Mức cay','ít cay',0,0,1);
INSERT INTO "item_options" VALUES('opt_034_005_02','item_034_005','Mức cay','vừa',0,1,2);
INSERT INTO "item_options" VALUES('opt_034_005_03','item_034_005','Mức cay','cay nhiều',5000,0,3);
INSERT INTO "item_options" VALUES('opt_034_006_01','item_034_006','Đường','0%',0,0,1);
INSERT INTO "item_options" VALUES('opt_034_006_02','item_034_006','Đường','50%',0,1,2);
INSERT INTO "item_options" VALUES('opt_034_006_03','item_034_006','Đường','100%',0,0,3);
INSERT INTO "item_options" VALUES('opt_034_006_04','item_034_006','Đá','ít đá',0,0,4);
INSERT INTO "item_options" VALUES('opt_034_006_05','item_034_006','Đá','bình thường',0,1,5);
INSERT INTO "item_options" VALUES('opt_035_001_01','item_035_001','Mức cay','ít cay',0,0,1);
INSERT INTO "item_options" VALUES('opt_035_001_02','item_035_001','Mức cay','vừa',0,1,2);
INSERT INTO "item_options" VALUES('opt_035_001_03','item_035_001','Mức cay','cay nhiều',5000,0,3);
INSERT INTO "item_options" VALUES('opt_035_002_01','item_035_002','Mức cay','ít cay',0,0,1);
INSERT INTO "item_options" VALUES('opt_035_002_02','item_035_002','Mức cay','vừa',0,1,2);
INSERT INTO "item_options" VALUES('opt_035_002_03','item_035_002','Mức cay','cay nhiều',5000,0,3);
INSERT INTO "item_options" VALUES('opt_035_003_01','item_035_003','Mức cay','ít cay',0,0,1);
INSERT INTO "item_options" VALUES('opt_035_003_02','item_035_003','Mức cay','vừa',0,1,2);
INSERT INTO "item_options" VALUES('opt_035_003_03','item_035_003','Mức cay','cay nhiều',5000,0,3);
INSERT INTO "item_options" VALUES('opt_035_004_01','item_035_004','Khẩu phần','thường',0,1,1);
INSERT INTO "item_options" VALUES('opt_035_004_02','item_035_004','Khẩu phần','thêm topping',15000,0,2);
INSERT INTO "item_options" VALUES('opt_035_005_01','item_035_005','Khẩu phần','thường',0,1,1);
INSERT INTO "item_options" VALUES('opt_035_005_02','item_035_005','Khẩu phần','thêm topping',15000,0,2);
INSERT INTO "item_options" VALUES('opt_035_006_01','item_035_006','Đường','0%',0,0,1);
INSERT INTO "item_options" VALUES('opt_035_006_02','item_035_006','Đường','50%',0,1,2);
INSERT INTO "item_options" VALUES('opt_035_006_03','item_035_006','Đường','100%',0,0,3);
INSERT INTO "item_options" VALUES('opt_035_006_04','item_035_006','Đá','ít đá',0,0,4);
INSERT INTO "item_options" VALUES('opt_035_006_05','item_035_006','Đá','bình thường',0,1,5);
INSERT INTO "item_options" VALUES('opt_036_001_01','item_036_001','Khẩu phần','thường',0,1,1);
INSERT INTO "item_options" VALUES('opt_036_001_02','item_036_001','Khẩu phần','thêm topping',15000,0,2);
INSERT INTO "item_options" VALUES('opt_036_002_01','item_036_002','Khẩu phần','thường',0,1,1);
INSERT INTO "item_options" VALUES('opt_036_002_02','item_036_002','Khẩu phần','thêm topping',15000,0,2);
INSERT INTO "item_options" VALUES('opt_036_003_01','item_036_003','Khẩu phần','thường',0,1,1);
INSERT INTO "item_options" VALUES('opt_036_003_02','item_036_003','Khẩu phần','thêm topping',15000,0,2);
INSERT INTO "item_options" VALUES('opt_036_004_01','item_036_004','Khẩu phần','thường',0,1,1);
INSERT INTO "item_options" VALUES('opt_036_004_02','item_036_004','Khẩu phần','thêm topping',15000,0,2);
INSERT INTO "item_options" VALUES('opt_036_005_01','item_036_005','Đường','0%',0,0,1);
INSERT INTO "item_options" VALUES('opt_036_005_02','item_036_005','Đường','50%',0,1,2);
INSERT INTO "item_options" VALUES('opt_036_005_03','item_036_005','Đường','100%',0,0,3);
INSERT INTO "item_options" VALUES('opt_036_005_04','item_036_005','Đá','ít đá',0,0,4);
INSERT INTO "item_options" VALUES('opt_036_005_05','item_036_005','Đá','bình thường',0,1,5);
INSERT INTO "item_options" VALUES('opt_036_006_01','item_036_006','Khẩu phần','thường',0,1,1);
INSERT INTO "item_options" VALUES('opt_036_006_02','item_036_006','Khẩu phần','thêm topping',15000,0,2);
INSERT INTO "item_options" VALUES('opt_037_001_01','item_037_001','Size','vừa',0,1,1);
INSERT INTO "item_options" VALUES('opt_037_001_02','item_037_001','Size','lớn',25000,0,2);
INSERT INTO "item_options" VALUES('opt_037_002_01','item_037_002','Size','vừa',0,1,1);
INSERT INTO "item_options" VALUES('opt_037_002_02','item_037_002','Size','lớn',25000,0,2);
INSERT INTO "item_options" VALUES('opt_037_003_01','item_037_003','Khẩu phần','thường',0,1,1);
INSERT INTO "item_options" VALUES('opt_037_003_02','item_037_003','Khẩu phần','thêm topping',15000,0,2);
INSERT INTO "item_options" VALUES('opt_037_004_01','item_037_004','Khẩu phần','thường',0,1,1);
INSERT INTO "item_options" VALUES('opt_037_004_02','item_037_004','Khẩu phần','thêm topping',15000,0,2);
INSERT INTO "item_options" VALUES('opt_037_005_01','item_037_005','Khẩu phần','thường',0,1,1);
INSERT INTO "item_options" VALUES('opt_037_005_02','item_037_005','Khẩu phần','thêm topping',15000,0,2);
INSERT INTO "item_options" VALUES('opt_037_006_01','item_037_006','Đường','0%',0,0,1);
INSERT INTO "item_options" VALUES('opt_037_006_02','item_037_006','Đường','50%',0,1,2);
INSERT INTO "item_options" VALUES('opt_037_006_03','item_037_006','Đường','100%',0,0,3);
INSERT INTO "item_options" VALUES('opt_037_006_04','item_037_006','Đá','ít đá',0,0,4);
INSERT INTO "item_options" VALUES('opt_037_006_05','item_037_006','Đá','bình thường',0,1,5);
INSERT INTO "item_options" VALUES('opt_038_001_01','item_038_001','Khẩu phần','thường',0,1,1);
INSERT INTO "item_options" VALUES('opt_038_001_02','item_038_001','Khẩu phần','thêm topping',15000,0,2);
INSERT INTO "item_options" VALUES('opt_038_002_01','item_038_002','Khẩu phần','thường',0,1,1);
INSERT INTO "item_options" VALUES('opt_038_002_02','item_038_002','Khẩu phần','thêm topping',15000,0,2);
INSERT INTO "item_options" VALUES('opt_038_003_01','item_038_003','Khẩu phần','thường',0,1,1);
INSERT INTO "item_options" VALUES('opt_038_003_02','item_038_003','Khẩu phần','thêm topping',15000,0,2);
INSERT INTO "item_options" VALUES('opt_038_004_01','item_038_004','Khẩu phần','thường',0,1,1);
INSERT INTO "item_options" VALUES('opt_038_004_02','item_038_004','Khẩu phần','thêm topping',15000,0,2);
INSERT INTO "item_options" VALUES('opt_038_005_01','item_038_005','Khẩu phần','thường',0,1,1);
INSERT INTO "item_options" VALUES('opt_038_005_02','item_038_005','Khẩu phần','thêm topping',15000,0,2);
INSERT INTO "item_options" VALUES('opt_038_006_01','item_038_006','Đường','0%',0,0,1);
INSERT INTO "item_options" VALUES('opt_038_006_02','item_038_006','Đường','50%',0,1,2);
INSERT INTO "item_options" VALUES('opt_038_006_03','item_038_006','Đường','100%',0,0,3);
INSERT INTO "item_options" VALUES('opt_038_006_04','item_038_006','Đá','ít đá',0,0,4);
INSERT INTO "item_options" VALUES('opt_038_006_05','item_038_006','Đá','bình thường',0,1,5);
INSERT INTO "item_options" VALUES('opt_039_001_01','item_039_001','Khẩu phần','thường',0,1,1);
INSERT INTO "item_options" VALUES('opt_039_001_02','item_039_001','Khẩu phần','thêm topping',15000,0,2);
INSERT INTO "item_options" VALUES('opt_039_002_01','item_039_002','Khẩu phần','thường',0,1,1);
INSERT INTO "item_options" VALUES('opt_039_002_02','item_039_002','Khẩu phần','thêm topping',15000,0,2);
INSERT INTO "item_options" VALUES('opt_039_003_01','item_039_003','Khẩu phần','thường',0,1,1);
INSERT INTO "item_options" VALUES('opt_039_003_02','item_039_003','Khẩu phần','thêm topping',15000,0,2);
INSERT INTO "item_options" VALUES('opt_039_004_01','item_039_004','Khẩu phần','thường',0,1,1);
INSERT INTO "item_options" VALUES('opt_039_004_02','item_039_004','Khẩu phần','thêm topping',15000,0,2);
INSERT INTO "item_options" VALUES('opt_039_005_01','item_039_005','Khẩu phần','thường',0,1,1);
INSERT INTO "item_options" VALUES('opt_039_005_02','item_039_005','Khẩu phần','thêm topping',15000,0,2);
INSERT INTO "item_options" VALUES('opt_039_006_01','item_039_006','Đường','0%',0,0,1);
INSERT INTO "item_options" VALUES('opt_039_006_02','item_039_006','Đường','50%',0,1,2);
INSERT INTO "item_options" VALUES('opt_039_006_03','item_039_006','Đường','100%',0,0,3);
INSERT INTO "item_options" VALUES('opt_039_006_04','item_039_006','Đá','ít đá',0,0,4);
INSERT INTO "item_options" VALUES('opt_039_006_05','item_039_006','Đá','bình thường',0,1,5);
INSERT INTO "item_options" VALUES('opt_040_001_01','item_040_001','Khẩu phần','thường',0,1,1);
INSERT INTO "item_options" VALUES('opt_040_001_02','item_040_001','Khẩu phần','thêm topping',15000,0,2);
INSERT INTO "item_options" VALUES('opt_040_002_01','item_040_002','Khẩu phần','thường',0,1,1);
INSERT INTO "item_options" VALUES('opt_040_002_02','item_040_002','Khẩu phần','thêm topping',15000,0,2);
INSERT INTO "item_options" VALUES('opt_040_003_01','item_040_003','Khẩu phần','thường',0,1,1);
INSERT INTO "item_options" VALUES('opt_040_003_02','item_040_003','Khẩu phần','thêm topping',15000,0,2);
INSERT INTO "item_options" VALUES('opt_040_004_01','item_040_004','Khẩu phần','thường',0,1,1);
INSERT INTO "item_options" VALUES('opt_040_004_02','item_040_004','Khẩu phần','thêm topping',15000,0,2);
INSERT INTO "item_options" VALUES('opt_040_005_01','item_040_005','Khẩu phần','thường',0,1,1);
INSERT INTO "item_options" VALUES('opt_040_005_02','item_040_005','Khẩu phần','thêm topping',15000,0,2);
INSERT INTO "item_options" VALUES('opt_040_006_01','item_040_006','Đường','0%',0,0,1);
INSERT INTO "item_options" VALUES('opt_040_006_02','item_040_006','Đường','50%',0,1,2);
INSERT INTO "item_options" VALUES('opt_040_006_03','item_040_006','Đường','100%',0,0,3);
INSERT INTO "item_options" VALUES('opt_040_006_04','item_040_006','Đá','ít đá',0,0,4);
INSERT INTO "item_options" VALUES('opt_040_006_05','item_040_006','Đá','bình thường',0,1,5);
INSERT INTO "item_options" VALUES('opt_041_001_01','item_041_001','Khẩu phần','thường',0,1,1);
INSERT INTO "item_options" VALUES('opt_041_001_02','item_041_001','Khẩu phần','thêm topping',15000,0,2);
INSERT INTO "item_options" VALUES('opt_041_002_01','item_041_002','Khẩu phần','thường',0,1,1);
INSERT INTO "item_options" VALUES('opt_041_002_02','item_041_002','Khẩu phần','thêm topping',15000,0,2);
INSERT INTO "item_options" VALUES('opt_041_003_01','item_041_003','Khẩu phần','thường',0,1,1);
INSERT INTO "item_options" VALUES('opt_041_003_02','item_041_003','Khẩu phần','thêm topping',15000,0,2);
INSERT INTO "item_options" VALUES('opt_041_004_01','item_041_004','Khẩu phần','thường',0,1,1);
INSERT INTO "item_options" VALUES('opt_041_004_02','item_041_004','Khẩu phần','thêm topping',15000,0,2);
INSERT INTO "item_options" VALUES('opt_041_005_01','item_041_005','Khẩu phần','thường',0,1,1);
INSERT INTO "item_options" VALUES('opt_041_005_02','item_041_005','Khẩu phần','thêm topping',15000,0,2);
INSERT INTO "item_options" VALUES('opt_041_006_01','item_041_006','Đường','0%',0,0,1);
INSERT INTO "item_options" VALUES('opt_041_006_02','item_041_006','Đường','50%',0,1,2);
INSERT INTO "item_options" VALUES('opt_041_006_03','item_041_006','Đường','100%',0,0,3);
INSERT INTO "item_options" VALUES('opt_041_006_04','item_041_006','Đá','ít đá',0,0,4);
INSERT INTO "item_options" VALUES('opt_041_006_05','item_041_006','Đá','bình thường',0,1,5);
INSERT INTO "item_options" VALUES('opt_042_001_01','item_042_001','Mức cay','ít cay',0,0,1);
INSERT INTO "item_options" VALUES('opt_042_001_02','item_042_001','Mức cay','vừa',0,1,2);
INSERT INTO "item_options" VALUES('opt_042_001_03','item_042_001','Mức cay','cay nhiều',5000,0,3);
INSERT INTO "item_options" VALUES('opt_042_002_01','item_042_002','Khẩu phần','thường',0,1,1);
INSERT INTO "item_options" VALUES('opt_042_002_02','item_042_002','Khẩu phần','thêm topping',15000,0,2);
INSERT INTO "item_options" VALUES('opt_042_003_01','item_042_003','Mức cay','ít cay',0,0,1);
INSERT INTO "item_options" VALUES('opt_042_003_02','item_042_003','Mức cay','vừa',0,1,2);
INSERT INTO "item_options" VALUES('opt_042_003_03','item_042_003','Mức cay','cay nhiều',5000,0,3);
INSERT INTO "item_options" VALUES('opt_042_004_01','item_042_004','Mức cay','ít cay',0,0,1);
INSERT INTO "item_options" VALUES('opt_042_004_02','item_042_004','Mức cay','vừa',0,1,2);
INSERT INTO "item_options" VALUES('opt_042_004_03','item_042_004','Mức cay','cay nhiều',5000,0,3);
INSERT INTO "item_options" VALUES('opt_042_005_01','item_042_005','Khẩu phần','thường',0,1,1);
INSERT INTO "item_options" VALUES('opt_042_005_02','item_042_005','Khẩu phần','thêm topping',15000,0,2);
INSERT INTO "item_options" VALUES('opt_042_006_01','item_042_006','Đường','0%',0,0,1);
INSERT INTO "item_options" VALUES('opt_042_006_02','item_042_006','Đường','50%',0,1,2);
INSERT INTO "item_options" VALUES('opt_042_006_03','item_042_006','Đường','100%',0,0,3);
INSERT INTO "item_options" VALUES('opt_042_006_04','item_042_006','Đá','ít đá',0,0,4);
INSERT INTO "item_options" VALUES('opt_042_006_05','item_042_006','Đá','bình thường',0,1,5);
INSERT INTO "item_options" VALUES('opt_043_001_01','item_043_001','Khẩu phần','thường',0,1,1);
INSERT INTO "item_options" VALUES('opt_043_001_02','item_043_001','Khẩu phần','thêm topping',15000,0,2);
INSERT INTO "item_options" VALUES('opt_043_002_01','item_043_002','Khẩu phần','thường',0,1,1);
INSERT INTO "item_options" VALUES('opt_043_002_02','item_043_002','Khẩu phần','thêm topping',15000,0,2);
INSERT INTO "item_options" VALUES('opt_043_003_01','item_043_003','Khẩu phần','thường',0,1,1);
INSERT INTO "item_options" VALUES('opt_043_003_02','item_043_003','Khẩu phần','thêm topping',15000,0,2);
INSERT INTO "item_options" VALUES('opt_043_004_01','item_043_004','Khẩu phần','thường',0,1,1);
INSERT INTO "item_options" VALUES('opt_043_004_02','item_043_004','Khẩu phần','thêm topping',15000,0,2);
INSERT INTO "item_options" VALUES('opt_043_005_01','item_043_005','Khẩu phần','thường',0,1,1);
INSERT INTO "item_options" VALUES('opt_043_005_02','item_043_005','Khẩu phần','thêm topping',15000,0,2);
INSERT INTO "item_options" VALUES('opt_043_006_01','item_043_006','Đường','0%',0,0,1);
INSERT INTO "item_options" VALUES('opt_043_006_02','item_043_006','Đường','50%',0,1,2);
INSERT INTO "item_options" VALUES('opt_043_006_03','item_043_006','Đường','100%',0,0,3);
INSERT INTO "item_options" VALUES('opt_043_006_04','item_043_006','Đá','ít đá',0,0,4);
INSERT INTO "item_options" VALUES('opt_043_006_05','item_043_006','Đá','bình thường',0,1,5);
INSERT INTO "item_options" VALUES('opt_044_001_01','item_044_001','Khẩu phần','thường',0,1,1);
INSERT INTO "item_options" VALUES('opt_044_001_02','item_044_001','Khẩu phần','thêm topping',15000,0,2);
INSERT INTO "item_options" VALUES('opt_044_002_01','item_044_002','Khẩu phần','thường',0,1,1);
INSERT INTO "item_options" VALUES('opt_044_002_02','item_044_002','Khẩu phần','thêm topping',15000,0,2);
INSERT INTO "item_options" VALUES('opt_044_003_01','item_044_003','Khẩu phần','thường',0,1,1);
INSERT INTO "item_options" VALUES('opt_044_003_02','item_044_003','Khẩu phần','thêm topping',15000,0,2);
INSERT INTO "item_options" VALUES('opt_044_004_01','item_044_004','Khẩu phần','thường',0,1,1);
INSERT INTO "item_options" VALUES('opt_044_004_02','item_044_004','Khẩu phần','thêm topping',15000,0,2);
INSERT INTO "item_options" VALUES('opt_044_005_01','item_044_005','Khẩu phần','thường',0,1,1);
INSERT INTO "item_options" VALUES('opt_044_005_02','item_044_005','Khẩu phần','thêm topping',15000,0,2);
INSERT INTO "item_options" VALUES('opt_044_006_01','item_044_006','Đường','0%',0,0,1);
INSERT INTO "item_options" VALUES('opt_044_006_02','item_044_006','Đường','50%',0,1,2);
INSERT INTO "item_options" VALUES('opt_044_006_03','item_044_006','Đường','100%',0,0,3);
INSERT INTO "item_options" VALUES('opt_044_006_04','item_044_006','Đá','ít đá',0,0,4);
INSERT INTO "item_options" VALUES('opt_044_006_05','item_044_006','Đá','bình thường',0,1,5);
CREATE TABLE item_promotions (
  item_id TEXT NOT NULL,
  promotion_id TEXT NOT NULL,
  PRIMARY KEY (item_id, promotion_id),
  FOREIGN KEY (item_id) REFERENCES menu_items(id) ON DELETE CASCADE,
  FOREIGN KEY (promotion_id) REFERENCES promotions(id) ON DELETE CASCADE
);
INSERT INTO "item_promotions" VALUES('item_001_001','promo_008');
INSERT INTO "item_promotions" VALUES('item_001_002','promo_008');
INSERT INTO "item_promotions" VALUES('item_001_003','promo_008');
INSERT INTO "item_promotions" VALUES('item_001_005','promo_008');
INSERT INTO "item_promotions" VALUES('item_002_002','promo_006');
INSERT INTO "item_promotions" VALUES('item_002_005','promo_004');
INSERT INTO "item_promotions" VALUES('item_003_004','promo_005');
INSERT INTO "item_promotions" VALUES('item_003_005','promo_005');
INSERT INTO "item_promotions" VALUES('item_004_003','promo_004');
INSERT INTO "item_promotions" VALUES('item_004_005','promo_004');
INSERT INTO "item_promotions" VALUES('item_004_006','promo_004');
INSERT INTO "item_promotions" VALUES('item_005_001','promo_003');
INSERT INTO "item_promotions" VALUES('item_005_002','promo_003');
INSERT INTO "item_promotions" VALUES('item_005_003','promo_003');
INSERT INTO "item_promotions" VALUES('item_005_004','promo_003');
INSERT INTO "item_promotions" VALUES('item_005_006','promo_003');
INSERT INTO "item_promotions" VALUES('item_006_002','promo_007');
INSERT INTO "item_promotions" VALUES('item_006_003','promo_007');
INSERT INTO "item_promotions" VALUES('item_006_004','promo_004');
INSERT INTO "item_promotions" VALUES('item_006_005','promo_007');
INSERT INTO "item_promotions" VALUES('item_006_006','promo_004');
INSERT INTO "item_promotions" VALUES('item_007_001','promo_004');
INSERT INTO "item_promotions" VALUES('item_007_002','promo_004');
INSERT INTO "item_promotions" VALUES('item_007_004','promo_008');
INSERT INTO "item_promotions" VALUES('item_007_006','promo_004');
INSERT INTO "item_promotions" VALUES('item_008_001','promo_008');
INSERT INTO "item_promotions" VALUES('item_008_002','promo_008');
INSERT INTO "item_promotions" VALUES('item_008_005','promo_008');
INSERT INTO "item_promotions" VALUES('item_009_001','promo_005');
INSERT INTO "item_promotions" VALUES('item_009_003','promo_005');
INSERT INTO "item_promotions" VALUES('item_009_006','promo_005');
INSERT INTO "item_promotions" VALUES('item_010_001','promo_002');
INSERT INTO "item_promotions" VALUES('item_010_002','promo_002');
INSERT INTO "item_promotions" VALUES('item_010_004','promo_006');
INSERT INTO "item_promotions" VALUES('item_011_003','promo_003');
INSERT INTO "item_promotions" VALUES('item_011_005','promo_006');
INSERT INTO "item_promotions" VALUES('item_011_006','promo_003');
INSERT INTO "item_promotions" VALUES('item_012_001','promo_006');
INSERT INTO "item_promotions" VALUES('item_012_002','promo_001');
INSERT INTO "item_promotions" VALUES('item_012_005','promo_003');
INSERT INTO "item_promotions" VALUES('item_013_002','promo_006');
INSERT INTO "item_promotions" VALUES('item_013_004','promo_006');
INSERT INTO "item_promotions" VALUES('item_013_006','promo_006');
INSERT INTO "item_promotions" VALUES('item_014_003','promo_005');
INSERT INTO "item_promotions" VALUES('item_015_002','promo_001');
INSERT INTO "item_promotions" VALUES('item_015_003','promo_005');
INSERT INTO "item_promotions" VALUES('item_015_004','promo_001');
INSERT INTO "item_promotions" VALUES('item_015_006','promo_005');
INSERT INTO "item_promotions" VALUES('item_016_003','promo_007');
INSERT INTO "item_promotions" VALUES('item_016_006','promo_007');
INSERT INTO "item_promotions" VALUES('item_017_005','promo_008');
INSERT INTO "item_promotions" VALUES('item_017_006','promo_004');
INSERT INTO "item_promotions" VALUES('item_018_002','promo_006');
INSERT INTO "item_promotions" VALUES('item_018_003','promo_001');
INSERT INTO "item_promotions" VALUES('item_018_004','promo_006');
INSERT INTO "item_promotions" VALUES('item_018_006','promo_006');
INSERT INTO "item_promotions" VALUES('item_019_001','promo_006');
INSERT INTO "item_promotions" VALUES('item_019_003','promo_002');
INSERT INTO "item_promotions" VALUES('item_019_005','promo_006');
INSERT INTO "item_promotions" VALUES('item_020_001','promo_001');
INSERT INTO "item_promotions" VALUES('item_020_002','promo_007');
INSERT INTO "item_promotions" VALUES('item_020_004','promo_007');
INSERT INTO "item_promotions" VALUES('item_020_005','promo_001');
INSERT INTO "item_promotions" VALUES('item_021_001','promo_006');
INSERT INTO "item_promotions" VALUES('item_021_002','promo_006');
INSERT INTO "item_promotions" VALUES('item_021_003','promo_006');
INSERT INTO "item_promotions" VALUES('item_021_006','promo_006');
INSERT INTO "item_promotions" VALUES('item_022_001','promo_006');
INSERT INTO "item_promotions" VALUES('item_022_002','promo_008');
INSERT INTO "item_promotions" VALUES('item_022_004','promo_006');
INSERT INTO "item_promotions" VALUES('item_022_006','promo_008');
INSERT INTO "item_promotions" VALUES('item_023_002','promo_006');
INSERT INTO "item_promotions" VALUES('item_023_004','promo_003');
INSERT INTO "item_promotions" VALUES('item_023_005','promo_006');
INSERT INTO "item_promotions" VALUES('item_024_003','promo_003');
INSERT INTO "item_promotions" VALUES('item_024_006','promo_003');
INSERT INTO "item_promotions" VALUES('item_025_004','promo_008');
INSERT INTO "item_promotions" VALUES('item_025_005','promo_008');
INSERT INTO "item_promotions" VALUES('item_027_002','promo_004');
INSERT INTO "item_promotions" VALUES('item_027_004','promo_004');
INSERT INTO "item_promotions" VALUES('item_028_004','promo_002');
INSERT INTO "item_promotions" VALUES('item_029_002','promo_002');
INSERT INTO "item_promotions" VALUES('item_029_003','promo_004');
INSERT INTO "item_promotions" VALUES('item_029_004','promo_002');
INSERT INTO "item_promotions" VALUES('item_029_005','promo_002');
INSERT INTO "item_promotions" VALUES('item_030_002','promo_008');
INSERT INTO "item_promotions" VALUES('item_030_004','promo_003');
INSERT INTO "item_promotions" VALUES('item_030_006','promo_008');
INSERT INTO "item_promotions" VALUES('item_031_004','promo_006');
INSERT INTO "item_promotions" VALUES('item_031_005','promo_006');
INSERT INTO "item_promotions" VALUES('item_032_002','promo_002');
INSERT INTO "item_promotions" VALUES('item_032_005','promo_007');
INSERT INTO "item_promotions" VALUES('item_032_006','promo_007');
INSERT INTO "item_promotions" VALUES('item_033_001','promo_004');
INSERT INTO "item_promotions" VALUES('item_033_002','promo_004');
INSERT INTO "item_promotions" VALUES('item_033_003','promo_004');
INSERT INTO "item_promotions" VALUES('item_033_005','promo_004');
INSERT INTO "item_promotions" VALUES('item_033_006','promo_002');
INSERT INTO "item_promotions" VALUES('item_034_001','promo_005');
INSERT INTO "item_promotions" VALUES('item_034_003','promo_002');
INSERT INTO "item_promotions" VALUES('item_034_005','promo_002');
INSERT INTO "item_promotions" VALUES('item_034_006','promo_005');
INSERT INTO "item_promotions" VALUES('item_035_003','promo_006');
INSERT INTO "item_promotions" VALUES('item_035_004','promo_008');
INSERT INTO "item_promotions" VALUES('item_036_002','promo_002');
INSERT INTO "item_promotions" VALUES('item_036_003','promo_008');
INSERT INTO "item_promotions" VALUES('item_036_004','promo_002');
INSERT INTO "item_promotions" VALUES('item_036_005','promo_002');
INSERT INTO "item_promotions" VALUES('item_037_004','promo_003');
INSERT INTO "item_promotions" VALUES('item_037_005','promo_003');
INSERT INTO "item_promotions" VALUES('item_037_006','promo_003');
INSERT INTO "item_promotions" VALUES('item_038_002','promo_004');
INSERT INTO "item_promotions" VALUES('item_038_004','promo_004');
INSERT INTO "item_promotions" VALUES('item_038_005','promo_004');
INSERT INTO "item_promotions" VALUES('item_039_002','promo_004');
INSERT INTO "item_promotions" VALUES('item_039_003','promo_004');
INSERT INTO "item_promotions" VALUES('item_039_006','promo_008');
INSERT INTO "item_promotions" VALUES('item_040_002','promo_007');
INSERT INTO "item_promotions" VALUES('item_040_003','promo_007');
INSERT INTO "item_promotions" VALUES('item_040_005','promo_007');
INSERT INTO "item_promotions" VALUES('item_041_001','promo_006');
INSERT INTO "item_promotions" VALUES('item_041_003','promo_002');
INSERT INTO "item_promotions" VALUES('item_041_004','promo_008');
INSERT INTO "item_promotions" VALUES('item_041_005','promo_002');
INSERT INTO "item_promotions" VALUES('item_042_004','promo_006');
INSERT INTO "item_promotions" VALUES('item_043_002','promo_006');
INSERT INTO "item_promotions" VALUES('item_043_005','promo_006');
INSERT INTO "item_promotions" VALUES('item_044_003','promo_005');
INSERT INTO "item_promotions" VALUES('item_044_005','promo_006');
CREATE TABLE item_tags (
  item_id TEXT NOT NULL,
  tag_id TEXT NOT NULL,
  PRIMARY KEY (item_id, tag_id),
  FOREIGN KEY (item_id) REFERENCES menu_items(id) ON DELETE CASCADE,
  FOREIGN KEY (tag_id) REFERENCES tags(id)
);
INSERT INTO "item_tags" VALUES('item_001_001','tag_062');
INSERT INTO "item_tags" VALUES('item_001_001','tag_005');
INSERT INTO "item_tags" VALUES('item_001_001','tag_093');
INSERT INTO "item_tags" VALUES('item_001_001','tag_074');
INSERT INTO "item_tags" VALUES('item_001_002','tag_032');
INSERT INTO "item_tags" VALUES('item_001_002','tag_092');
INSERT INTO "item_tags" VALUES('item_001_002','tag_093');
INSERT INTO "item_tags" VALUES('item_001_002','tag_096');
INSERT INTO "item_tags" VALUES('item_001_003','tag_097');
INSERT INTO "item_tags" VALUES('item_001_003','tag_062');
INSERT INTO "item_tags" VALUES('item_001_003','tag_096');
INSERT INTO "item_tags" VALUES('item_001_004','tag_055');
INSERT INTO "item_tags" VALUES('item_001_004','tag_032');
INSERT INTO "item_tags" VALUES('item_001_005','tag_058');
INSERT INTO "item_tags" VALUES('item_001_005','tag_086');
INSERT INTO "item_tags" VALUES('item_001_005','tag_096');
INSERT INTO "item_tags" VALUES('item_001_006','tag_099');
INSERT INTO "item_tags" VALUES('item_001_006','tag_037');
INSERT INTO "item_tags" VALUES('item_002_001','tag_056');
INSERT INTO "item_tags" VALUES('item_002_001','tag_097');
INSERT INTO "item_tags" VALUES('item_002_001','tag_005');
INSERT INTO "item_tags" VALUES('item_002_001','tag_074');
INSERT INTO "item_tags" VALUES('item_002_002','tag_057');
INSERT INTO "item_tags" VALUES('item_002_002','tag_092');
INSERT INTO "item_tags" VALUES('item_002_002','tag_096');
INSERT INTO "item_tags" VALUES('item_002_003','tag_062');
INSERT INTO "item_tags" VALUES('item_002_003','tag_097');
INSERT INTO "item_tags" VALUES('item_002_004','tag_085');
INSERT INTO "item_tags" VALUES('item_002_004','tag_032');
INSERT INTO "item_tags" VALUES('item_002_005','tag_078');
INSERT INTO "item_tags" VALUES('item_002_005','tag_096');
INSERT INTO "item_tags" VALUES('item_002_006','tag_099');
INSERT INTO "item_tags" VALUES('item_002_006','tag_077');
INSERT INTO "item_tags" VALUES('item_003_001','tag_056');
INSERT INTO "item_tags" VALUES('item_003_001','tag_090');
INSERT INTO "item_tags" VALUES('item_003_001','tag_097');
INSERT INTO "item_tags" VALUES('item_003_001','tag_074');
INSERT INTO "item_tags" VALUES('item_003_002','tag_043');
INSERT INTO "item_tags" VALUES('item_003_002','tag_032');
INSERT INTO "item_tags" VALUES('item_003_003','tag_093');
INSERT INTO "item_tags" VALUES('item_003_003','tag_062');
INSERT INTO "item_tags" VALUES('item_003_004','tag_095');
INSERT INTO "item_tags" VALUES('item_003_004','tag_009');
INSERT INTO "item_tags" VALUES('item_003_004','tag_096');
INSERT INTO "item_tags" VALUES('item_003_005','tag_051');
INSERT INTO "item_tags" VALUES('item_003_005','tag_017');
INSERT INTO "item_tags" VALUES('item_003_005','tag_096');
INSERT INTO "item_tags" VALUES('item_003_006','tag_090');
INSERT INTO "item_tags" VALUES('item_003_006','tag_022');
INSERT INTO "item_tags" VALUES('item_003_006','tag_074');
INSERT INTO "item_tags" VALUES('item_004_001','tag_039');
INSERT INTO "item_tags" VALUES('item_004_001','tag_068');
INSERT INTO "item_tags" VALUES('item_004_001','tag_086');
INSERT INTO "item_tags" VALUES('item_004_001','tag_074');
INSERT INTO "item_tags" VALUES('item_004_002','tag_039');
INSERT INTO "item_tags" VALUES('item_004_002','tag_087');
INSERT INTO "item_tags" VALUES('item_004_003','tag_039');
INSERT INTO "item_tags" VALUES('item_004_003','tag_068');
INSERT INTO "item_tags" VALUES('item_004_003','tag_096');
INSERT INTO "item_tags" VALUES('item_004_003','tag_074');
INSERT INTO "item_tags" VALUES('item_004_004','tag_018');
INSERT INTO "item_tags" VALUES('item_004_004','tag_039');
INSERT INTO "item_tags" VALUES('item_004_005','tag_039');
INSERT INTO "item_tags" VALUES('item_004_005','tag_091');
INSERT INTO "item_tags" VALUES('item_004_005','tag_096');
INSERT INTO "item_tags" VALUES('item_004_006','tag_030');
INSERT INTO "item_tags" VALUES('item_004_006','tag_039');
INSERT INTO "item_tags" VALUES('item_004_006','tag_096');
INSERT INTO "item_tags" VALUES('item_004_006','tag_074');
INSERT INTO "item_tags" VALUES('item_005_001','tag_070');
INSERT INTO "item_tags" VALUES('item_005_001','tag_040');
INSERT INTO "item_tags" VALUES('item_005_001','tag_005');
INSERT INTO "item_tags" VALUES('item_005_001','tag_096');
INSERT INTO "item_tags" VALUES('item_005_001','tag_074');
INSERT INTO "item_tags" VALUES('item_005_002','tag_082');
INSERT INTO "item_tags" VALUES('item_005_002','tag_094');
INSERT INTO "item_tags" VALUES('item_005_002','tag_096');
INSERT INTO "item_tags" VALUES('item_005_003','tag_017');
INSERT INTO "item_tags" VALUES('item_005_003','tag_009');
INSERT INTO "item_tags" VALUES('item_005_003','tag_096');
INSERT INTO "item_tags" VALUES('item_005_004','tag_095');
INSERT INTO "item_tags" VALUES('item_005_004','tag_051');
INSERT INTO "item_tags" VALUES('item_005_004','tag_096');
INSERT INTO "item_tags" VALUES('item_005_005','tag_095');
INSERT INTO "item_tags" VALUES('item_005_005','tag_032');
INSERT INTO "item_tags" VALUES('item_005_006','tag_099');
INSERT INTO "item_tags" VALUES('item_005_006','tag_096');
INSERT INTO "item_tags" VALUES('item_006_001','tag_071');
INSERT INTO "item_tags" VALUES('item_006_001','tag_092');
INSERT INTO "item_tags" VALUES('item_006_001','tag_005');
INSERT INTO "item_tags" VALUES('item_006_001','tag_074');
INSERT INTO "item_tags" VALUES('item_006_002','tag_071');
INSERT INTO "item_tags" VALUES('item_006_002','tag_092');
INSERT INTO "item_tags" VALUES('item_006_002','tag_096');
INSERT INTO "item_tags" VALUES('item_006_003','tag_092');
INSERT INTO "item_tags" VALUES('item_006_003','tag_097');
INSERT INTO "item_tags" VALUES('item_006_003','tag_096');
INSERT INTO "item_tags" VALUES('item_006_004','tag_092');
INSERT INTO "item_tags" VALUES('item_006_004','tag_032');
INSERT INTO "item_tags" VALUES('item_006_004','tag_096');
INSERT INTO "item_tags" VALUES('item_006_005','tag_071');
INSERT INTO "item_tags" VALUES('item_006_005','tag_099');
INSERT INTO "item_tags" VALUES('item_006_006','tag_099');
INSERT INTO "item_tags" VALUES('item_006_006','tag_024');
INSERT INTO "item_tags" VALUES('item_006_006','tag_096');
INSERT INTO "item_tags" VALUES('item_007_001','tag_057');
INSERT INTO "item_tags" VALUES('item_007_001','tag_092');
INSERT INTO "item_tags" VALUES('item_007_001','tag_096');
INSERT INTO "item_tags" VALUES('item_007_001','tag_074');
INSERT INTO "item_tags" VALUES('item_007_002','tag_032');
INSERT INTO "item_tags" VALUES('item_007_002','tag_057');
INSERT INTO "item_tags" VALUES('item_007_003','tag_062');
INSERT INTO "item_tags" VALUES('item_007_003','tag_005');
INSERT INTO "item_tags" VALUES('item_007_003','tag_074');
INSERT INTO "item_tags" VALUES('item_007_004','tag_032');
INSERT INTO "item_tags" VALUES('item_007_004','tag_092');
INSERT INTO "item_tags" VALUES('item_007_005','tag_078');
INSERT INTO "item_tags" VALUES('item_007_006','tag_071');
INSERT INTO "item_tags" VALUES('item_007_006','tag_099');
INSERT INTO "item_tags" VALUES('item_008_001','tag_005');
INSERT INTO "item_tags" VALUES('item_008_001','tag_093');
INSERT INTO "item_tags" VALUES('item_008_001','tag_096');
INSERT INTO "item_tags" VALUES('item_008_001','tag_074');
INSERT INTO "item_tags" VALUES('item_008_002','tag_097');
INSERT INTO "item_tags" VALUES('item_008_002','tag_032');
INSERT INTO "item_tags" VALUES('item_008_002','tag_096');
INSERT INTO "item_tags" VALUES('item_008_003','tag_062');
INSERT INTO "item_tags" VALUES('item_008_003','tag_093');
INSERT INTO "item_tags" VALUES('item_008_004','tag_091');
INSERT INTO "item_tags" VALUES('item_008_004','tag_086');
INSERT INTO "item_tags" VALUES('item_008_005','tag_078');
INSERT INTO "item_tags" VALUES('item_008_005','tag_036');
INSERT INTO "item_tags" VALUES('item_008_005','tag_096');
INSERT INTO "item_tags" VALUES('item_008_006','tag_099');
INSERT INTO "item_tags" VALUES('item_009_001','tag_090');
INSERT INTO "item_tags" VALUES('item_009_001','tag_005');
INSERT INTO "item_tags" VALUES('item_009_001','tag_074');
INSERT INTO "item_tags" VALUES('item_009_002','tag_040');
INSERT INTO "item_tags" VALUES('item_009_002','tag_090');
INSERT INTO "item_tags" VALUES('item_009_003','tag_097');
INSERT INTO "item_tags" VALUES('item_009_003','tag_094');
INSERT INTO "item_tags" VALUES('item_009_003','tag_096');
INSERT INTO "item_tags" VALUES('item_009_004','tag_032');
INSERT INTO "item_tags" VALUES('item_009_004','tag_062');
INSERT INTO "item_tags" VALUES('item_009_005','tag_095');
INSERT INTO "item_tags" VALUES('item_009_006','tag_022');
INSERT INTO "item_tags" VALUES('item_009_006','tag_090');
INSERT INTO "item_tags" VALUES('item_009_006','tag_096');
INSERT INTO "item_tags" VALUES('item_010_001','tag_093');
INSERT INTO "item_tags" VALUES('item_010_001','tag_016');
INSERT INTO "item_tags" VALUES('item_010_001','tag_096');
INSERT INTO "item_tags" VALUES('item_010_001','tag_074');
INSERT INTO "item_tags" VALUES('item_010_002','tag_081');
INSERT INTO "item_tags" VALUES('item_010_002','tag_016');
INSERT INTO "item_tags" VALUES('item_010_002','tag_074');
INSERT INTO "item_tags" VALUES('item_010_003','tag_032');
INSERT INTO "item_tags" VALUES('item_010_003','tag_052');
INSERT INTO "item_tags" VALUES('item_010_004','tag_062');
INSERT INTO "item_tags" VALUES('item_010_004','tag_093');
INSERT INTO "item_tags" VALUES('item_010_004','tag_096');
INSERT INTO "item_tags" VALUES('item_010_005','tag_058');
INSERT INTO "item_tags" VALUES('item_010_006','tag_099');
INSERT INTO "item_tags" VALUES('item_011_001','tag_017');
INSERT INTO "item_tags" VALUES('item_011_001','tag_040');
INSERT INTO "item_tags" VALUES('item_011_001','tag_094');
INSERT INTO "item_tags" VALUES('item_011_001','tag_074');
INSERT INTO "item_tags" VALUES('item_011_002','tag_017');
INSERT INTO "item_tags" VALUES('item_011_002','tag_062');
INSERT INTO "item_tags" VALUES('item_011_003','tag_018');
INSERT INTO "item_tags" VALUES('item_011_003','tag_039');
INSERT INTO "item_tags" VALUES('item_011_004','tag_078');
INSERT INTO "item_tags" VALUES('item_011_005','tag_039');
INSERT INTO "item_tags" VALUES('item_011_005','tag_078');
INSERT INTO "item_tags" VALUES('item_011_005','tag_096');
INSERT INTO "item_tags" VALUES('item_011_006','tag_099');
INSERT INTO "item_tags" VALUES('item_011_006','tag_096');
INSERT INTO "item_tags" VALUES('item_011_006','tag_074');
INSERT INTO "item_tags" VALUES('item_012_001','tag_018');
INSERT INTO "item_tags" VALUES('item_012_001','tag_093');
INSERT INTO "item_tags" VALUES('item_012_001','tag_074');
INSERT INTO "item_tags" VALUES('item_012_002','tag_018');
INSERT INTO "item_tags" VALUES('item_012_002','tag_057');
INSERT INTO "item_tags" VALUES('item_012_002','tag_096');
INSERT INTO "item_tags" VALUES('item_012_003','tag_018');
INSERT INTO "item_tags" VALUES('item_012_003','tag_091');
INSERT INTO "item_tags" VALUES('item_012_004','tag_097');
INSERT INTO "item_tags" VALUES('item_012_004','tag_018');
INSERT INTO "item_tags" VALUES('item_012_005','tag_086');
INSERT INTO "item_tags" VALUES('item_012_005','tag_018');
INSERT INTO "item_tags" VALUES('item_012_005','tag_096');
INSERT INTO "item_tags" VALUES('item_012_006','tag_099');
INSERT INTO "item_tags" VALUES('item_012_006','tag_074');
INSERT INTO "item_tags" VALUES('item_013_001','tag_040');
INSERT INTO "item_tags" VALUES('item_013_001','tag_005');
INSERT INTO "item_tags" VALUES('item_013_001','tag_074');
INSERT INTO "item_tags" VALUES('item_013_002','tag_050');
INSERT INTO "item_tags" VALUES('item_013_002','tag_097');
INSERT INTO "item_tags" VALUES('item_013_002','tag_096');
INSERT INTO "item_tags" VALUES('item_013_003','tag_061');
INSERT INTO "item_tags" VALUES('item_013_003','tag_091');
INSERT INTO "item_tags" VALUES('item_013_004','tag_057');
INSERT INTO "item_tags" VALUES('item_013_004','tag_062');
INSERT INTO "item_tags" VALUES('item_013_004','tag_096');
INSERT INTO "item_tags" VALUES('item_013_005','tag_097');
INSERT INTO "item_tags" VALUES('item_013_005','tag_074');
INSERT INTO "item_tags" VALUES('item_013_006','tag_099');
INSERT INTO "item_tags" VALUES('item_013_006','tag_096');
INSERT INTO "item_tags" VALUES('item_014_001','tag_005');
INSERT INTO "item_tags" VALUES('item_014_001','tag_062');
INSERT INTO "item_tags" VALUES('item_014_001','tag_074');
INSERT INTO "item_tags" VALUES('item_014_002','tag_036');
INSERT INTO "item_tags" VALUES('item_014_002','tag_032');
INSERT INTO "item_tags" VALUES('item_014_003','tag_018');
INSERT INTO "item_tags" VALUES('item_014_003','tag_032');
INSERT INTO "item_tags" VALUES('item_014_003','tag_096');
INSERT INTO "item_tags" VALUES('item_014_003','tag_074');
INSERT INTO "item_tags" VALUES('item_014_004','tag_095');
INSERT INTO "item_tags" VALUES('item_014_005','tag_022');
INSERT INTO "item_tags" VALUES('item_014_005','tag_093');
INSERT INTO "item_tags" VALUES('item_014_006','tag_099');
INSERT INTO "item_tags" VALUES('item_015_001','tag_032');
INSERT INTO "item_tags" VALUES('item_015_001','tag_093');
INSERT INTO "item_tags" VALUES('item_015_001','tag_074');
INSERT INTO "item_tags" VALUES('item_015_002','tag_097');
INSERT INTO "item_tags" VALUES('item_015_002','tag_062');
INSERT INTO "item_tags" VALUES('item_015_002','tag_096');
INSERT INTO "item_tags" VALUES('item_015_002','tag_074');
INSERT INTO "item_tags" VALUES('item_015_003','tag_036');
INSERT INTO "item_tags" VALUES('item_015_003','tag_093');
INSERT INTO "item_tags" VALUES('item_015_003','tag_096');
INSERT INTO "item_tags" VALUES('item_015_004','tag_086');
INSERT INTO "item_tags" VALUES('item_015_004','tag_096');
INSERT INTO "item_tags" VALUES('item_015_005','tag_058');
INSERT INTO "item_tags" VALUES('item_015_006','tag_099');
INSERT INTO "item_tags" VALUES('item_015_006','tag_096');
INSERT INTO "item_tags" VALUES('item_016_001','tag_090');
INSERT INTO "item_tags" VALUES('item_016_001','tag_005');
INSERT INTO "item_tags" VALUES('item_016_001','tag_074');
INSERT INTO "item_tags" VALUES('item_016_002','tag_049');
INSERT INTO "item_tags" VALUES('item_016_003','tag_097');
INSERT INTO "item_tags" VALUES('item_016_003','tag_096');
INSERT INTO "item_tags" VALUES('item_016_003','tag_074');
INSERT INTO "item_tags" VALUES('item_016_004','tag_095');
INSERT INTO "item_tags" VALUES('item_016_005','tag_078');
INSERT INTO "item_tags" VALUES('item_016_005','tag_074');
INSERT INTO "item_tags" VALUES('item_016_006','tag_099');
INSERT INTO "item_tags" VALUES('item_016_006','tag_096');
INSERT INTO "item_tags" VALUES('item_017_001','tag_005');
INSERT INTO "item_tags" VALUES('item_017_001','tag_060');
INSERT INTO "item_tags" VALUES('item_017_001','tag_074');
INSERT INTO "item_tags" VALUES('item_017_002','tag_009');
INSERT INTO "item_tags" VALUES('item_017_002','tag_099');
INSERT INTO "item_tags" VALUES('item_017_002','tag_074');
INSERT INTO "item_tags" VALUES('item_017_003','tag_037');
INSERT INTO "item_tags" VALUES('item_017_004','tag_061');
INSERT INTO "item_tags" VALUES('item_017_005','tag_078');
INSERT INTO "item_tags" VALUES('item_017_005','tag_096');
INSERT INTO "item_tags" VALUES('item_017_006','tag_060');
INSERT INTO "item_tags" VALUES('item_017_006','tag_005');
INSERT INTO "item_tags" VALUES('item_017_006','tag_096');
INSERT INTO "item_tags" VALUES('item_017_006','tag_074');
INSERT INTO "item_tags" VALUES('item_018_001','tag_032');
INSERT INTO "item_tags" VALUES('item_018_001','tag_092');
INSERT INTO "item_tags" VALUES('item_018_001','tag_074');
INSERT INTO "item_tags" VALUES('item_018_002','tag_100');
INSERT INTO "item_tags" VALUES('item_018_002','tag_096');
INSERT INTO "item_tags" VALUES('item_018_003','tag_032');
INSERT INTO "item_tags" VALUES('item_018_003','tag_086');
INSERT INTO "item_tags" VALUES('item_018_003','tag_096');
INSERT INTO "item_tags" VALUES('item_018_004','tag_091');
INSERT INTO "item_tags" VALUES('item_018_004','tag_096');
INSERT INTO "item_tags" VALUES('item_018_005','tag_078');
INSERT INTO "item_tags" VALUES('item_018_006','tag_099');
INSERT INTO "item_tags" VALUES('item_018_006','tag_096');
INSERT INTO "item_tags" VALUES('item_018_006','tag_074');
INSERT INTO "item_tags" VALUES('item_019_001','tag_097');
INSERT INTO "item_tags" VALUES('item_019_001','tag_093');
INSERT INTO "item_tags" VALUES('item_019_001','tag_096');
INSERT INTO "item_tags" VALUES('item_019_001','tag_074');
INSERT INTO "item_tags" VALUES('item_019_002','tag_055');
INSERT INTO "item_tags" VALUES('item_019_002','tag_062');
INSERT INTO "item_tags" VALUES('item_019_003','tag_100');
INSERT INTO "item_tags" VALUES('item_019_003','tag_097');
INSERT INTO "item_tags" VALUES('item_019_004','tag_058');
INSERT INTO "item_tags" VALUES('item_019_005','tag_055');
INSERT INTO "item_tags" VALUES('item_019_005','tag_096');
INSERT INTO "item_tags" VALUES('item_019_006','tag_099');
INSERT INTO "item_tags" VALUES('item_020_001','tag_040');
INSERT INTO "item_tags" VALUES('item_020_001','tag_005');
INSERT INTO "item_tags" VALUES('item_020_001','tag_074');
INSERT INTO "item_tags" VALUES('item_020_002','tag_062');
INSERT INTO "item_tags" VALUES('item_020_002','tag_096');
INSERT INTO "item_tags" VALUES('item_020_003','tag_057');
INSERT INTO "item_tags" VALUES('item_020_004','tag_078');
INSERT INTO "item_tags" VALUES('item_020_004','tag_040');
INSERT INTO "item_tags" VALUES('item_020_005','tag_078');
INSERT INTO "item_tags" VALUES('item_020_005','tag_074');
INSERT INTO "item_tags" VALUES('item_020_006','tag_099');
INSERT INTO "item_tags" VALUES('item_021_001','tag_053');
INSERT INTO "item_tags" VALUES('item_021_001','tag_040');
INSERT INTO "item_tags" VALUES('item_021_001','tag_096');
INSERT INTO "item_tags" VALUES('item_021_001','tag_074');
INSERT INTO "item_tags" VALUES('item_021_002','tag_017');
INSERT INTO "item_tags" VALUES('item_021_002','tag_093');
INSERT INTO "item_tags" VALUES('item_021_002','tag_096');
INSERT INTO "item_tags" VALUES('item_021_003','tag_019');
INSERT INTO "item_tags" VALUES('item_021_003','tag_040');
INSERT INTO "item_tags" VALUES('item_021_003','tag_096');
INSERT INTO "item_tags" VALUES('item_021_003','tag_074');
INSERT INTO "item_tags" VALUES('item_021_004','tag_020');
INSERT INTO "item_tags" VALUES('item_021_004','tag_097');
INSERT INTO "item_tags" VALUES('item_021_005','tag_060');
INSERT INTO "item_tags" VALUES('item_021_005','tag_080');
INSERT INTO "item_tags" VALUES('item_021_006','tag_099');
INSERT INTO "item_tags" VALUES('item_021_006','tag_096');
INSERT INTO "item_tags" VALUES('item_021_006','tag_074');
INSERT INTO "item_tags" VALUES('item_022_001','tag_017');
INSERT INTO "item_tags" VALUES('item_022_001','tag_071');
INSERT INTO "item_tags" VALUES('item_022_001','tag_074');
INSERT INTO "item_tags" VALUES('item_022_002','tag_071');
INSERT INTO "item_tags" VALUES('item_022_002','tag_032');
INSERT INTO "item_tags" VALUES('item_022_003','tag_040');
INSERT INTO "item_tags" VALUES('item_022_004','tag_009');
INSERT INTO "item_tags" VALUES('item_022_004','tag_095');
INSERT INTO "item_tags" VALUES('item_022_004','tag_096');
INSERT INTO "item_tags" VALUES('item_022_005','tag_078');
INSERT INTO "item_tags" VALUES('item_022_006','tag_099');
INSERT INTO "item_tags" VALUES('item_023_001','tag_092');
INSERT INTO "item_tags" VALUES('item_023_001','tag_062');
INSERT INTO "item_tags" VALUES('item_023_001','tag_074');
INSERT INTO "item_tags" VALUES('item_023_002','tag_005');
INSERT INTO "item_tags" VALUES('item_023_002','tag_071');
INSERT INTO "item_tags" VALUES('item_023_002','tag_096');
INSERT INTO "item_tags" VALUES('item_023_002','tag_074');
INSERT INTO "item_tags" VALUES('item_023_003','tag_097');
INSERT INTO "item_tags" VALUES('item_023_004','tag_018');
INSERT INTO "item_tags" VALUES('item_023_004','tag_071');
INSERT INTO "item_tags" VALUES('item_023_004','tag_096');
INSERT INTO "item_tags" VALUES('item_023_005','tag_078');
INSERT INTO "item_tags" VALUES('item_023_005','tag_096');
INSERT INTO "item_tags" VALUES('item_023_006','tag_099');
INSERT INTO "item_tags" VALUES('item_024_001','tag_057');
INSERT INTO "item_tags" VALUES('item_024_001','tag_005');
INSERT INTO "item_tags" VALUES('item_024_001','tag_074');
INSERT INTO "item_tags" VALUES('item_024_002','tag_040');
INSERT INTO "item_tags" VALUES('item_024_002','tag_097');
INSERT INTO "item_tags" VALUES('item_024_003','tag_032');
INSERT INTO "item_tags" VALUES('item_024_003','tag_096');
INSERT INTO "item_tags" VALUES('item_024_004','tag_078');
INSERT INTO "item_tags" VALUES('item_024_005','tag_078');
INSERT INTO "item_tags" VALUES('item_024_005','tag_039');
INSERT INTO "item_tags" VALUES('item_024_006','tag_099');
INSERT INTO "item_tags" VALUES('item_024_006','tag_096');
INSERT INTO "item_tags" VALUES('item_025_001','tag_035');
INSERT INTO "item_tags" VALUES('item_025_001','tag_093');
INSERT INTO "item_tags" VALUES('item_025_001','tag_074');
INSERT INTO "item_tags" VALUES('item_025_002','tag_062');
INSERT INTO "item_tags" VALUES('item_025_002','tag_097');
INSERT INTO "item_tags" VALUES('item_025_003','tag_018');
INSERT INTO "item_tags" VALUES('item_025_003','tag_039');
INSERT INTO "item_tags" VALUES('item_025_004','tag_068');
INSERT INTO "item_tags" VALUES('item_025_005','tag_091');
INSERT INTO "item_tags" VALUES('item_025_005','tag_018');
INSERT INTO "item_tags" VALUES('item_025_005','tag_096');
INSERT INTO "item_tags" VALUES('item_025_006','tag_099');
INSERT INTO "item_tags" VALUES('item_026_001','tag_093');
INSERT INTO "item_tags" VALUES('item_026_001','tag_062');
INSERT INTO "item_tags" VALUES('item_026_001','tag_074');
INSERT INTO "item_tags" VALUES('item_026_002','tag_068');
INSERT INTO "item_tags" VALUES('item_026_003','tag_032');
INSERT INTO "item_tags" VALUES('item_026_004','tag_097');
INSERT INTO "item_tags" VALUES('item_026_004','tag_074');
INSERT INTO "item_tags" VALUES('item_026_005','tag_022');
INSERT INTO "item_tags" VALUES('item_026_005','tag_093');
INSERT INTO "item_tags" VALUES('item_026_006','tag_058');
INSERT INTO "item_tags" VALUES('item_026_006','tag_074');
INSERT INTO "item_tags" VALUES('item_027_001','tag_017');
INSERT INTO "item_tags" VALUES('item_027_001','tag_040');
INSERT INTO "item_tags" VALUES('item_027_001','tag_074');
INSERT INTO "item_tags" VALUES('item_027_002','tag_019');
INSERT INTO "item_tags" VALUES('item_027_002','tag_040');
INSERT INTO "item_tags" VALUES('item_027_003','tag_097');
INSERT INTO "item_tags" VALUES('item_027_004','tag_020');
INSERT INTO "item_tags" VALUES('item_027_004','tag_016');
INSERT INTO "item_tags" VALUES('item_027_004','tag_096');
INSERT INTO "item_tags" VALUES('item_027_005','tag_078');
INSERT INTO "item_tags" VALUES('item_027_006','tag_099');
INSERT INTO "item_tags" VALUES('item_027_006','tag_074');
INSERT INTO "item_tags" VALUES('item_028_001','tag_092');
INSERT INTO "item_tags" VALUES('item_028_001','tag_009');
INSERT INTO "item_tags" VALUES('item_028_001','tag_074');
INSERT INTO "item_tags" VALUES('item_028_002','tag_093');
INSERT INTO "item_tags" VALUES('item_028_002','tag_032');
INSERT INTO "item_tags" VALUES('item_028_003','tag_060');
INSERT INTO "item_tags" VALUES('item_028_003','tag_003');
INSERT INTO "item_tags" VALUES('item_028_004','tag_024');
INSERT INTO "item_tags" VALUES('item_028_004','tag_005');
INSERT INTO "item_tags" VALUES('item_028_004','tag_096');
INSERT INTO "item_tags" VALUES('item_028_004','tag_074');
INSERT INTO "item_tags" VALUES('item_028_005','tag_024');
INSERT INTO "item_tags" VALUES('item_028_005','tag_037');
INSERT INTO "item_tags" VALUES('item_028_006','tag_099');
INSERT INTO "item_tags" VALUES('item_028_006','tag_074');
INSERT INTO "item_tags" VALUES('item_029_001','tag_054');
INSERT INTO "item_tags" VALUES('item_029_001','tag_093');
INSERT INTO "item_tags" VALUES('item_029_001','tag_074');
INSERT INTO "item_tags" VALUES('item_029_002','tag_040');
INSERT INTO "item_tags" VALUES('item_029_002','tag_097');
INSERT INTO "item_tags" VALUES('item_029_002','tag_096');
INSERT INTO "item_tags" VALUES('item_029_003','tag_062');
INSERT INTO "item_tags" VALUES('item_029_003','tag_096');
INSERT INTO "item_tags" VALUES('item_029_004','tag_078');
INSERT INTO "item_tags" VALUES('item_029_004','tag_096');
INSERT INTO "item_tags" VALUES('item_029_005','tag_091');
INSERT INTO "item_tags" VALUES('item_029_005','tag_096');
INSERT INTO "item_tags" VALUES('item_029_006','tag_099');
INSERT INTO "item_tags" VALUES('item_030_001','tag_017');
INSERT INTO "item_tags" VALUES('item_030_001','tag_097');
INSERT INTO "item_tags" VALUES('item_030_001','tag_074');
INSERT INTO "item_tags" VALUES('item_030_002','tag_032');
INSERT INTO "item_tags" VALUES('item_030_002','tag_009');
INSERT INTO "item_tags" VALUES('item_030_002','tag_096');
INSERT INTO "item_tags" VALUES('item_030_003','tag_062');
INSERT INTO "item_tags" VALUES('item_030_004','tag_095');
INSERT INTO "item_tags" VALUES('item_030_004','tag_090');
INSERT INTO "item_tags" VALUES('item_030_004','tag_074');
INSERT INTO "item_tags" VALUES('item_030_005','tag_039');
INSERT INTO "item_tags" VALUES('item_030_005','tag_091');
INSERT INTO "item_tags" VALUES('item_030_005','tag_074');
INSERT INTO "item_tags" VALUES('item_030_006','tag_099');
INSERT INTO "item_tags" VALUES('item_030_006','tag_096');
INSERT INTO "item_tags" VALUES('item_030_006','tag_074');
INSERT INTO "item_tags" VALUES('item_031_001','tag_055');
INSERT INTO "item_tags" VALUES('item_031_001','tag_062');
INSERT INTO "item_tags" VALUES('item_031_001','tag_074');
INSERT INTO "item_tags" VALUES('item_031_002','tag_097');
INSERT INTO "item_tags" VALUES('item_031_003','tag_100');
INSERT INTO "item_tags" VALUES('item_031_003','tag_074');
INSERT INTO "item_tags" VALUES('item_031_004','tag_018');
INSERT INTO "item_tags" VALUES('item_031_004','tag_032');
INSERT INTO "item_tags" VALUES('item_031_004','tag_096');
INSERT INTO "item_tags" VALUES('item_031_005','tag_058');
INSERT INTO "item_tags" VALUES('item_031_005','tag_096');
INSERT INTO "item_tags" VALUES('item_031_006','tag_099');
INSERT INTO "item_tags" VALUES('item_032_001','tag_057');
INSERT INTO "item_tags" VALUES('item_032_001','tag_005');
INSERT INTO "item_tags" VALUES('item_032_001','tag_074');
INSERT INTO "item_tags" VALUES('item_032_002','tag_017');
INSERT INTO "item_tags" VALUES('item_032_002','tag_094');
INSERT INTO "item_tags" VALUES('item_032_003','tag_032');
INSERT INTO "item_tags" VALUES('item_032_004','tag_095');
INSERT INTO "item_tags" VALUES('item_032_005','tag_078');
INSERT INTO "item_tags" VALUES('item_032_006','tag_099');
INSERT INTO "item_tags" VALUES('item_033_001','tag_005');
INSERT INTO "item_tags" VALUES('item_033_001','tag_093');
INSERT INTO "item_tags" VALUES('item_033_001','tag_096');
INSERT INTO "item_tags" VALUES('item_033_001','tag_074');
INSERT INTO "item_tags" VALUES('item_033_002','tag_097');
INSERT INTO "item_tags" VALUES('item_033_002','tag_040');
INSERT INTO "item_tags" VALUES('item_033_002','tag_096');
INSERT INTO "item_tags" VALUES('item_033_002','tag_074');
INSERT INTO "item_tags" VALUES('item_033_003','tag_049');
INSERT INTO "item_tags" VALUES('item_033_004','tag_040');
INSERT INTO "item_tags" VALUES('item_033_004','tag_078');
INSERT INTO "item_tags" VALUES('item_033_005','tag_039');
INSERT INTO "item_tags" VALUES('item_033_005','tag_096');
INSERT INTO "item_tags" VALUES('item_033_006','tag_099');
INSERT INTO "item_tags" VALUES('item_033_006','tag_096');
INSERT INTO "item_tags" VALUES('item_034_001','tag_093');
INSERT INTO "item_tags" VALUES('item_034_001','tag_051');
INSERT INTO "item_tags" VALUES('item_034_001','tag_074');
INSERT INTO "item_tags" VALUES('item_034_002','tag_017');
INSERT INTO "item_tags" VALUES('item_034_002','tag_062');
INSERT INTO "item_tags" VALUES('item_034_002','tag_074');
INSERT INTO "item_tags" VALUES('item_034_003','tag_018');
INSERT INTO "item_tags" VALUES('item_034_003','tag_039');
INSERT INTO "item_tags" VALUES('item_034_003','tag_096');
INSERT INTO "item_tags" VALUES('item_034_004','tag_017');
INSERT INTO "item_tags" VALUES('item_034_004','tag_058');
INSERT INTO "item_tags" VALUES('item_034_004','tag_074');
INSERT INTO "item_tags" VALUES('item_034_005','tag_078');
INSERT INTO "item_tags" VALUES('item_034_005','tag_096');
INSERT INTO "item_tags" VALUES('item_034_006','tag_099');
INSERT INTO "item_tags" VALUES('item_034_006','tag_096');
INSERT INTO "item_tags" VALUES('item_035_001','tag_097');
INSERT INTO "item_tags" VALUES('item_035_001','tag_009');
INSERT INTO "item_tags" VALUES('item_035_001','tag_074');
INSERT INTO "item_tags" VALUES('item_035_002','tag_017');
INSERT INTO "item_tags" VALUES('item_035_002','tag_016');
INSERT INTO "item_tags" VALUES('item_035_002','tag_074');
INSERT INTO "item_tags" VALUES('item_035_003','tag_018');
INSERT INTO "item_tags" VALUES('item_035_003','tag_039');
INSERT INTO "item_tags" VALUES('item_035_003','tag_096');
INSERT INTO "item_tags" VALUES('item_035_004','tag_078');
INSERT INTO "item_tags" VALUES('item_035_004','tag_096');
INSERT INTO "item_tags" VALUES('item_035_005','tag_078');
INSERT INTO "item_tags" VALUES('item_035_006','tag_099');
INSERT INTO "item_tags" VALUES('item_036_001','tag_039');
INSERT INTO "item_tags" VALUES('item_036_001','tag_068');
INSERT INTO "item_tags" VALUES('item_036_001','tag_074');
INSERT INTO "item_tags" VALUES('item_036_002','tag_039');
INSERT INTO "item_tags" VALUES('item_036_002','tag_087');
INSERT INTO "item_tags" VALUES('item_036_002','tag_096');
INSERT INTO "item_tags" VALUES('item_036_003','tag_039');
INSERT INTO "item_tags" VALUES('item_036_003','tag_093');
INSERT INTO "item_tags" VALUES('item_036_003','tag_096');
INSERT INTO "item_tags" VALUES('item_036_003','tag_074');
INSERT INTO "item_tags" VALUES('item_036_004','tag_086');
INSERT INTO "item_tags" VALUES('item_036_004','tag_096');
INSERT INTO "item_tags" VALUES('item_036_005','tag_039');
INSERT INTO "item_tags" VALUES('item_036_005','tag_096');
INSERT INTO "item_tags" VALUES('item_036_006','tag_039');
INSERT INTO "item_tags" VALUES('item_036_006','tag_061');
INSERT INTO "item_tags" VALUES('item_037_001','tag_092');
INSERT INTO "item_tags" VALUES('item_037_001','tag_062');
INSERT INTO "item_tags" VALUES('item_037_001','tag_074');
INSERT INTO "item_tags" VALUES('item_037_002','tag_009');
INSERT INTO "item_tags" VALUES('item_037_002','tag_097');
INSERT INTO "item_tags" VALUES('item_037_003','tag_078');
INSERT INTO "item_tags" VALUES('item_037_004','tag_095');
INSERT INTO "item_tags" VALUES('item_037_004','tag_096');
INSERT INTO "item_tags" VALUES('item_037_004','tag_074');
INSERT INTO "item_tags" VALUES('item_037_005','tag_058');
INSERT INTO "item_tags" VALUES('item_037_005','tag_074');
INSERT INTO "item_tags" VALUES('item_037_006','tag_099');
INSERT INTO "item_tags" VALUES('item_037_006','tag_096');
INSERT INTO "item_tags" VALUES('item_038_001','tag_039');
INSERT INTO "item_tags" VALUES('item_038_001','tag_091');
INSERT INTO "item_tags" VALUES('item_038_001','tag_074');
INSERT INTO "item_tags" VALUES('item_038_002','tag_018');
INSERT INTO "item_tags" VALUES('item_038_002','tag_039');
INSERT INTO "item_tags" VALUES('item_038_002','tag_096');
INSERT INTO "item_tags" VALUES('item_038_003','tag_039');
INSERT INTO "item_tags" VALUES('item_038_003','tag_016');
INSERT INTO "item_tags" VALUES('item_038_004','tag_095');
INSERT INTO "item_tags" VALUES('item_038_004','tag_096');
INSERT INTO "item_tags" VALUES('item_038_005','tag_078');
INSERT INTO "item_tags" VALUES('item_038_005','tag_096');
INSERT INTO "item_tags" VALUES('item_038_006','tag_099');
INSERT INTO "item_tags" VALUES('item_039_001','tag_005');
INSERT INTO "item_tags" VALUES('item_039_001','tag_057');
INSERT INTO "item_tags" VALUES('item_039_001','tag_074');
INSERT INTO "item_tags" VALUES('item_039_002','tag_097');
INSERT INTO "item_tags" VALUES('item_039_003','tag_040');
INSERT INTO "item_tags" VALUES('item_039_003','tag_096');
INSERT INTO "item_tags" VALUES('item_039_004','tag_062');
INSERT INTO "item_tags" VALUES('item_039_005','tag_078');
INSERT INTO "item_tags" VALUES('item_039_006','tag_099');
INSERT INTO "item_tags" VALUES('item_040_001','tag_040');
INSERT INTO "item_tags" VALUES('item_040_001','tag_036');
INSERT INTO "item_tags" VALUES('item_040_001','tag_074');
INSERT INTO "item_tags" VALUES('item_040_002','tag_018');
INSERT INTO "item_tags" VALUES('item_040_002','tag_036');
INSERT INTO "item_tags" VALUES('item_040_002','tag_096');
INSERT INTO "item_tags" VALUES('item_040_002','tag_074');
INSERT INTO "item_tags" VALUES('item_040_003','tag_040');
INSERT INTO "item_tags" VALUES('item_040_003','tag_095');
INSERT INTO "item_tags" VALUES('item_040_004','tag_039');
INSERT INTO "item_tags" VALUES('item_040_005','tag_078');
INSERT INTO "item_tags" VALUES('item_040_005','tag_096');
INSERT INTO "item_tags" VALUES('item_040_006','tag_099');
INSERT INTO "item_tags" VALUES('item_041_001','tag_035');
INSERT INTO "item_tags" VALUES('item_041_001','tag_009');
INSERT INTO "item_tags" VALUES('item_041_001','tag_074');
INSERT INTO "item_tags" VALUES('item_041_002','tag_032');
INSERT INTO "item_tags" VALUES('item_041_003','tag_093');
INSERT INTO "item_tags" VALUES('item_041_004','tag_058');
INSERT INTO "item_tags" VALUES('item_041_004','tag_096');
INSERT INTO "item_tags" VALUES('item_041_005','tag_060');
INSERT INTO "item_tags" VALUES('item_041_005','tag_096');
INSERT INTO "item_tags" VALUES('item_041_006','tag_024');
INSERT INTO "item_tags" VALUES('item_042_001','tag_093');
INSERT INTO "item_tags" VALUES('item_042_001','tag_097');
INSERT INTO "item_tags" VALUES('item_042_001','tag_074');
INSERT INTO "item_tags" VALUES('item_042_002','tag_005');
INSERT INTO "item_tags" VALUES('item_042_002','tag_016');
INSERT INTO "item_tags" VALUES('item_042_002','tag_074');
INSERT INTO "item_tags" VALUES('item_042_003','tag_017');
INSERT INTO "item_tags" VALUES('item_042_003','tag_094');
INSERT INTO "item_tags" VALUES('item_042_004','tag_090');
INSERT INTO "item_tags" VALUES('item_042_004','tag_022');
INSERT INTO "item_tags" VALUES('item_042_005','tag_058');
INSERT INTO "item_tags" VALUES('item_042_005','tag_074');
INSERT INTO "item_tags" VALUES('item_042_006','tag_099');
INSERT INTO "item_tags" VALUES('item_043_001','tag_060');
INSERT INTO "item_tags" VALUES('item_043_001','tag_005');
INSERT INTO "item_tags" VALUES('item_043_001','tag_074');
INSERT INTO "item_tags" VALUES('item_043_002','tag_060');
INSERT INTO "item_tags" VALUES('item_043_002','tag_009');
INSERT INTO "item_tags" VALUES('item_043_002','tag_096');
INSERT INTO "item_tags" VALUES('item_043_003','tag_092');
INSERT INTO "item_tags" VALUES('item_043_004','tag_016');
INSERT INTO "item_tags" VALUES('item_043_004','tag_060');
INSERT INTO "item_tags" VALUES('item_043_005','tag_060');
INSERT INTO "item_tags" VALUES('item_043_005','tag_096');
INSERT INTO "item_tags" VALUES('item_043_006','tag_099');
INSERT INTO "item_tags" VALUES('item_044_001','tag_040');
INSERT INTO "item_tags" VALUES('item_044_001','tag_057');
INSERT INTO "item_tags" VALUES('item_044_001','tag_074');
INSERT INTO "item_tags" VALUES('item_044_002','tag_040');
INSERT INTO "item_tags" VALUES('item_044_002','tag_062');
INSERT INTO "item_tags" VALUES('item_044_003','tag_032');
INSERT INTO "item_tags" VALUES('item_044_003','tag_096');
INSERT INTO "item_tags" VALUES('item_044_004','tag_078');
INSERT INTO "item_tags" VALUES('item_044_005','tag_039');
INSERT INTO "item_tags" VALUES('item_044_005','tag_074');
INSERT INTO "item_tags" VALUES('item_044_006','tag_099');
CREATE TABLE item_toppings (
  id TEXT PRIMARY KEY,
  shop_id TEXT NOT NULL,
  name TEXT NOT NULL,
  price INTEGER NOT NULL DEFAULT 0,
  is_available INTEGER NOT NULL DEFAULT 1,
  FOREIGN KEY (shop_id) REFERENCES shops(id) ON DELETE CASCADE
);
INSERT INTO "item_toppings" VALUES('top_001_01','shop_001','Thêm phô mai',15000,1);
INSERT INTO "item_toppings" VALUES('top_001_02','shop_001','Thêm trứng',12000,1);
INSERT INTO "item_toppings" VALUES('top_002_01','shop_002','Thêm sốt đặc biệt',7000,1);
INSERT INTO "item_toppings" VALUES('top_002_02','shop_002','Thêm trứng',12000,1);
INSERT INTO "item_toppings" VALUES('top_003_01','shop_003','Thêm phô mai',15000,1);
INSERT INTO "item_toppings" VALUES('top_003_02','shop_003','Thêm rau',8000,1);
INSERT INTO "item_toppings" VALUES('top_004_01','shop_004','Thêm rau',8000,1);
INSERT INTO "item_toppings" VALUES('top_004_02','shop_004','Thêm trứng',12000,1);
INSERT INTO "item_toppings" VALUES('top_005_01','shop_005','Thêm sốt đặc biệt',7000,1);
INSERT INTO "item_toppings" VALUES('top_005_02','shop_005','Thêm trứng',12000,1);
INSERT INTO "item_toppings" VALUES('top_006_01','shop_006','Thêm rau',8000,1);
INSERT INTO "item_toppings" VALUES('top_006_02','shop_006','Thêm trứng',12000,1);
INSERT INTO "item_toppings" VALUES('top_007_01','shop_007','Thêm rau',8000,1);
INSERT INTO "item_toppings" VALUES('top_007_02','shop_007','Thêm phô mai',15000,1);
INSERT INTO "item_toppings" VALUES('top_008_01','shop_008','Thêm sốt đặc biệt',7000,1);
INSERT INTO "item_toppings" VALUES('top_008_02','shop_008','Thêm phô mai',15000,1);
INSERT INTO "item_toppings" VALUES('top_009_01','shop_009','Thêm rau',8000,1);
INSERT INTO "item_toppings" VALUES('top_009_02','shop_009','Thêm trứng',12000,1);
INSERT INTO "item_toppings" VALUES('top_010_01','shop_010','Thêm trứng',12000,1);
INSERT INTO "item_toppings" VALUES('top_010_02','shop_010','Thêm rau',8000,1);
INSERT INTO "item_toppings" VALUES('top_011_01','shop_011','Thêm rau',8000,1);
INSERT INTO "item_toppings" VALUES('top_011_02','shop_011','Thêm phô mai',15000,1);
INSERT INTO "item_toppings" VALUES('top_012_01','shop_012','Thêm phô mai',15000,1);
INSERT INTO "item_toppings" VALUES('top_012_02','shop_012','Thêm sốt đặc biệt',7000,1);
INSERT INTO "item_toppings" VALUES('top_013_01','shop_013','Thêm phô mai',15000,1);
INSERT INTO "item_toppings" VALUES('top_013_02','shop_013','Thêm rau',8000,1);
INSERT INTO "item_toppings" VALUES('top_014_01','shop_014','Thêm rau',8000,1);
INSERT INTO "item_toppings" VALUES('top_014_02','shop_014','Thêm phô mai',15000,1);
INSERT INTO "item_toppings" VALUES('top_015_01','shop_015','Thêm sốt đặc biệt',7000,1);
INSERT INTO "item_toppings" VALUES('top_015_02','shop_015','Thêm trứng',12000,1);
INSERT INTO "item_toppings" VALUES('top_016_01','shop_016','Thêm trứng',12000,1);
INSERT INTO "item_toppings" VALUES('top_016_02','shop_016','Thêm phô mai',15000,1);
INSERT INTO "item_toppings" VALUES('top_017_01','shop_017','Thêm rau',8000,1);
INSERT INTO "item_toppings" VALUES('top_017_02','shop_017','Thêm phô mai',15000,1);
INSERT INTO "item_toppings" VALUES('top_018_01','shop_018','Thêm rau',8000,1);
INSERT INTO "item_toppings" VALUES('top_018_02','shop_018','Thêm trứng',12000,1);
INSERT INTO "item_toppings" VALUES('top_019_01','shop_019','Thêm phô mai',15000,1);
INSERT INTO "item_toppings" VALUES('top_019_02','shop_019','Thêm trứng',12000,1);
INSERT INTO "item_toppings" VALUES('top_020_01','shop_020','Thêm sốt đặc biệt',7000,1);
INSERT INTO "item_toppings" VALUES('top_020_02','shop_020','Thêm phô mai',15000,1);
INSERT INTO "item_toppings" VALUES('top_021_01','shop_021','Thêm rau',8000,1);
INSERT INTO "item_toppings" VALUES('top_021_02','shop_021','Thêm trứng',12000,1);
INSERT INTO "item_toppings" VALUES('top_022_01','shop_022','Thêm rau',8000,1);
INSERT INTO "item_toppings" VALUES('top_022_02','shop_022','Thêm phô mai',15000,1);
INSERT INTO "item_toppings" VALUES('top_023_01','shop_023','Thêm sốt đặc biệt',7000,1);
INSERT INTO "item_toppings" VALUES('top_023_02','shop_023','Thêm rau',8000,1);
INSERT INTO "item_toppings" VALUES('top_024_01','shop_024','Thêm sốt đặc biệt',7000,1);
INSERT INTO "item_toppings" VALUES('top_024_02','shop_024','Thêm rau',8000,1);
INSERT INTO "item_toppings" VALUES('top_025_01','shop_025','Thêm phô mai',15000,1);
INSERT INTO "item_toppings" VALUES('top_025_02','shop_025','Thêm sốt đặc biệt',7000,1);
INSERT INTO "item_toppings" VALUES('top_026_01','shop_026','Thêm rau',8000,1);
INSERT INTO "item_toppings" VALUES('top_026_02','shop_026','Thêm sốt đặc biệt',7000,1);
INSERT INTO "item_toppings" VALUES('top_027_01','shop_027','Thêm trứng',12000,1);
INSERT INTO "item_toppings" VALUES('top_027_02','shop_027','Thêm rau',8000,1);
INSERT INTO "item_toppings" VALUES('top_028_01','shop_028','Thêm sốt đặc biệt',7000,1);
INSERT INTO "item_toppings" VALUES('top_028_02','shop_028','Thêm phô mai',15000,1);
INSERT INTO "item_toppings" VALUES('top_029_01','shop_029','Thêm sốt đặc biệt',7000,1);
INSERT INTO "item_toppings" VALUES('top_029_02','shop_029','Thêm trứng',12000,1);
INSERT INTO "item_toppings" VALUES('top_030_01','shop_030','Thêm phô mai',15000,1);
INSERT INTO "item_toppings" VALUES('top_030_02','shop_030','Thêm trứng',12000,1);
INSERT INTO "item_toppings" VALUES('top_031_01','shop_031','Thêm sốt đặc biệt',7000,1);
INSERT INTO "item_toppings" VALUES('top_031_02','shop_031','Thêm rau',8000,1);
INSERT INTO "item_toppings" VALUES('top_032_01','shop_032','Thêm phô mai',15000,1);
INSERT INTO "item_toppings" VALUES('top_032_02','shop_032','Thêm sốt đặc biệt',7000,1);
INSERT INTO "item_toppings" VALUES('top_033_01','shop_033','Thêm rau',8000,1);
INSERT INTO "item_toppings" VALUES('top_033_02','shop_033','Thêm phô mai',15000,1);
INSERT INTO "item_toppings" VALUES('top_034_01','shop_034','Thêm sốt đặc biệt',7000,1);
INSERT INTO "item_toppings" VALUES('top_034_02','shop_034','Thêm trứng',12000,1);
INSERT INTO "item_toppings" VALUES('top_035_01','shop_035','Thêm rau',8000,1);
INSERT INTO "item_toppings" VALUES('top_035_02','shop_035','Thêm phô mai',15000,1);
INSERT INTO "item_toppings" VALUES('top_036_01','shop_036','Thêm sốt đặc biệt',7000,1);
INSERT INTO "item_toppings" VALUES('top_036_02','shop_036','Thêm phô mai',15000,1);
INSERT INTO "item_toppings" VALUES('top_037_01','shop_037','Thêm phô mai',15000,1);
INSERT INTO "item_toppings" VALUES('top_037_02','shop_037','Thêm sốt đặc biệt',7000,1);
INSERT INTO "item_toppings" VALUES('top_038_01','shop_038','Thêm rau',8000,1);
INSERT INTO "item_toppings" VALUES('top_038_02','shop_038','Thêm sốt đặc biệt',7000,1);
INSERT INTO "item_toppings" VALUES('top_039_01','shop_039','Thêm phô mai',15000,1);
INSERT INTO "item_toppings" VALUES('top_039_02','shop_039','Thêm trứng',12000,1);
INSERT INTO "item_toppings" VALUES('top_040_01','shop_040','Thêm trứng',12000,1);
INSERT INTO "item_toppings" VALUES('top_040_02','shop_040','Thêm sốt đặc biệt',7000,1);
INSERT INTO "item_toppings" VALUES('top_041_01','shop_041','Thêm phô mai',15000,1);
INSERT INTO "item_toppings" VALUES('top_041_02','shop_041','Thêm trứng',12000,1);
INSERT INTO "item_toppings" VALUES('top_042_01','shop_042','Thêm trứng',12000,1);
INSERT INTO "item_toppings" VALUES('top_042_02','shop_042','Thêm sốt đặc biệt',7000,1);
INSERT INTO "item_toppings" VALUES('top_043_01','shop_043','Thêm sốt đặc biệt',7000,1);
INSERT INTO "item_toppings" VALUES('top_043_02','shop_043','Thêm rau',8000,1);
INSERT INTO "item_toppings" VALUES('top_044_01','shop_044','Thêm trứng',12000,1);
INSERT INTO "item_toppings" VALUES('top_044_02','shop_044','Thêm sốt đặc biệt',7000,1);
CREATE TABLE menu_categories (
  id TEXT PRIMARY KEY,
  shop_id TEXT NOT NULL,
  name TEXT NOT NULL,
  display_order INTEGER NOT NULL DEFAULT 0,
  is_active INTEGER NOT NULL DEFAULT 1,
  FOREIGN KEY (shop_id) REFERENCES shops(id) ON DELETE CASCADE,
  UNIQUE (shop_id, name)
);
INSERT INTO "menu_categories" VALUES('cat_001_01','shop_001','Cơm',1,1);
INSERT INTO "menu_categories" VALUES('cat_001_02','shop_001','Canh',2,1);
INSERT INTO "menu_categories" VALUES('cat_001_03','shop_001','Đồ uống',3,1);
INSERT INTO "menu_categories" VALUES('cat_002_01','shop_002','Bún',1,1);
INSERT INTO "menu_categories" VALUES('cat_002_02','shop_002','Món thêm',2,1);
INSERT INTO "menu_categories" VALUES('cat_002_03','shop_002','Đồ uống',3,1);
INSERT INTO "menu_categories" VALUES('cat_003_01','shop_003','Gà rán',1,1);
INSERT INTO "menu_categories" VALUES('cat_003_02','shop_003','Cơm',2,1);
INSERT INTO "menu_categories" VALUES('cat_003_03','shop_003','Ăn vặt',3,1);
INSERT INTO "menu_categories" VALUES('cat_003_04','shop_003','Combo',4,1);
INSERT INTO "menu_categories" VALUES('cat_004_01','shop_004','Healthy Bowl',1,1);
INSERT INTO "menu_categories" VALUES('cat_004_02','shop_004','Salad',2,1);
INSERT INTO "menu_categories" VALUES('cat_004_03','shop_004','Đồ uống',3,1);
INSERT INTO "menu_categories" VALUES('cat_005_01','shop_005','Mì',1,1);
INSERT INTO "menu_categories" VALUES('cat_005_02','shop_005','Ăn vặt',2,1);
INSERT INTO "menu_categories" VALUES('cat_005_03','shop_005','Đồ uống',3,1);
INSERT INTO "menu_categories" VALUES('cat_006_01','shop_006','Bánh mì',1,1);
INSERT INTO "menu_categories" VALUES('cat_006_02','shop_006','Đồ uống',2,1);
INSERT INTO "menu_categories" VALUES('cat_007_01','shop_007','Phở',1,1);
INSERT INTO "menu_categories" VALUES('cat_007_02','shop_007','Món thêm',2,1);
INSERT INTO "menu_categories" VALUES('cat_007_03','shop_007','Đồ uống',3,1);
INSERT INTO "menu_categories" VALUES('cat_008_01','shop_008','Bún',1,1);
INSERT INTO "menu_categories" VALUES('cat_008_02','shop_008','Cuốn',2,1);
INSERT INTO "menu_categories" VALUES('cat_008_03','shop_008','Món thêm',3,1);
INSERT INTO "menu_categories" VALUES('cat_008_04','shop_008','Đồ uống',4,1);
INSERT INTO "menu_categories" VALUES('cat_009_01','shop_009','Pizza',1,1);
INSERT INTO "menu_categories" VALUES('cat_009_02','shop_009','Mì Ý',2,1);
INSERT INTO "menu_categories" VALUES('cat_009_03','shop_009','Ăn vặt',3,1);
INSERT INTO "menu_categories" VALUES('cat_009_04','shop_009','Combo',4,1);
INSERT INTO "menu_categories" VALUES('cat_010_01','shop_010','Bento',1,1);
INSERT INTO "menu_categories" VALUES('cat_010_02','shop_010','Sushi',2,1);
INSERT INTO "menu_categories" VALUES('cat_010_03','shop_010','Cơm',3,1);
INSERT INTO "menu_categories" VALUES('cat_010_04','shop_010','Canh',4,1);
INSERT INTO "menu_categories" VALUES('cat_010_05','shop_010','Đồ uống',5,1);
INSERT INTO "menu_categories" VALUES('cat_011_01','shop_011','Lẩu',1,1);
INSERT INTO "menu_categories" VALUES('cat_011_02','shop_011','Món thêm',2,1);
INSERT INTO "menu_categories" VALUES('cat_011_03','shop_011','Đồ uống',3,1);
INSERT INTO "menu_categories" VALUES('cat_012_01','shop_012','Cơm',1,1);
INSERT INTO "menu_categories" VALUES('cat_012_02','shop_012','Bún',2,1);
INSERT INTO "menu_categories" VALUES('cat_012_03','shop_012','Cuốn',3,1);
INSERT INTO "menu_categories" VALUES('cat_012_04','shop_012','Món chính',4,1);
INSERT INTO "menu_categories" VALUES('cat_012_05','shop_012','Canh',5,1);
INSERT INTO "menu_categories" VALUES('cat_012_06','shop_012','Đồ uống',6,1);
INSERT INTO "menu_categories" VALUES('cat_013_01','shop_013','Dimsum',1,1);
INSERT INTO "menu_categories" VALUES('cat_013_02','shop_013','Mì',2,1);
INSERT INTO "menu_categories" VALUES('cat_013_03','shop_013','Đồ uống',3,1);
INSERT INTO "menu_categories" VALUES('cat_014_01','shop_014','Burger',1,1);
INSERT INTO "menu_categories" VALUES('cat_014_02','shop_014','Ăn vặt',2,1);
INSERT INTO "menu_categories" VALUES('cat_014_03','shop_014','Combo',3,1);
INSERT INTO "menu_categories" VALUES('cat_014_04','shop_014','Đồ uống',4,1);
INSERT INTO "menu_categories" VALUES('cat_015_01','shop_015','Cơm',1,1);
INSERT INTO "menu_categories" VALUES('cat_015_02','shop_015','Gỏi',2,1);
INSERT INTO "menu_categories" VALUES('cat_015_03','shop_015','Canh',3,1);
INSERT INTO "menu_categories" VALUES('cat_015_04','shop_015','Đồ uống',4,1);
INSERT INTO "menu_categories" VALUES('cat_016_01','shop_016','Bún đậu',1,1);
INSERT INTO "menu_categories" VALUES('cat_016_02','shop_016','Ăn vặt',2,1);
INSERT INTO "menu_categories" VALUES('cat_016_03','shop_016','Món thêm',3,1);
INSERT INTO "menu_categories" VALUES('cat_016_04','shop_016','Đồ uống',4,1);
INSERT INTO "menu_categories" VALUES('cat_017_01','shop_017','Trà sữa',1,1);
INSERT INTO "menu_categories" VALUES('cat_017_02','shop_017','Trà trái cây',2,1);
INSERT INTO "menu_categories" VALUES('cat_017_03','shop_017','Topping',3,1);
INSERT INTO "menu_categories" VALUES('cat_017_04','shop_017','Đồ uống',4,1);
INSERT INTO "menu_categories" VALUES('cat_018_01','shop_018','Cháo',1,1);
INSERT INTO "menu_categories" VALUES('cat_018_02','shop_018','Súp',2,1);
INSERT INTO "menu_categories" VALUES('cat_018_03','shop_018','Món thêm',3,1);
INSERT INTO "menu_categories" VALUES('cat_018_04','shop_018','Đồ uống',4,1);
INSERT INTO "menu_categories" VALUES('cat_019_01','shop_019','Cơm',1,1);
INSERT INTO "menu_categories" VALUES('cat_019_02','shop_019','Món phụ',2,1);
INSERT INTO "menu_categories" VALUES('cat_019_03','shop_019','Canh',3,1);
INSERT INTO "menu_categories" VALUES('cat_019_04','shop_019','Đồ uống',4,1);
INSERT INTO "menu_categories" VALUES('cat_020_01','shop_020','Bánh canh',1,1);
INSERT INTO "menu_categories" VALUES('cat_020_02','shop_020','Món thêm',2,1);
INSERT INTO "menu_categories" VALUES('cat_020_03','shop_020','Đồ uống',3,1);
INSERT INTO "menu_categories" VALUES('cat_021_01','shop_021','Mì xào',1,1);
INSERT INTO "menu_categories" VALUES('cat_021_02','shop_021','Cơm',2,1);
INSERT INTO "menu_categories" VALUES('cat_021_03','shop_021','Súp',3,1);
INSERT INTO "menu_categories" VALUES('cat_021_04','shop_021','Gỏi',4,1);
INSERT INTO "menu_categories" VALUES('cat_021_05','shop_021','Tráng miệng',5,1);
INSERT INTO "menu_categories" VALUES('cat_021_06','shop_021','Đồ uống',6,1);
INSERT INTO "menu_categories" VALUES('cat_022_01','shop_022','Mì',1,1);
INSERT INTO "menu_categories" VALUES('cat_022_02','shop_022','Món thêm',2,1);
INSERT INTO "menu_categories" VALUES('cat_022_03','shop_022','Đồ uống',3,1);
INSERT INTO "menu_categories" VALUES('cat_023_01','shop_023','Xôi',1,1);
INSERT INTO "menu_categories" VALUES('cat_023_02','shop_023','Món thêm',2,1);
INSERT INTO "menu_categories" VALUES('cat_023_03','shop_023','Đồ uống',3,1);
INSERT INTO "menu_categories" VALUES('cat_024_01','shop_024','Bún',1,1);
INSERT INTO "menu_categories" VALUES('cat_024_02','shop_024','Món thêm',2,1);
INSERT INTO "menu_categories" VALUES('cat_024_03','shop_024','Đồ uống',3,1);
INSERT INTO "menu_categories" VALUES('cat_025_01','shop_025','Wrap',1,1);
INSERT INTO "menu_categories" VALUES('cat_025_02','shop_025','Món chính',2,1);
INSERT INTO "menu_categories" VALUES('cat_025_03','shop_025','Ăn vặt',3,1);
INSERT INTO "menu_categories" VALUES('cat_025_04','shop_025','Đồ uống',4,1);
INSERT INTO "menu_categories" VALUES('cat_026_01','shop_026','Cơm',1,1);
INSERT INTO "menu_categories" VALUES('cat_026_02','shop_026','Combo',2,1);
INSERT INTO "menu_categories" VALUES('cat_026_03','shop_026','Canh',3,1);
INSERT INTO "menu_categories" VALUES('cat_027_01','shop_027','Ốc',1,1);
INSERT INTO "menu_categories" VALUES('cat_027_02','shop_027','Hải sản',2,1);
INSERT INTO "menu_categories" VALUES('cat_027_03','shop_027','Món thêm',3,1);
INSERT INTO "menu_categories" VALUES('cat_027_04','shop_027','Đồ uống',4,1);
INSERT INTO "menu_categories" VALUES('cat_028_01','shop_028','Brunch',1,1);
INSERT INTO "menu_categories" VALUES('cat_028_02','shop_028','Sandwich',2,1);
INSERT INTO "menu_categories" VALUES('cat_028_03','shop_028','Tráng miệng',3,1);
INSERT INTO "menu_categories" VALUES('cat_028_04','shop_028','Cà phê',4,1);
INSERT INTO "menu_categories" VALUES('cat_029_01','shop_029','Mì',1,1);
INSERT INTO "menu_categories" VALUES('cat_029_02','shop_029','Món thêm',2,1);
INSERT INTO "menu_categories" VALUES('cat_029_03','shop_029','Cuốn',3,1);
INSERT INTO "menu_categories" VALUES('cat_029_04','shop_029','Đồ uống',4,1);
INSERT INTO "menu_categories" VALUES('cat_030_01','shop_030','Taco',1,1);
INSERT INTO "menu_categories" VALUES('cat_030_02','shop_030','Burrito',2,1);
INSERT INTO "menu_categories" VALUES('cat_030_03','shop_030','Ăn vặt',3,1);
INSERT INTO "menu_categories" VALUES('cat_030_04','shop_030','Đồ uống',4,1);
INSERT INTO "menu_categories" VALUES('cat_031_01','shop_031','Cơm',1,1);
INSERT INTO "menu_categories" VALUES('cat_031_02','shop_031','Món chính',2,1);
INSERT INTO "menu_categories" VALUES('cat_031_03','shop_031','Canh',3,1);
INSERT INTO "menu_categories" VALUES('cat_031_04','shop_031','Đồ uống',4,1);
INSERT INTO "menu_categories" VALUES('cat_032_01','shop_032','Ramen',1,1);
INSERT INTO "menu_categories" VALUES('cat_032_02','shop_032','Ăn vặt',2,1);
INSERT INTO "menu_categories" VALUES('cat_032_03','shop_032','Món thêm',3,1);
INSERT INTO "menu_categories" VALUES('cat_032_04','shop_032','Đồ uống',4,1);
INSERT INTO "menu_categories" VALUES('cat_033_01','shop_033','Bún',1,1);
INSERT INTO "menu_categories" VALUES('cat_033_02','shop_033','Món thêm',2,1);
INSERT INTO "menu_categories" VALUES('cat_033_03','shop_033','Đồ uống',3,1);
INSERT INTO "menu_categories" VALUES('cat_034_01','shop_034','Cơm',1,1);
INSERT INTO "menu_categories" VALUES('cat_034_02','shop_034','Canh',2,1);
INSERT INTO "menu_categories" VALUES('cat_034_03','shop_034','Món thêm',3,1);
INSERT INTO "menu_categories" VALUES('cat_034_04','shop_034','Đồ uống',4,1);
INSERT INTO "menu_categories" VALUES('cat_035_01','shop_035','Curry',1,1);
INSERT INTO "menu_categories" VALUES('cat_035_02','shop_035','Món thêm',2,1);
INSERT INTO "menu_categories" VALUES('cat_035_03','shop_035','Đồ uống',3,1);
INSERT INTO "menu_categories" VALUES('cat_036_01','shop_036','Salad',1,1);
INSERT INTO "menu_categories" VALUES('cat_036_02','shop_036','Wrap',2,1);
INSERT INTO "menu_categories" VALUES('cat_036_03','shop_036','Súp',3,1);
INSERT INTO "menu_categories" VALUES('cat_036_04','shop_036','Đồ uống',4,1);
INSERT INTO "menu_categories" VALUES('cat_036_05','shop_036','Tráng miệng',5,1);
INSERT INTO "menu_categories" VALUES('cat_037_01','shop_037','Bò né',1,1);
INSERT INTO "menu_categories" VALUES('cat_037_02','shop_037','Món thêm',2,1);
INSERT INTO "menu_categories" VALUES('cat_037_03','shop_037','Salad',3,1);
INSERT INTO "menu_categories" VALUES('cat_037_04','shop_037','Đồ uống',4,1);
INSERT INTO "menu_categories" VALUES('cat_038_01','shop_038','Cuốn',1,1);
INSERT INTO "menu_categories" VALUES('cat_038_02','shop_038','Món thêm',2,1);
INSERT INTO "menu_categories" VALUES('cat_038_03','shop_038','Đồ uống',3,1);
INSERT INTO "menu_categories" VALUES('cat_039_01','shop_039','Hủ tiếu',1,1);
INSERT INTO "menu_categories" VALUES('cat_039_02','shop_039','Súp',2,1);
INSERT INTO "menu_categories" VALUES('cat_039_03','shop_039','Món thêm',3,1);
INSERT INTO "menu_categories" VALUES('cat_039_04','shop_039','Đồ uống',4,1);
INSERT INTO "menu_categories" VALUES('cat_040_01','shop_040','Bánh xèo',1,1);
INSERT INTO "menu_categories" VALUES('cat_040_02','shop_040','Bánh khọt',2,1);
INSERT INTO "menu_categories" VALUES('cat_040_03','shop_040','Món thêm',3,1);
INSERT INTO "menu_categories" VALUES('cat_040_04','shop_040','Đồ uống',4,1);
INSERT INTO "menu_categories" VALUES('cat_041_01','shop_041','Sandwich',1,1);
INSERT INTO "menu_categories" VALUES('cat_041_02','shop_041','Súp',2,1);
INSERT INTO "menu_categories" VALUES('cat_041_03','shop_041','Tráng miệng',3,1);
INSERT INTO "menu_categories" VALUES('cat_041_04','shop_041','Cà phê',4,1);
INSERT INTO "menu_categories" VALUES('cat_042_01','shop_042','Cơm',1,1);
INSERT INTO "menu_categories" VALUES('cat_042_02','shop_042','Món chính',2,1);
INSERT INTO "menu_categories" VALUES('cat_042_03','shop_042','Combo',3,1);
INSERT INTO "menu_categories" VALUES('cat_042_04','shop_042','Salad',4,1);
INSERT INTO "menu_categories" VALUES('cat_042_05','shop_042','Đồ uống',5,1);
INSERT INTO "menu_categories" VALUES('cat_043_01','shop_043','Tráng miệng',1,1);
INSERT INTO "menu_categories" VALUES('cat_043_02','shop_043','Bánh ngọt',2,1);
INSERT INTO "menu_categories" VALUES('cat_043_03','shop_043','Đồ uống',3,1);
INSERT INTO "menu_categories" VALUES('cat_044_01','shop_044','Bún',1,1);
INSERT INTO "menu_categories" VALUES('cat_044_02','shop_044','Món thêm',2,1);
INSERT INTO "menu_categories" VALUES('cat_044_03','shop_044','Đồ uống',3,1);
CREATE TABLE menu_items (
  id TEXT PRIMARY KEY,
  shop_id TEXT NOT NULL,
  category_id TEXT NOT NULL,
  name TEXT NOT NULL,
  description TEXT,
  base_price INTEGER NOT NULL CHECK (base_price >= 0),
  sale_price INTEGER,
  image_url TEXT,
  rating_avg REAL NOT NULL DEFAULT 0,
  rating_count INTEGER NOT NULL DEFAULT 0,
  sold_count INTEGER NOT NULL DEFAULT 0,
  prepare_time_min INTEGER NOT NULL DEFAULT 10,
  spicy_level INTEGER NOT NULL DEFAULT 0 CHECK (spicy_level BETWEEN 0 AND 5),
  calories_estimate INTEGER,
  portion_size TEXT,
  is_available INTEGER NOT NULL DEFAULT 1,
  is_signature INTEGER NOT NULL DEFAULT 0,
  is_combo INTEGER NOT NULL DEFAULT 0,
  created_at TEXT NOT NULL,
  updated_at TEXT NOT NULL,
  FOREIGN KEY (shop_id) REFERENCES shops(id) ON DELETE CASCADE,
  FOREIGN KEY (category_id) REFERENCES menu_categories(id) ON DELETE CASCADE
);
INSERT INTO "menu_items" VALUES('item_001_001','shop_001','cat_001_01','Cơm tấm sườn bì chả','Cơm tấm sườn bì chả tại Cơm Tấm Ba Ghiền Q1. Tags: no lâu, bán chạy, ăn trưa. Mức cay 0/5.',59000,NULL,'https://cdn.mock.local/items/item_001_001.jpg',4.3,790,1107,10,0,341,'vừa',1,1,0,'2023-09-09T12:00:00+07:00','2026-05-23T12:00:00+07:00');
INSERT INTO "menu_items" VALUES('item_001_002','shop_001','cat_001_01','Cơm tấm sườn trứng','Cơm tấm sườn trứng tại Cơm Tấm Ba Ghiền Q1. Tags: dễ ăn, ăn sáng, ăn trưa. Mức cay 0/5.',55000,50000,'https://cdn.mock.local/items/item_001_002.jpg',3.9,1099,3114,16,0,787,'1-2 người',1,0,0,'2023-09-09T12:00:00+07:00','2026-05-23T12:00:00+07:00');
INSERT INTO "menu_items" VALUES('item_001_003','shop_001','cat_001_01','Cơm tấm ba rọi nướng','Cơm tấm ba rọi nướng tại Cơm Tấm Ba Ghiền Q1. Tags: đậm vị, no lâu. Mức cay 1/5.',62000,56000,'https://cdn.mock.local/items/item_001_003.jpg',4.1,53,1450,7,1,328,'1-2 người',1,0,0,'2023-09-09T12:00:00+07:00','2026-05-23T12:00:00+07:00');
INSERT INTO "menu_items" VALUES('item_001_004','shop_001','cat_001_01','Cơm tấm chả cua','Cơm tấm chả cua tại Cơm Tấm Ba Ghiền Q1. Tags: món Việt, dễ ăn. Mức cay 0/5.',52000,NULL,'https://cdn.mock.local/items/item_001_004.jpg',4.0,925,1728,15,0,420,'2 người',1,0,0,'2023-09-09T12:00:00+07:00','2026-05-23T12:00:00+07:00');
INSERT INTO "menu_items" VALUES('item_001_005','shop_001','cat_001_02','Canh khổ qua nhồi thịt','Canh khổ qua nhồi thịt tại Cơm Tấm Ba Ghiền Q1. Tags: món phụ, ít dầu mỡ. Mức cay 0/5.',35000,32000,'https://cdn.mock.local/items/item_001_005.jpg',4.0,685,1860,11,0,272,'1-2 người',1,0,0,'2023-09-09T12:00:00+07:00','2026-05-23T12:00:00+07:00');
INSERT INTO "menu_items" VALUES('item_001_006','shop_001','cat_001_03','Trà tắc','Trà tắc tại Cơm Tấm Ba Ghiền Q1. Tags: đồ uống, giải khát. Mức cay 0/5.',18000,NULL,'https://cdn.mock.local/items/item_001_006.jpg',4.1,1027,3885,12,0,175,'1 người',1,0,0,'2023-09-09T12:00:00+07:00','2026-05-23T12:00:00+07:00');
INSERT INTO "menu_items" VALUES('item_002_001','shop_002','cat_002_01','Bún bò Huế đặc biệt','Bún bò Huế đặc biệt tại Bún Bò Huế Cô Mai. Tags: món cay, đậm vị, bán chạy. Mức cay 3/5.',65000,NULL,'https://cdn.mock.local/items/item_002_001.jpg',4.2,293,3822,16,3,621,'vừa',1,1,0,'2024-11-17T12:00:00+07:00','2026-05-29T12:00:00+07:00');
INSERT INTO "menu_items" VALUES('item_002_002','shop_002','cat_002_01','Bún bò tái','Bún bò tái tại Bún Bò Huế Cô Mai. Tags: món nước, ăn sáng. Mức cay 2/5.',50000,46000,'https://cdn.mock.local/items/item_002_002.jpg',3.9,147,1658,11,2,365,'1-2 người',1,0,0,'2024-11-17T12:00:00+07:00','2026-05-29T12:00:00+07:00');
INSERT INTO "menu_items" VALUES('item_002_003','shop_002','cat_002_01','Bún bò giò heo','Bún bò giò heo tại Bún Bò Huế Cô Mai. Tags: no lâu, đậm vị. Mức cay 3/5.',58000,NULL,'https://cdn.mock.local/items/item_002_003.jpg',4.2,154,3363,14,3,683,'nhỏ',1,0,0,'2024-11-17T12:00:00+07:00','2026-05-29T12:00:00+07:00');
INSERT INTO "menu_items" VALUES('item_002_004','shop_002','cat_002_01','Bún bò ít cay','Bún bò ít cay tại Bún Bò Huế Cô Mai. Tags: ít cay, dễ ăn. Mức cay 1/5.',50000,NULL,'https://cdn.mock.local/items/item_002_004.jpg',4.0,795,1634,15,1,804,'nhỏ',0,0,0,'2024-11-17T12:00:00+07:00','2026-05-29T12:00:00+07:00');
INSERT INTO "menu_items" VALUES('item_002_005','shop_002','cat_002_02','Chả cua thêm','Chả cua thêm tại Bún Bò Huế Cô Mai. Tags: topping. Mức cay 0/5.',22000,19000,'https://cdn.mock.local/items/item_002_005.jpg',4.1,247,1882,15,0,142,'vừa',1,0,0,'2024-11-17T12:00:00+07:00','2026-05-29T12:00:00+07:00');
INSERT INTO "menu_items" VALUES('item_002_006','shop_002','cat_002_03','Nước sâm','Nước sâm tại Bún Bò Huế Cô Mai. Tags: đồ uống, thanh mát. Mức cay 0/5.',18000,NULL,'https://cdn.mock.local/items/item_002_006.jpg',4.1,516,3647,20,0,290,'vừa',1,0,0,'2024-11-17T12:00:00+07:00','2026-05-29T12:00:00+07:00');
INSERT INTO "menu_items" VALUES('item_003_001','shop_003','cat_003_01','Gà rán sốt cay Hàn Quốc','Gà rán sốt cay Hàn Quốc tại Gà Rán Seoul Chicken. Tags: món cay, ăn nhóm, đậm vị. Mức cay 4/5.',89000,NULL,'https://cdn.mock.local/items/item_003_001.jpg',4.7,841,3027,24,4,885,'2 người',1,1,0,'2025-03-24T12:00:00+07:00','2026-05-29T12:00:00+07:00');
INSERT INTO "menu_items" VALUES('item_003_002','shop_003','cat_003_01','Gà không xương sốt mật ong','Gà không xương sốt mật ong tại Gà Rán Seoul Chicken. Tags: không cay, dễ ăn. Mức cay 0/5.',85000,NULL,'https://cdn.mock.local/items/item_003_002.jpg',4.6,1013,3373,27,0,655,'2 người',1,0,0,'2025-03-24T12:00:00+07:00','2026-05-29T12:00:00+07:00');
INSERT INTO "menu_items" VALUES('item_003_003','shop_003','cat_003_02','Cơm gà teriyaki','Cơm gà teriyaki tại Gà Rán Seoul Chicken. Tags: ăn trưa, no lâu. Mức cay 0/5.',69000,NULL,'https://cdn.mock.local/items/item_003_003.jpg',4.9,620,2886,23,0,426,'1 người',1,0,0,'2025-03-24T12:00:00+07:00','2026-05-29T12:00:00+07:00');
INSERT INTO "menu_items" VALUES('item_003_004','shop_003','cat_003_03','Khoai tây lắc phô mai','Khoai tây lắc phô mai tại Gà Rán Seoul Chicken. Tags: ăn vặt, béo. Mức cay 0/5.',39000,37000,'https://cdn.mock.local/items/item_003_004.jpg',4.7,1134,781,28,0,594,'1 người',1,0,0,'2025-03-24T12:00:00+07:00','2026-05-29T12:00:00+07:00');
INSERT INTO "menu_items" VALUES('item_003_005','shop_003','cat_003_03','Tokbokki gà cay','Tokbokki gà cay tại Gà Rán Seoul Chicken. Tags: món Hàn, cay. Mức cay 3/5.',59000,53000,'https://cdn.mock.local/items/item_003_005.jpg',4.8,579,110,21,3,653,'2 người',1,0,0,'2025-03-24T12:00:00+07:00','2026-05-29T12:00:00+07:00');
INSERT INTO "menu_items" VALUES('item_003_006','shop_003','cat_003_04','Combo gà 2 người','Combo gà 2 người tại Gà Rán Seoul Chicken. Tags: ăn nhóm, combo. Mức cay 2/5.',159000,NULL,'https://cdn.mock.local/items/item_003_006.jpg',4.6,316,1413,20,2,744,'lớn',1,1,1,'2025-03-24T12:00:00+07:00','2026-05-29T12:00:00+07:00');
INSERT INTO "menu_items" VALUES('item_004_001','shop_004','cat_004_01','Ức gà quinoa bowl','Ức gà quinoa bowl tại Healthy Bowl Saigon. Tags: healthy, protein cao, ít dầu mỡ. Mức cay 0/5.',89000,NULL,'https://cdn.mock.local/items/item_004_001.jpg',4.2,431,2205,6,0,393,'2 người',1,1,0,'2023-09-16T12:00:00+07:00','2026-05-18T12:00:00+07:00');
INSERT INTO "menu_items" VALUES('item_004_002','shop_004','cat_004_02','Salad cá hồi sốt chanh dây','Salad cá hồi sốt chanh dây tại Healthy Bowl Saigon. Tags: healthy, ít tinh bột. Mức cay 0/5.',109000,NULL,'https://cdn.mock.local/items/item_004_002.jpg',4.3,142,3911,14,0,322,'lớn',1,0,0,'2023-09-16T12:00:00+07:00','2026-05-18T12:00:00+07:00');
INSERT INTO "menu_items" VALUES('item_004_003','shop_004','cat_004_01','Bowl bò áp chảo gạo lứt','Bowl bò áp chảo gạo lứt tại Healthy Bowl Saigon. Tags: healthy, protein cao. Mức cay 0/5.',99000,84000,'https://cdn.mock.local/items/item_004_003.jpg',4.1,409,1587,4,0,378,'1 người',1,1,0,'2023-09-16T12:00:00+07:00','2026-05-18T12:00:00+07:00');
INSERT INTO "menu_items" VALUES('item_004_004','shop_004','cat_004_02','Salad đậu gà rau củ','Salad đậu gà rau củ tại Healthy Bowl Saigon. Tags: chay, healthy. Mức cay 0/5.',79000,NULL,'https://cdn.mock.local/items/item_004_004.jpg',4.1,284,2255,15,0,345,'2 người',1,0,0,'2023-09-16T12:00:00+07:00','2026-05-18T12:00:00+07:00');
INSERT INTO "menu_items" VALUES('item_004_005','shop_004','cat_004_03','Smoothie chuối bơ đậu phộng','Smoothie chuối bơ đậu phộng tại Healthy Bowl Saigon. Tags: healthy, ăn nhẹ. Mức cay 0/5.',49000,42000,'https://cdn.mock.local/items/item_004_005.jpg',4.3,179,3734,9,0,299,'nhỏ',1,0,0,'2023-09-16T12:00:00+07:00','2026-05-18T12:00:00+07:00');
INSERT INTO "menu_items" VALUES('item_004_006','shop_004','cat_004_03','Nước ép cần tây táo','Nước ép cần tây táo tại Healthy Bowl Saigon. Tags: detox, healthy. Mức cay 0/5.',45000,38000,'https://cdn.mock.local/items/item_004_006.jpg',3.9,711,396,15,0,230,'2 người',1,1,0,'2023-09-16T12:00:00+07:00','2026-05-18T12:00:00+07:00');
INSERT INTO "menu_items" VALUES('item_005_001','shop_005','cat_005_01','Mì cay hải sản cấp độ 3','Mì cay hải sản cấp độ 3 tại Mì Cay Sasin Mini Q1. Tags: rất cay, hải sản, bán chạy. Mức cay 5/5.',69000,59000,'https://cdn.mock.local/items/item_005_001.jpg',4.2,278,3851,20,5,527,'1 người',1,1,0,'2024-11-27T12:00:00+07:00','2026-05-31T12:00:00+07:00');
INSERT INTO "menu_items" VALUES('item_005_002','shop_005','cat_005_01','Mì cay bò Mỹ cấp độ 1','Mì cay bò Mỹ cấp độ 1 tại Mì Cay Sasin Mini Q1. Tags: vừa cay, ăn tối. Mức cay 2/5.',65000,62000,'https://cdn.mock.local/items/item_005_002.jpg',4.4,35,756,19,2,861,'2 người',1,0,0,'2024-11-27T12:00:00+07:00','2026-05-31T12:00:00+07:00');
INSERT INTO "menu_items" VALUES('item_005_003','shop_005','cat_005_01','Mì cay gà phô mai','Mì cay gà phô mai tại Mì Cay Sasin Mini Q1. Tags: cay, béo. Mức cay 3/5.',67000,60000,'https://cdn.mock.local/items/item_005_003.jpg',4.1,587,649,26,3,513,'lớn',1,0,0,'2024-11-27T12:00:00+07:00','2026-05-31T12:00:00+07:00');
INSERT INTO "menu_items" VALUES('item_005_004','shop_005','cat_005_02','Tokbokki phô mai','Tokbokki phô mai tại Mì Cay Sasin Mini Q1. Tags: ăn vặt, món Hàn. Mức cay 3/5.',59000,50000,'https://cdn.mock.local/items/item_005_004.jpg',4.3,337,3844,18,3,533,'nhỏ',1,0,0,'2024-11-27T12:00:00+07:00','2026-05-31T12:00:00+07:00');
INSERT INTO "menu_items" VALUES('item_005_005','shop_005','cat_005_02','Kimbap chiên','Kimbap chiên tại Mì Cay Sasin Mini Q1. Tags: ăn vặt, dễ ăn. Mức cay 1/5.',45000,NULL,'https://cdn.mock.local/items/item_005_005.jpg',4.2,94,3250,28,1,496,'lớn',1,0,0,'2024-11-27T12:00:00+07:00','2026-05-31T12:00:00+07:00');
INSERT INTO "menu_items" VALUES('item_005_006','shop_005','cat_005_03','Trà đào','Trà đào tại Mì Cay Sasin Mini Q1. Tags: đồ uống. Mức cay 0/5.',25000,21000,'https://cdn.mock.local/items/item_005_006.jpg',4.2,74,3867,28,0,96,'vừa',1,0,0,'2024-11-27T12:00:00+07:00','2026-05-31T12:00:00+07:00');
INSERT INTO "menu_items" VALUES('item_006_001','shop_006','cat_006_01','Bánh mì thịt nướng','Bánh mì thịt nướng tại Bánh Mì Cô Lan. Tags: rẻ, ăn sáng, bán chạy. Mức cay 1/5.',30000,NULL,'https://cdn.mock.local/items/item_006_001.jpg',4.1,1118,630,7,1,543,'lớn',1,1,0,'2024-01-25T12:00:00+07:00','2026-05-16T12:00:00+07:00');
INSERT INTO "menu_items" VALUES('item_006_002','shop_006','cat_006_01','Bánh mì chả cá','Bánh mì chả cá tại Bánh Mì Cô Lan. Tags: rẻ, ăn sáng. Mức cay 1/5.',28000,25000,'https://cdn.mock.local/items/item_006_002.jpg',4.2,772,3690,15,1,363,'1 người',1,0,0,'2024-01-25T12:00:00+07:00','2026-05-16T12:00:00+07:00');
INSERT INTO "menu_items" VALUES('item_006_003','shop_006','cat_006_01','Bánh mì xíu mại','Bánh mì xíu mại tại Bánh Mì Cô Lan. Tags: ăn sáng, đậm vị. Mức cay 1/5.',32000,29000,'https://cdn.mock.local/items/item_006_003.jpg',4.3,125,946,14,1,361,'1-2 người',1,0,0,'2024-01-25T12:00:00+07:00','2026-05-16T12:00:00+07:00');
INSERT INTO "menu_items" VALUES('item_006_004','shop_006','cat_006_01','Bánh mì ốp la pate','Bánh mì ốp la pate tại Bánh Mì Cô Lan. Tags: ăn sáng, dễ ăn. Mức cay 0/5.',30000,26000,'https://cdn.mock.local/items/item_006_004.jpg',4.2,856,1620,7,0,509,'2 người',1,0,0,'2024-01-25T12:00:00+07:00','2026-05-16T12:00:00+07:00');
INSERT INTO "menu_items" VALUES('item_006_005','shop_006','cat_006_02','Sữa đậu nành','Sữa đậu nành tại Bánh Mì Cô Lan. Tags: rẻ, đồ uống. Mức cay 0/5.',15000,NULL,'https://cdn.mock.local/items/item_006_005.jpg',4.1,1167,3998,16,0,369,'vừa',1,0,0,'2024-01-25T12:00:00+07:00','2026-05-16T12:00:00+07:00');
INSERT INTO "menu_items" VALUES('item_006_006','shop_006','cat_006_02','Cà phê sữa đá','Cà phê sữa đá tại Bánh Mì Cô Lan. Tags: đồ uống, cà phê. Mức cay 0/5.',22000,20000,'https://cdn.mock.local/items/item_006_006.jpg',4.0,541,2404,11,0,370,'vừa',1,0,0,'2024-01-25T12:00:00+07:00','2026-05-16T12:00:00+07:00');
INSERT INTO "menu_items" VALUES('item_007_001','shop_007','cat_007_01','Phở bò tái','Phở bò tái tại Phở Bò Nam Định 24h. Tags: món nước, ăn sáng. Mức cay 0/5.',55000,52000,'https://cdn.mock.local/items/item_007_001.jpg',4.9,415,2415,12,0,611,'1-2 người',1,1,0,'2025-05-27T12:00:00+07:00','2026-05-17T12:00:00+07:00');
INSERT INTO "menu_items" VALUES('item_007_002','shop_007','cat_007_01','Phở bò chín','Phở bò chín tại Phở Bò Nam Định 24h. Tags: dễ ăn, món nước. Mức cay 0/5.',55000,NULL,'https://cdn.mock.local/items/item_007_002.jpg',4.5,691,2687,14,0,758,'lớn',1,0,0,'2025-05-27T12:00:00+07:00','2026-05-17T12:00:00+07:00');
INSERT INTO "menu_items" VALUES('item_007_003','shop_007','cat_007_01','Phở đặc biệt','Phở đặc biệt tại Phở Bò Nam Định 24h. Tags: no lâu, bán chạy. Mức cay 0/5.',75000,NULL,'https://cdn.mock.local/items/item_007_003.jpg',4.6,374,2953,22,0,756,'2 người',1,1,0,'2025-05-27T12:00:00+07:00','2026-05-17T12:00:00+07:00');
INSERT INTO "menu_items" VALUES('item_007_004','shop_007','cat_007_01','Phở gà xé','Phở gà xé tại Phở Bò Nam Định 24h. Tags: dễ ăn, ăn sáng. Mức cay 0/5.',52000,NULL,'https://cdn.mock.local/items/item_007_004.jpg',4.8,332,3572,22,0,886,'2 người',1,0,0,'2025-05-27T12:00:00+07:00','2026-05-17T12:00:00+07:00');
INSERT INTO "menu_items" VALUES('item_007_005','shop_007','cat_007_02','Quẩy nóng','Quẩy nóng tại Phở Bò Nam Định 24h. Tags: topping. Mức cay 0/5.',12000,NULL,'https://cdn.mock.local/items/item_007_005.jpg',4.8,178,1226,12,0,62,'2 người',1,0,0,'2025-05-27T12:00:00+07:00','2026-05-17T12:00:00+07:00');
INSERT INTO "menu_items" VALUES('item_007_006','shop_007','cat_007_03','Trà đá','Trà đá tại Phở Bò Nam Định 24h. Tags: rẻ, đồ uống. Mức cay 0/5.',8000,NULL,'https://cdn.mock.local/items/item_007_006.jpg',4.6,56,1581,16,0,123,'1-2 người',1,0,0,'2025-05-27T12:00:00+07:00','2026-05-17T12:00:00+07:00');
INSERT INTO "menu_items" VALUES('item_008_001','shop_008','cat_008_01','Bún thịt nướng chả giò','Bún thịt nướng chả giò tại Bún Thịt Nướng An Nhiên. Tags: bán chạy, ăn trưa. Mức cay 0/5.',55000,50000,'https://cdn.mock.local/items/item_008_001.jpg',4.5,160,2253,26,0,377,'2 người',1,1,0,'2025-01-24T12:00:00+07:00','2026-05-27T12:00:00+07:00');
INSERT INTO "menu_items" VALUES('item_008_002','shop_008','cat_008_01','Bún nem nướng','Bún nem nướng tại Bún Thịt Nướng An Nhiên. Tags: đậm vị, dễ ăn. Mức cay 0/5.',59000,56000,'https://cdn.mock.local/items/item_008_002.jpg',4.7,607,712,26,0,655,'nhỏ',1,0,0,'2025-01-24T12:00:00+07:00','2026-05-27T12:00:00+07:00');
INSERT INTO "menu_items" VALUES('item_008_003','shop_008','cat_008_01','Bún bò xào','Bún bò xào tại Bún Thịt Nướng An Nhiên. Tags: no lâu, ăn trưa. Mức cay 0/5.',62000,NULL,'https://cdn.mock.local/items/item_008_003.jpg',4.6,370,308,26,0,879,'nhỏ',1,0,0,'2025-01-24T12:00:00+07:00','2026-05-27T12:00:00+07:00');
INSERT INTO "menu_items" VALUES('item_008_004','shop_008','cat_008_02','Gỏi cuốn tôm thịt','Gỏi cuốn tôm thịt tại Bún Thịt Nướng An Nhiên. Tags: ăn nhẹ, ít dầu mỡ. Mức cay 0/5.',39000,NULL,'https://cdn.mock.local/items/item_008_004.jpg',4.4,69,1303,17,0,555,'lớn',1,0,0,'2025-01-24T12:00:00+07:00','2026-05-27T12:00:00+07:00');
INSERT INTO "menu_items" VALUES('item_008_005','shop_008','cat_008_03','Chả giò thêm','Chả giò thêm tại Bún Thịt Nướng An Nhiên. Tags: topping, giòn. Mức cay 0/5.',25000,23000,'https://cdn.mock.local/items/item_008_005.jpg',4.4,727,2974,29,0,186,'lớn',0,0,0,'2025-01-24T12:00:00+07:00','2026-05-27T12:00:00+07:00');
INSERT INTO "menu_items" VALUES('item_008_006','shop_008','cat_008_04','Nước mía','Nước mía tại Bún Thịt Nướng An Nhiên. Tags: đồ uống. Mức cay 0/5.',18000,NULL,'https://cdn.mock.local/items/item_008_006.jpg',4.5,174,3102,28,0,367,'1 người',1,0,0,'2025-01-24T12:00:00+07:00','2026-05-27T12:00:00+07:00');
INSERT INTO "menu_items" VALUES('item_009_001','shop_009','cat_009_01','Pizza pepperoni size M','Pizza pepperoni size M tại Pizza Urban Slice. Tags: ăn nhóm, bán chạy. Mức cay 1/5.',129000,NULL,'https://cdn.mock.local/items/item_009_001.jpg',4.0,220,523,16,1,857,'2 người',1,1,0,'2024-02-12T12:00:00+07:00','2026-05-28T12:00:00+07:00');
INSERT INTO "menu_items" VALUES('item_009_002','shop_009','cat_009_01','Pizza hải sản size M','Pizza hải sản size M tại Pizza Urban Slice. Tags: hải sản, ăn nhóm. Mức cay 1/5.',149000,NULL,'https://cdn.mock.local/items/item_009_002.jpg',4.3,662,2681,16,1,1040,'2 người',1,0,0,'2024-02-12T12:00:00+07:00','2026-05-28T12:00:00+07:00');
INSERT INTO "menu_items" VALUES('item_009_003','shop_009','cat_009_01','Pizza bò BBQ size M','Pizza bò BBQ size M tại Pizza Urban Slice. Tags: đậm vị, ăn tối. Mức cay 0/5.',139000,118000,'https://cdn.mock.local/items/item_009_003.jpg',4.1,856,2371,22,0,756,'nhỏ',1,0,0,'2024-02-12T12:00:00+07:00','2026-05-28T12:00:00+07:00');
INSERT INTO "menu_items" VALUES('item_009_004','shop_009','cat_009_02','Mì Ý bò bằm','Mì Ý bò bằm tại Pizza Urban Slice. Tags: dễ ăn, no lâu. Mức cay 0/5.',79000,NULL,'https://cdn.mock.local/items/item_009_004.jpg',4.3,88,1038,25,0,413,'lớn',1,0,0,'2024-02-12T12:00:00+07:00','2026-05-28T12:00:00+07:00');
INSERT INTO "menu_items" VALUES('item_009_005','shop_009','cat_009_03','Khoai tây chiên','Khoai tây chiên tại Pizza Urban Slice. Tags: ăn vặt. Mức cay 0/5.',39000,NULL,'https://cdn.mock.local/items/item_009_005.jpg',4.1,759,3648,18,0,710,'nhỏ',1,0,0,'2024-02-12T12:00:00+07:00','2026-05-28T12:00:00+07:00');
INSERT INTO "menu_items" VALUES('item_009_006','shop_009','cat_009_04','Combo pizza 2 người','Combo pizza 2 người tại Pizza Urban Slice. Tags: combo, ăn nhóm. Mức cay 1/5.',199000,169000,'https://cdn.mock.local/items/item_009_006.jpg',3.9,249,3584,19,1,959,'1 người',1,0,1,'2024-02-12T12:00:00+07:00','2026-05-28T12:00:00+07:00');
INSERT INTO "menu_items" VALUES('item_010_001','shop_010','cat_010_01','Bento cá hồi teriyaki','Bento cá hồi teriyaki tại Sushi Bento Tokyo. Tags: ăn trưa, cao cấp. Mức cay 0/5.',119000,109000,'https://cdn.mock.local/items/item_010_001.jpg',4.8,518,1770,23,0,853,'nhỏ',1,1,0,'2023-05-28T12:00:00+07:00','2026-05-19T12:00:00+07:00');
INSERT INTO "menu_items" VALUES('item_010_002','shop_010','cat_010_02','Sushi cá hồi set 8 miếng','Sushi cá hồi set 8 miếng tại Sushi Bento Tokyo. Tags: tươi, cao cấp. Mức cay 0/5.',139000,NULL,'https://cdn.mock.local/items/item_010_002.jpg',4.6,1184,3207,22,0,411,'1 người',1,1,0,'2023-05-28T12:00:00+07:00','2026-05-19T12:00:00+07:00');
INSERT INTO "menu_items" VALUES('item_010_003','shop_010','cat_010_02','Cơm cuộn California','Cơm cuộn California tại Sushi Bento Tokyo. Tags: dễ ăn, món Nhật. Mức cay 0/5.',89000,NULL,'https://cdn.mock.local/items/item_010_003.jpg',4.6,664,3520,14,0,720,'vừa',1,0,0,'2023-05-28T12:00:00+07:00','2026-05-19T12:00:00+07:00');
INSERT INTO "menu_items" VALUES('item_010_004','shop_010','cat_010_03','Donburi bò Gyudon','Donburi bò Gyudon tại Sushi Bento Tokyo. Tags: no lâu, ăn trưa. Mức cay 0/5.',99000,84000,'https://cdn.mock.local/items/item_010_004.jpg',4.7,943,820,20,0,590,'vừa',1,0,0,'2023-05-28T12:00:00+07:00','2026-05-19T12:00:00+07:00');
INSERT INTO "menu_items" VALUES('item_010_005','shop_010','cat_010_04','Miso soup','Miso soup tại Sushi Bento Tokyo. Tags: món phụ. Mức cay 0/5.',25000,NULL,'https://cdn.mock.local/items/item_010_005.jpg',4.7,647,970,22,0,760,'nhỏ',1,0,0,'2023-05-28T12:00:00+07:00','2026-05-19T12:00:00+07:00');
INSERT INTO "menu_items" VALUES('item_010_006','shop_010','cat_010_05','Trà xanh Nhật','Trà xanh Nhật tại Sushi Bento Tokyo. Tags: đồ uống. Mức cay 0/5.',30000,NULL,'https://cdn.mock.local/items/item_010_006.jpg',4.4,1035,3468,15,0,377,'2 người',1,0,0,'2023-05-28T12:00:00+07:00','2026-05-19T12:00:00+07:00');
INSERT INTO "menu_items" VALUES('item_011_001','shop_011','cat_011_01','Lẩu Thái hải sản mini','Lẩu Thái hải sản mini tại Lẩu Mini Một Người. Tags: cay, hải sản, ăn tối. Mức cay 4/5.',99000,NULL,'https://cdn.mock.local/items/item_011_001.jpg',3.9,127,3610,8,4,589,'vừa',1,1,0,'2025-03-14T12:00:00+07:00','2026-05-19T12:00:00+07:00');
INSERT INTO "menu_items" VALUES('item_011_002','shop_011','cat_011_01','Lẩu bò sa tế mini','Lẩu bò sa tế mini tại Lẩu Mini Một Người. Tags: cay, no lâu. Mức cay 3/5.',95000,NULL,'https://cdn.mock.local/items/item_011_002.jpg',4.0,672,2837,20,3,325,'vừa',1,0,0,'2025-03-14T12:00:00+07:00','2026-05-19T12:00:00+07:00');
INSERT INTO "menu_items" VALUES('item_011_003','shop_011','cat_011_01','Lẩu nấm chay mini','Lẩu nấm chay mini tại Lẩu Mini Một Người. Tags: chay, healthy. Mức cay 1/5.',85000,NULL,'https://cdn.mock.local/items/item_011_003.jpg',4.1,462,2129,18,1,460,'nhỏ',1,0,0,'2025-03-14T12:00:00+07:00','2026-05-19T12:00:00+07:00');
INSERT INTO "menu_items" VALUES('item_011_004','shop_011','cat_011_02','Mì thêm','Mì thêm tại Lẩu Mini Một Người. Tags: topping. Mức cay 0/5.',12000,NULL,'https://cdn.mock.local/items/item_011_004.jpg',4.2,263,2000,9,0,208,'1-2 người',1,0,0,'2025-03-14T12:00:00+07:00','2026-05-19T12:00:00+07:00');
INSERT INTO "menu_items" VALUES('item_011_005','shop_011','cat_011_02','Rau nấm thêm','Rau nấm thêm tại Lẩu Mini Một Người. Tags: healthy, topping. Mức cay 0/5.',25000,24000,'https://cdn.mock.local/items/item_011_005.jpg',4.3,54,3169,12,0,163,'nhỏ',1,0,0,'2025-03-14T12:00:00+07:00','2026-05-19T12:00:00+07:00');
INSERT INTO "menu_items" VALUES('item_011_006','shop_011','cat_011_03','Nước tắc xí muội','Nước tắc xí muội tại Lẩu Mini Một Người. Tags: đồ uống. Mức cay 0/5.',25000,23000,'https://cdn.mock.local/items/item_011_006.jpg',4.1,486,177,15,0,301,'vừa',1,1,0,'2025-03-14T12:00:00+07:00','2026-05-19T12:00:00+07:00');
INSERT INTO "menu_items" VALUES('item_012_001','shop_012','cat_012_01','Cơm chay thập cẩm','Cơm chay thập cẩm tại Bếp Chay Sen Vàng. Tags: chay, ăn trưa. Mức cay 0/5.',52000,NULL,'https://cdn.mock.local/items/item_012_001.jpg',4.4,378,2640,22,0,621,'vừa',1,1,0,'2025-05-06T12:00:00+07:00','2026-05-23T12:00:00+07:00');
INSERT INTO "menu_items" VALUES('item_012_002','shop_012','cat_012_02','Bún Huế chay','Bún Huế chay tại Bếp Chay Sen Vàng. Tags: chay, món nước. Mức cay 2/5.',55000,52000,'https://cdn.mock.local/items/item_012_002.jpg',4.6,112,2071,16,2,593,'1 người',1,0,0,'2025-05-06T12:00:00+07:00','2026-05-23T12:00:00+07:00');
INSERT INTO "menu_items" VALUES('item_012_003','shop_012','cat_012_03','Gỏi cuốn chay','Gỏi cuốn chay tại Bếp Chay Sen Vàng. Tags: chay, ăn nhẹ. Mức cay 0/5.',39000,NULL,'https://cdn.mock.local/items/item_012_003.jpg',4.2,514,1064,28,0,334,'2 người',1,0,0,'2025-05-06T12:00:00+07:00','2026-05-23T12:00:00+07:00');
INSERT INTO "menu_items" VALUES('item_012_004','shop_012','cat_012_04','Nấm kho tiêu','Nấm kho tiêu tại Bếp Chay Sen Vàng. Tags: đậm vị, chay. Mức cay 1/5.',49000,NULL,'https://cdn.mock.local/items/item_012_004.jpg',4.2,657,1772,18,1,559,'2 người',1,0,0,'2025-05-06T12:00:00+07:00','2026-05-23T12:00:00+07:00');
INSERT INTO "menu_items" VALUES('item_012_005','shop_012','cat_012_05','Canh rong biển đậu hũ','Canh rong biển đậu hũ tại Bếp Chay Sen Vàng. Tags: ít dầu mỡ, chay. Mức cay 0/5.',35000,32000,'https://cdn.mock.local/items/item_012_005.jpg',4.4,87,982,22,0,588,'2 người',1,0,0,'2025-05-06T12:00:00+07:00','2026-05-23T12:00:00+07:00');
INSERT INTO "menu_items" VALUES('item_012_006','shop_012','cat_012_06','Sữa bắp','Sữa bắp tại Bếp Chay Sen Vàng. Tags: đồ uống. Mức cay 0/5.',18000,NULL,'https://cdn.mock.local/items/item_012_006.jpg',4.3,465,1660,17,0,210,'2 người',1,1,0,'2025-05-06T12:00:00+07:00','2026-05-23T12:00:00+07:00');
INSERT INTO "menu_items" VALUES('item_013_001','shop_013','cat_013_01','Há cảo tôm','Há cảo tôm tại Dimsum Hồng Kông Express. Tags: hải sản, bán chạy. Mức cay 0/5.',59000,NULL,'https://cdn.mock.local/items/item_013_001.jpg',4.5,79,1048,18,0,748,'nhỏ',1,1,0,'2025-08-15T12:00:00+07:00','2026-05-30T12:00:00+07:00');
INSERT INTO "menu_items" VALUES('item_013_002','shop_013','cat_013_01','Xíu mại thịt cua','Xíu mại thịt cua tại Dimsum Hồng Kông Express. Tags: món Hoa, đậm vị. Mức cay 0/5.',62000,56000,'https://cdn.mock.local/items/item_013_002.jpg',4.4,113,3698,21,0,703,'nhỏ',1,0,0,'2025-08-15T12:00:00+07:00','2026-05-30T12:00:00+07:00');
INSERT INTO "menu_items" VALUES('item_013_003','shop_013','cat_013_01','Bánh bao kim sa','Bánh bao kim sa tại Dimsum Hồng Kông Express. Tags: ngọt nhẹ, ăn nhẹ. Mức cay 0/5.',49000,NULL,'https://cdn.mock.local/items/item_013_003.jpg',4.3,108,2321,21,0,372,'2 người',1,0,0,'2025-08-15T12:00:00+07:00','2026-05-30T12:00:00+07:00');
INSERT INTO "menu_items" VALUES('item_013_004','shop_013','cat_013_02','Mì hoành thánh xá xíu','Mì hoành thánh xá xíu tại Dimsum Hồng Kông Express. Tags: món nước, no lâu. Mức cay 0/5.',69000,66000,'https://cdn.mock.local/items/item_013_004.jpg',4.5,221,1595,21,0,385,'1-2 người',1,0,0,'2025-08-15T12:00:00+07:00','2026-05-30T12:00:00+07:00');
INSERT INTO "menu_items" VALUES('item_013_005','shop_013','cat_013_01','Chân gà tàu xì','Chân gà tàu xì tại Dimsum Hồng Kông Express. Tags: đậm vị. Mức cay 1/5.',65000,NULL,'https://cdn.mock.local/items/item_013_005.jpg',4.4,251,166,25,1,832,'nhỏ',1,1,0,'2025-08-15T12:00:00+07:00','2026-05-30T12:00:00+07:00');
INSERT INTO "menu_items" VALUES('item_013_006','shop_013','cat_013_03','Trà sữa Hồng Kông','Trà sữa Hồng Kông tại Dimsum Hồng Kông Express. Tags: đồ uống. Mức cay 0/5.',35000,32000,'https://cdn.mock.local/items/item_013_006.jpg',4.2,236,519,20,0,299,'1 người',1,0,0,'2025-08-15T12:00:00+07:00','2026-05-30T12:00:00+07:00');
INSERT INTO "menu_items" VALUES('item_014_001','shop_014','cat_014_01','Burger bò phô mai','Burger bò phô mai tại Burger Station Q1. Tags: bán chạy, no lâu. Mức cay 0/5.',79000,NULL,'https://cdn.mock.local/items/item_014_001.jpg',4.5,188,3457,26,0,700,'1-2 người',1,1,0,'2024-04-06T12:00:00+07:00','2026-05-27T12:00:00+07:00');
INSERT INTO "menu_items" VALUES('item_014_002','shop_014','cat_014_01','Burger gà giòn','Burger gà giòn tại Burger Station Q1. Tags: giòn, dễ ăn. Mức cay 1/5.',69000,NULL,'https://cdn.mock.local/items/item_014_002.jpg',4.1,246,3908,15,1,1015,'lớn',1,0,0,'2024-04-06T12:00:00+07:00','2026-05-27T12:00:00+07:00');
INSERT INTO "menu_items" VALUES('item_014_003','shop_014','cat_014_01','Burger nấm chay','Burger nấm chay tại Burger Station Q1. Tags: chay, dễ ăn. Mức cay 0/5.',69000,59000,'https://cdn.mock.local/items/item_014_003.jpg',4.1,328,955,20,0,752,'1-2 người',1,1,0,'2024-04-06T12:00:00+07:00','2026-05-27T12:00:00+07:00');
INSERT INTO "menu_items" VALUES('item_014_004','shop_014','cat_014_02','Khoai tây chiên lớn','Khoai tây chiên lớn tại Burger Station Q1. Tags: ăn vặt. Mức cay 0/5.',39000,NULL,'https://cdn.mock.local/items/item_014_004.jpg',4.1,232,2437,22,0,370,'2 người',1,0,0,'2024-04-06T12:00:00+07:00','2026-05-27T12:00:00+07:00');
INSERT INTO "menu_items" VALUES('item_014_005','shop_014','cat_014_03','Combo burger bò','Combo burger bò tại Burger Station Q1. Tags: combo, ăn trưa. Mức cay 0/5.',109000,NULL,'https://cdn.mock.local/items/item_014_005.jpg',4.1,590,2080,14,0,796,'nhỏ',0,0,1,'2024-04-06T12:00:00+07:00','2026-05-27T12:00:00+07:00');
INSERT INTO "menu_items" VALUES('item_014_006','shop_014','cat_014_04','Soda chanh','Soda chanh tại Burger Station Q1. Tags: đồ uống. Mức cay 0/5.',25000,NULL,'https://cdn.mock.local/items/item_014_006.jpg',4.2,268,562,23,0,184,'nhỏ',1,0,0,'2024-04-06T12:00:00+07:00','2026-05-27T12:00:00+07:00');
INSERT INTO "menu_items" VALUES('item_015_001','shop_015','cat_015_01','Cơm gà Hải Nam','Cơm gà Hải Nam tại Cơm Gà Hải Nam Singapore. Tags: dễ ăn, ăn trưa. Mức cay 0/5.',69000,NULL,'https://cdn.mock.local/items/item_015_001.jpg',4.5,438,191,14,0,855,'1-2 người',1,1,0,'2023-11-21T12:00:00+07:00','2026-05-19T12:00:00+07:00');
INSERT INTO "menu_items" VALUES('item_015_002','shop_015','cat_015_01','Cơm gà quay mật ong','Cơm gà quay mật ong tại Cơm Gà Hải Nam Singapore. Tags: đậm vị, no lâu. Mức cay 0/5.',79000,73000,'https://cdn.mock.local/items/item_015_002.jpg',4.4,157,1496,14,0,327,'lớn',1,1,0,'2023-11-21T12:00:00+07:00','2026-05-19T12:00:00+07:00');
INSERT INTO "menu_items" VALUES('item_015_003','shop_015','cat_015_01','Cơm gà xối mỡ','Cơm gà xối mỡ tại Cơm Gà Hải Nam Singapore. Tags: giòn, ăn trưa. Mức cay 0/5.',75000,68000,'https://cdn.mock.local/items/item_015_003.jpg',4.5,325,617,5,0,338,'lớn',1,0,0,'2023-11-21T12:00:00+07:00','2026-05-19T12:00:00+07:00');
INSERT INTO "menu_items" VALUES('item_015_004','shop_015','cat_015_02','Gỏi gà xé phay','Gỏi gà xé phay tại Cơm Gà Hải Nam Singapore. Tags: ít dầu mỡ. Mức cay 0/5.',59000,54000,'https://cdn.mock.local/items/item_015_004.jpg',4.3,84,2218,4,0,583,'lớn',1,0,0,'2023-11-21T12:00:00+07:00','2026-05-19T12:00:00+07:00');
INSERT INTO "menu_items" VALUES('item_015_005','shop_015','cat_015_03','Canh cải thịt bằm','Canh cải thịt bằm tại Cơm Gà Hải Nam Singapore. Tags: món phụ. Mức cay 0/5.',30000,NULL,'https://cdn.mock.local/items/item_015_005.jpg',4.6,301,3931,15,0,357,'lớn',1,0,0,'2023-11-21T12:00:00+07:00','2026-05-19T12:00:00+07:00');
INSERT INTO "menu_items" VALUES('item_015_006','shop_015','cat_015_04','Trà tắc mật ong','Trà tắc mật ong tại Cơm Gà Hải Nam Singapore. Tags: đồ uống. Mức cay 0/5.',22000,21000,'https://cdn.mock.local/items/item_015_006.jpg',4.3,207,718,12,0,379,'lớn',1,0,0,'2023-11-21T12:00:00+07:00','2026-05-19T12:00:00+07:00');
INSERT INTO "menu_items" VALUES('item_016_001','shop_016','cat_016_01','Bún đậu mẹt đầy đủ','Bún đậu mẹt đầy đủ tại Bún Đậu Mắm Tôm Hà Nội. Tags: ăn nhóm, bán chạy. Mức cay 0/5.',89000,NULL,'https://cdn.mock.local/items/item_016_001.jpg',4.9,809,3641,21,0,578,'1 người',1,1,0,'2024-07-02T12:00:00+07:00','2026-05-19T12:00:00+07:00');
INSERT INTO "menu_items" VALUES('item_016_002','shop_016','cat_016_01','Bún đậu thịt luộc','Bún đậu thịt luộc tại Bún Đậu Mắm Tôm Hà Nội. Tags: món Bắc. Mức cay 0/5.',65000,NULL,'https://cdn.mock.local/items/item_016_002.jpg',5.0,509,1059,14,0,611,'1-2 người',1,0,0,'2024-07-02T12:00:00+07:00','2026-05-19T12:00:00+07:00');
INSERT INTO "menu_items" VALUES('item_016_003','shop_016','cat_016_01','Bún đậu chả cốm','Bún đậu chả cốm tại Bún Đậu Mắm Tôm Hà Nội. Tags: đậm vị. Mức cay 0/5.',69000,66000,'https://cdn.mock.local/items/item_016_003.jpg',5.0,983,3171,19,0,657,'lớn',1,1,0,'2024-07-02T12:00:00+07:00','2026-05-19T12:00:00+07:00');
INSERT INTO "menu_items" VALUES('item_016_004','shop_016','cat_016_02','Nem chua rán','Nem chua rán tại Bún Đậu Mắm Tôm Hà Nội. Tags: ăn vặt. Mức cay 0/5.',49000,NULL,'https://cdn.mock.local/items/item_016_004.jpg',5.0,932,2554,21,0,425,'nhỏ',1,0,0,'2024-07-02T12:00:00+07:00','2026-05-19T12:00:00+07:00');
INSERT INTO "menu_items" VALUES('item_016_005','shop_016','cat_016_03','Đậu hũ chiên thêm','Đậu hũ chiên thêm tại Bún Đậu Mắm Tôm Hà Nội. Tags: topping. Mức cay 0/5.',25000,NULL,'https://cdn.mock.local/items/item_016_005.jpg',5.0,840,2516,12,0,96,'2 người',1,1,0,'2024-07-02T12:00:00+07:00','2026-05-19T12:00:00+07:00');
INSERT INTO "menu_items" VALUES('item_016_006','shop_016','cat_016_04','Nước mơ Hà Nội','Nước mơ Hà Nội tại Bún Đậu Mắm Tôm Hà Nội. Tags: đồ uống. Mức cay 0/5.',25000,22000,'https://cdn.mock.local/items/item_016_006.jpg',5.0,45,2914,19,0,281,'1 người',1,0,0,'2024-07-02T12:00:00+07:00','2026-05-19T12:00:00+07:00');
INSERT INTO "menu_items" VALUES('item_017_001','shop_017','cat_017_01','Trà sữa trân châu đường đen','Trà sữa trân châu đường đen tại Trà Sữa Moon Tea. Tags: bán chạy, ngọt. Mức cay 0/5.',45000,NULL,'https://cdn.mock.local/items/item_017_001.jpg',4.5,217,3211,22,0,228,'vừa',1,1,0,'2025-01-13T12:00:00+07:00','2026-05-22T12:00:00+07:00');
INSERT INTO "menu_items" VALUES('item_017_002','shop_017','cat_017_01','Trà sữa ô long kem cheese','Trà sữa ô long kem cheese tại Trà Sữa Moon Tea. Tags: béo, đồ uống. Mức cay 0/5.',49000,NULL,'https://cdn.mock.local/items/item_017_002.jpg',4.6,287,3171,13,0,61,'nhỏ',0,1,0,'2025-01-13T12:00:00+07:00','2026-05-22T12:00:00+07:00');
INSERT INTO "menu_items" VALUES('item_017_003','shop_017','cat_017_02','Trà đào cam sả','Trà đào cam sả tại Trà Sữa Moon Tea. Tags: giải khát. Mức cay 0/5.',42000,NULL,'https://cdn.mock.local/items/item_017_003.jpg',4.5,259,3289,22,0,709,'1-2 người',1,0,0,'2025-01-13T12:00:00+07:00','2026-05-22T12:00:00+07:00');
INSERT INTO "menu_items" VALUES('item_017_004','shop_017','cat_017_01','Matcha latte','Matcha latte tại Trà Sữa Moon Tea. Tags: ngọt nhẹ. Mức cay 0/5.',52000,NULL,'https://cdn.mock.local/items/item_017_004.jpg',4.9,177,131,20,0,124,'nhỏ',0,0,0,'2025-01-13T12:00:00+07:00','2026-05-22T12:00:00+07:00');
INSERT INTO "menu_items" VALUES('item_017_005','shop_017','cat_017_03','Topping trân châu trắng','Topping trân châu trắng tại Trà Sữa Moon Tea. Tags: topping. Mức cay 0/5.',10000,9000,'https://cdn.mock.local/items/item_017_005.jpg',4.6,328,1577,19,0,196,'2 người',1,0,0,'2025-01-13T12:00:00+07:00','2026-05-22T12:00:00+07:00');
INSERT INTO "menu_items" VALUES('item_017_006','shop_017','cat_017_04','Sữa tươi đường đen','Sữa tươi đường đen tại Trà Sữa Moon Tea. Tags: ngọt, bán chạy. Mức cay 0/5.',47000,42000,'https://cdn.mock.local/items/item_017_006.jpg',4.5,113,953,12,0,193,'vừa',1,1,0,'2025-01-13T12:00:00+07:00','2026-05-22T12:00:00+07:00');
INSERT INTO "menu_items" VALUES('item_018_001','shop_018','cat_018_01','Cháo sườn quẩy','Cháo sườn quẩy tại Cháo Sườn Chú Tư. Tags: dễ ăn, ăn sáng. Mức cay 0/5.',39000,NULL,'https://cdn.mock.local/items/item_018_001.jpg',4.6,647,3060,19,0,786,'2 người',1,1,0,'2023-08-12T12:00:00+07:00','2026-05-24T12:00:00+07:00');
INSERT INTO "menu_items" VALUES('item_018_002','shop_018','cat_018_01','Cháo thịt bằm trứng bắc thảo','Cháo thịt bằm trứng bắc thảo tại Cháo Sườn Chú Tư. Tags: ấm bụng. Mức cay 0/5.',45000,43000,'https://cdn.mock.local/items/item_018_002.jpg',4.9,381,3220,22,0,734,'nhỏ',1,0,0,'2023-08-12T12:00:00+07:00','2026-05-24T12:00:00+07:00');
INSERT INTO "menu_items" VALUES('item_018_003','shop_018','cat_018_01','Cháo gà xé nấm','Cháo gà xé nấm tại Cháo Sườn Chú Tư. Tags: dễ ăn, ít dầu mỡ. Mức cay 0/5.',49000,44000,'https://cdn.mock.local/items/item_018_003.jpg',4.7,697,2322,20,0,478,'vừa',1,0,0,'2023-08-12T12:00:00+07:00','2026-05-24T12:00:00+07:00');
INSERT INTO "menu_items" VALUES('item_018_004','shop_018','cat_018_02','Súp cua','Súp cua tại Cháo Sườn Chú Tư. Tags: ăn nhẹ. Mức cay 0/5.',35000,33000,'https://cdn.mock.local/items/item_018_004.jpg',4.8,209,1941,17,0,596,'1-2 người',1,0,0,'2023-08-12T12:00:00+07:00','2026-05-24T12:00:00+07:00');
INSERT INTO "menu_items" VALUES('item_018_005','shop_018','cat_018_03','Quẩy thêm','Quẩy thêm tại Cháo Sườn Chú Tư. Tags: topping. Mức cay 0/5.',10000,NULL,'https://cdn.mock.local/items/item_018_005.jpg',5.0,497,3785,22,0,233,'nhỏ',1,0,0,'2023-08-12T12:00:00+07:00','2026-05-24T12:00:00+07:00');
INSERT INTO "menu_items" VALUES('item_018_006','shop_018','cat_018_04','Sữa đậu xanh','Sữa đậu xanh tại Cháo Sườn Chú Tư. Tags: đồ uống. Mức cay 0/5.',18000,15000,'https://cdn.mock.local/items/item_018_006.jpg',5.0,356,539,14,0,412,'lớn',1,1,0,'2023-08-12T12:00:00+07:00','2026-05-24T12:00:00+07:00');
INSERT INTO "menu_items" VALUES('item_019_001','shop_019','cat_019_01','Cơm niêu cá kho tộ','Cơm niêu cá kho tộ tại Cơm Niêu Nhà Quê. Tags: đậm vị, ăn trưa. Mức cay 1/5.',79000,73000,'https://cdn.mock.local/items/item_019_001.jpg',4.7,474,1009,17,1,607,'vừa',1,1,0,'2023-10-28T12:00:00+07:00','2026-05-22T12:00:00+07:00');
INSERT INTO "menu_items" VALUES('item_019_002','shop_019','cat_019_01','Cơm niêu thịt kho trứng','Cơm niêu thịt kho trứng tại Cơm Niêu Nhà Quê. Tags: món Việt, no lâu. Mức cay 0/5.',75000,NULL,'https://cdn.mock.local/items/item_019_002.jpg',4.6,615,2093,19,0,530,'2 người',1,0,0,'2023-10-28T12:00:00+07:00','2026-05-22T12:00:00+07:00');
INSERT INTO "menu_items" VALUES('item_019_003','shop_019','cat_019_01','Cơm niêu gà kho gừng','Cơm niêu gà kho gừng tại Cơm Niêu Nhà Quê. Tags: ấm bụng, đậm vị. Mức cay 1/5.',79000,NULL,'https://cdn.mock.local/items/item_019_003.jpg',4.7,44,2478,17,1,823,'1-2 người',1,0,0,'2023-10-28T12:00:00+07:00','2026-05-22T12:00:00+07:00');
INSERT INTO "menu_items" VALUES('item_019_004','shop_019','cat_019_02','Rau muống xào tỏi','Rau muống xào tỏi tại Cơm Niêu Nhà Quê. Tags: món phụ. Mức cay 0/5.',39000,NULL,'https://cdn.mock.local/items/item_019_004.jpg',5.0,1021,2012,21,0,824,'1-2 người',1,0,0,'2023-10-28T12:00:00+07:00','2026-05-22T12:00:00+07:00');
INSERT INTO "menu_items" VALUES('item_019_005','shop_019','cat_019_03','Canh chua cá','Canh chua cá tại Cơm Niêu Nhà Quê. Tags: món Việt. Mức cay 1/5.',45000,38000,'https://cdn.mock.local/items/item_019_005.jpg',4.6,797,2993,19,1,439,'lớn',1,0,0,'2023-10-28T12:00:00+07:00','2026-05-22T12:00:00+07:00');
INSERT INTO "menu_items" VALUES('item_019_006','shop_019','cat_019_04','Nước sâm bí đao','Nước sâm bí đao tại Cơm Niêu Nhà Quê. Tags: đồ uống. Mức cay 0/5.',18000,NULL,'https://cdn.mock.local/items/item_019_006.jpg',4.8,701,1871,14,0,395,'vừa',1,0,0,'2023-10-28T12:00:00+07:00','2026-05-22T12:00:00+07:00');
INSERT INTO "menu_items" VALUES('item_020_001','shop_020','cat_020_01','Bánh canh cua đặc biệt','Bánh canh cua đặc biệt tại Bánh Canh Cua 79. Tags: hải sản, bán chạy. Mức cay 1/5.',79000,NULL,'https://cdn.mock.local/items/item_020_001.jpg',4.6,45,3664,12,1,804,'lớn',1,1,0,'2025-10-28T12:00:00+07:00','2026-05-23T12:00:00+07:00');
INSERT INTO "menu_items" VALUES('item_020_002','shop_020','cat_020_01','Bánh canh giò heo','Bánh canh giò heo tại Bánh Canh Cua 79. Tags: no lâu. Mức cay 0/5.',65000,55000,'https://cdn.mock.local/items/item_020_002.jpg',4.2,223,33,16,0,450,'2 người',1,0,0,'2025-10-28T12:00:00+07:00','2026-05-23T12:00:00+07:00');
INSERT INTO "menu_items" VALUES('item_020_003','shop_020','cat_020_01','Bánh canh tôm thịt','Bánh canh tôm thịt tại Bánh Canh Cua 79. Tags: món nước. Mức cay 1/5.',69000,NULL,'https://cdn.mock.local/items/item_020_003.jpg',4.2,97,174,15,1,868,'nhỏ',1,0,0,'2025-10-28T12:00:00+07:00','2026-05-23T12:00:00+07:00');
INSERT INTO "menu_items" VALUES('item_020_004','shop_020','cat_020_02','Cua thêm','Cua thêm tại Bánh Canh Cua 79. Tags: topping, hải sản. Mức cay 0/5.',45000,NULL,'https://cdn.mock.local/items/item_020_004.jpg',4.4,398,3076,11,0,204,'1-2 người',1,0,0,'2025-10-28T12:00:00+07:00','2026-05-23T12:00:00+07:00');
INSERT INTO "menu_items" VALUES('item_020_005','shop_020','cat_020_02','Bánh quẩy','Bánh quẩy tại Bánh Canh Cua 79. Tags: topping. Mức cay 0/5.',12000,NULL,'https://cdn.mock.local/items/item_020_005.jpg',4.5,400,409,9,0,169,'vừa',1,1,0,'2025-10-28T12:00:00+07:00','2026-05-23T12:00:00+07:00');
INSERT INTO "menu_items" VALUES('item_020_006','shop_020','cat_020_03','Rau má đậu xanh','Rau má đậu xanh tại Bánh Canh Cua 79. Tags: đồ uống. Mức cay 0/5.',25000,NULL,'https://cdn.mock.local/items/item_020_006.jpg',4.3,275,855,10,0,325,'1-2 người',1,0,0,'2025-10-28T12:00:00+07:00','2026-05-23T12:00:00+07:00');
INSERT INTO "menu_items" VALUES('item_021_001','shop_021','cat_021_01','Pad Thai tôm','Pad Thai tôm tại Bếp Thái Tuk Tuk. Tags: món Thái, hải sản. Mức cay 2/5.',89000,80000,'https://cdn.mock.local/items/item_021_001.jpg',4.8,550,2575,28,2,340,'2 người',1,1,0,'2023-11-16T12:00:00+07:00','2026-05-21T12:00:00+07:00');
INSERT INTO "menu_items" VALUES('item_021_002','shop_021','cat_021_02','Cơm gà sốt basil cay','Cơm gà sốt basil cay tại Bếp Thái Tuk Tuk. Tags: cay, ăn trưa. Mức cay 4/5.',79000,73000,'https://cdn.mock.local/items/item_021_002.jpg',4.8,981,864,23,4,329,'1-2 người',1,0,0,'2023-11-16T12:00:00+07:00','2026-05-21T12:00:00+07:00');
INSERT INTO "menu_items" VALUES('item_021_003','shop_021','cat_021_03','Tom Yum hải sản','Tom Yum hải sản tại Bếp Thái Tuk Tuk. Tags: chua cay, hải sản. Mức cay 4/5.',99000,91000,'https://cdn.mock.local/items/item_021_003.jpg',4.6,685,2686,28,4,575,'lớn',1,1,0,'2023-11-16T12:00:00+07:00','2026-05-21T12:00:00+07:00');
INSERT INTO "menu_items" VALUES('item_021_004','shop_021','cat_021_04','Gỏi xoài cá trê','Gỏi xoài cá trê tại Bếp Thái Tuk Tuk. Tags: chua ngọt, đậm vị. Mức cay 2/5.',85000,NULL,'https://cdn.mock.local/items/item_021_004.jpg',4.6,1123,154,24,2,861,'nhỏ',1,0,0,'2023-11-16T12:00:00+07:00','2026-05-21T12:00:00+07:00');
INSERT INTO "menu_items" VALUES('item_021_005','shop_021','cat_021_05','Xôi xoài','Xôi xoài tại Bếp Thái Tuk Tuk. Tags: ngọt, tráng miệng. Mức cay 0/5.',55000,NULL,'https://cdn.mock.local/items/item_021_005.jpg',4.9,947,3973,29,0,550,'1-2 người',1,0,0,'2023-11-16T12:00:00+07:00','2026-05-21T12:00:00+07:00');
INSERT INTO "menu_items" VALUES('item_021_006','shop_021','cat_021_06','Trà sữa Thái xanh','Trà sữa Thái xanh tại Bếp Thái Tuk Tuk. Tags: đồ uống. Mức cay 0/5.',39000,36000,'https://cdn.mock.local/items/item_021_006.jpg',4.7,13,3352,24,0,252,'1 người',0,1,0,'2023-11-16T12:00:00+07:00','2026-05-21T12:00:00+07:00');
INSERT INTO "menu_items" VALUES('item_022_001','shop_022','cat_022_01','Mì trộn bò cay','Mì trộn bò cay tại Mì Trộn Indomie House. Tags: cay, rẻ. Mức cay 3/5.',49000,NULL,'https://cdn.mock.local/items/item_022_001.jpg',4.8,597,2350,18,3,561,'lớn',1,1,0,'2024-04-06T12:00:00+07:00','2026-06-01T12:00:00+07:00');
INSERT INTO "menu_items" VALUES('item_022_002','shop_022','cat_022_01','Mì trộn gà trứng','Mì trộn gà trứng tại Mì Trộn Indomie House. Tags: rẻ, dễ ăn. Mức cay 1/5.',45000,NULL,'https://cdn.mock.local/items/item_022_002.jpg',4.5,978,961,28,1,897,'vừa',1,0,0,'2024-04-06T12:00:00+07:00','2026-06-01T12:00:00+07:00');
INSERT INTO "menu_items" VALUES('item_022_003','shop_022','cat_022_01','Mì trộn hải sản','Mì trộn hải sản tại Mì Trộn Indomie House. Tags: hải sản. Mức cay 2/5.',59000,NULL,'https://cdn.mock.local/items/item_022_003.jpg',4.4,181,576,18,2,328,'2 người',1,0,0,'2024-04-06T12:00:00+07:00','2026-06-01T12:00:00+07:00');
INSERT INTO "menu_items" VALUES('item_022_004','shop_022','cat_022_01','Mì trộn phô mai','Mì trộn phô mai tại Mì Trộn Indomie House. Tags: béo, ăn vặt. Mức cay 1/5.',52000,49000,'https://cdn.mock.local/items/item_022_004.jpg',4.6,525,3106,20,1,890,'1 người',1,0,0,'2024-04-06T12:00:00+07:00','2026-06-01T12:00:00+07:00');
INSERT INTO "menu_items" VALUES('item_022_005','shop_022','cat_022_02','Xúc xích thêm','Xúc xích thêm tại Mì Trộn Indomie House. Tags: topping. Mức cay 0/5.',15000,NULL,'https://cdn.mock.local/items/item_022_005.jpg',4.7,935,2654,27,0,297,'2 người',1,0,0,'2024-04-06T12:00:00+07:00','2026-06-01T12:00:00+07:00');
INSERT INTO "menu_items" VALUES('item_022_006','shop_022','cat_022_03','Trà chanh','Trà chanh tại Mì Trộn Indomie House. Tags: đồ uống. Mức cay 0/5.',18000,NULL,'https://cdn.mock.local/items/item_022_006.jpg',4.4,691,2087,25,0,259,'nhỏ',1,0,0,'2024-04-06T12:00:00+07:00','2026-06-01T12:00:00+07:00');
INSERT INTO "menu_items" VALUES('item_023_001','shop_023','cat_023_01','Xôi gà xé','Xôi gà xé tại Xôi Mặn Cô Ba. Tags: ăn sáng, no lâu. Mức cay 0/5.',35000,NULL,'https://cdn.mock.local/items/item_023_001.jpg',4.3,161,2923,17,0,339,'vừa',1,1,0,'2025-11-29T12:00:00+07:00','2026-06-03T12:00:00+07:00');
INSERT INTO "menu_items" VALUES('item_023_002','shop_023','cat_023_01','Xôi mặn thập cẩm','Xôi mặn thập cẩm tại Xôi Mặn Cô Ba. Tags: bán chạy, rẻ. Mức cay 0/5.',40000,34000,'https://cdn.mock.local/items/item_023_002.jpg',4.5,53,2139,12,0,570,'vừa',1,1,0,'2025-11-29T12:00:00+07:00','2026-06-03T12:00:00+07:00');
INSERT INTO "menu_items" VALUES('item_023_003','shop_023','cat_023_01','Xôi xá xíu','Xôi xá xíu tại Xôi Mặn Cô Ba. Tags: đậm vị. Mức cay 0/5.',42000,NULL,'https://cdn.mock.local/items/item_023_003.jpg',4.2,375,2559,13,0,649,'1-2 người',1,0,0,'2025-11-29T12:00:00+07:00','2026-06-03T12:00:00+07:00');
INSERT INTO "menu_items" VALUES('item_023_004','shop_023','cat_023_01','Xôi chay nấm','Xôi chay nấm tại Xôi Mặn Cô Ba. Tags: chay, rẻ. Mức cay 0/5.',35000,33000,'https://cdn.mock.local/items/item_023_004.jpg',4.3,448,1457,17,0,661,'2 người',1,0,0,'2025-11-29T12:00:00+07:00','2026-06-03T12:00:00+07:00');
INSERT INTO "menu_items" VALUES('item_023_005','shop_023','cat_023_02','Chả lụa thêm','Chả lụa thêm tại Xôi Mặn Cô Ba. Tags: topping. Mức cay 0/5.',12000,10000,'https://cdn.mock.local/items/item_023_005.jpg',4.4,488,1785,14,0,123,'vừa',1,0,0,'2025-11-29T12:00:00+07:00','2026-06-03T12:00:00+07:00');
INSERT INTO "menu_items" VALUES('item_023_006','shop_023','cat_023_03','Sữa mè đen','Sữa mè đen tại Xôi Mặn Cô Ba. Tags: đồ uống. Mức cay 0/5.',18000,NULL,'https://cdn.mock.local/items/item_023_006.jpg',4.4,57,178,7,0,90,'lớn',1,0,0,'2025-11-29T12:00:00+07:00','2026-06-03T12:00:00+07:00');
INSERT INTO "menu_items" VALUES('item_024_001','shop_024','cat_024_01','Bún riêu cua đầy đủ','Bún riêu cua đầy đủ tại Bún Riêu Cua Đồng. Tags: món nước, bán chạy. Mức cay 1/5.',55000,NULL,'https://cdn.mock.local/items/item_024_001.jpg',4.4,993,3362,14,1,882,'nhỏ',1,1,0,'2025-10-02T12:00:00+07:00','2026-06-01T12:00:00+07:00');
INSERT INTO "menu_items" VALUES('item_024_002','shop_024','cat_024_01','Bún riêu ốc','Bún riêu ốc tại Bún Riêu Cua Đồng. Tags: hải sản, đậm vị. Mức cay 1/5.',59000,NULL,'https://cdn.mock.local/items/item_024_002.jpg',4.5,937,378,21,1,840,'nhỏ',1,0,0,'2025-10-02T12:00:00+07:00','2026-06-01T12:00:00+07:00');
INSERT INTO "menu_items" VALUES('item_024_003','shop_024','cat_024_01','Bún riêu chả','Bún riêu chả tại Bún Riêu Cua Đồng. Tags: dễ ăn. Mức cay 1/5.',52000,44000,'https://cdn.mock.local/items/item_024_003.jpg',4.2,258,2117,11,1,402,'lớn',1,0,0,'2025-10-02T12:00:00+07:00','2026-06-01T12:00:00+07:00');
INSERT INTO "menu_items" VALUES('item_024_004','shop_024','cat_024_02','Đậu hũ thêm','Đậu hũ thêm tại Bún Riêu Cua Đồng. Tags: topping. Mức cay 0/5.',10000,NULL,'https://cdn.mock.local/items/item_024_004.jpg',4.5,309,3704,22,0,205,'1 người',1,0,0,'2025-10-02T12:00:00+07:00','2026-06-01T12:00:00+07:00');
INSERT INTO "menu_items" VALUES('item_024_005','shop_024','cat_024_02','Rau thêm','Rau thêm tại Bún Riêu Cua Đồng. Tags: topping, healthy. Mức cay 0/5.',8000,NULL,'https://cdn.mock.local/items/item_024_005.jpg',4.3,1103,3321,19,0,193,'1-2 người',1,0,0,'2025-10-02T12:00:00+07:00','2026-06-01T12:00:00+07:00');
INSERT INTO "menu_items" VALUES('item_024_006','shop_024','cat_024_03','Nước tắc','Nước tắc tại Bún Riêu Cua Đồng. Tags: đồ uống. Mức cay 0/5.',15000,14000,'https://cdn.mock.local/items/item_024_006.jpg',4.4,1025,1377,21,0,295,'1-2 người',1,0,0,'2025-10-02T12:00:00+07:00','2026-06-01T12:00:00+07:00');
INSERT INTO "menu_items" VALUES('item_025_001','shop_025','cat_025_01','Chicken kebab wrap','Chicken kebab wrap tại Kebab & Wrap Corner. Tags: giao nhanh, ăn trưa. Mức cay 1/5.',69000,NULL,'https://cdn.mock.local/items/item_025_001.jpg',4.7,287,3679,19,1,682,'2 người',1,1,0,'2024-04-12T12:00:00+07:00','2026-05-18T12:00:00+07:00');
INSERT INTO "menu_items" VALUES('item_025_002','shop_025','cat_025_01','Beef kebab wrap','Beef kebab wrap tại Kebab & Wrap Corner. Tags: no lâu, đậm vị. Mức cay 1/5.',79000,NULL,'https://cdn.mock.local/items/item_025_002.jpg',4.9,359,3073,21,1,444,'nhỏ',0,0,0,'2024-04-12T12:00:00+07:00','2026-05-18T12:00:00+07:00');
INSERT INTO "menu_items" VALUES('item_025_003','shop_025','cat_025_01','Falafel wrap chay','Falafel wrap chay tại Kebab & Wrap Corner. Tags: chay, healthy. Mức cay 0/5.',65000,NULL,'https://cdn.mock.local/items/item_025_003.jpg',4.9,649,351,17,0,259,'2 người',1,0,0,'2024-04-12T12:00:00+07:00','2026-05-18T12:00:00+07:00');
INSERT INTO "menu_items" VALUES('item_025_004','shop_025','cat_025_02','Kebab plate bò','Kebab plate bò tại Kebab & Wrap Corner. Tags: protein cao. Mức cay 1/5.',99000,NULL,'https://cdn.mock.local/items/item_025_004.jpg',4.9,1035,1191,27,1,829,'nhỏ',0,0,0,'2024-04-12T12:00:00+07:00','2026-05-18T12:00:00+07:00');
INSERT INTO "menu_items" VALUES('item_025_005','shop_025','cat_025_03','Hummus pita','Hummus pita tại Kebab & Wrap Corner. Tags: ăn nhẹ, chay. Mức cay 0/5.',49000,44000,'https://cdn.mock.local/items/item_025_005.jpg',4.6,1022,908,20,0,814,'lớn',1,0,0,'2024-04-12T12:00:00+07:00','2026-05-18T12:00:00+07:00');
INSERT INTO "menu_items" VALUES('item_025_006','shop_025','cat_025_04','Soda bạc hà','Soda bạc hà tại Kebab & Wrap Corner. Tags: đồ uống. Mức cay 0/5.',30000,NULL,'https://cdn.mock.local/items/item_025_006.jpg',4.6,159,1267,20,0,375,'1 người',1,0,0,'2024-04-12T12:00:00+07:00','2026-05-18T12:00:00+07:00');
INSERT INTO "menu_items" VALUES('item_026_001','shop_026','cat_026_01','Cơm gà sốt tiêu đen','Cơm gà sốt tiêu đen tại Cơm Văn Phòng Bento Việt. Tags: ăn trưa, no lâu. Mức cay 1/5.',59000,NULL,'https://cdn.mock.local/items/item_026_001.jpg',3.9,745,881,24,1,640,'2 người',1,1,0,'2025-06-27T12:00:00+07:00','2026-06-02T12:00:00+07:00');
INSERT INTO "menu_items" VALUES('item_026_002','shop_026','cat_026_01','Cơm bò xào lúc lắc','Cơm bò xào lúc lắc tại Cơm Văn Phòng Bento Việt. Tags: protein cao. Mức cay 0/5.',69000,NULL,'https://cdn.mock.local/items/item_026_002.jpg',4.3,292,3698,22,0,622,'lớn',1,0,0,'2025-06-27T12:00:00+07:00','2026-06-02T12:00:00+07:00');
INSERT INTO "menu_items" VALUES('item_026_003','shop_026','cat_026_01','Cơm cá basa sốt cà','Cơm cá basa sốt cà tại Cơm Văn Phòng Bento Việt. Tags: dễ ăn. Mức cay 0/5.',59000,NULL,'https://cdn.mock.local/items/item_026_003.jpg',3.9,839,3834,23,0,448,'vừa',1,0,0,'2025-06-27T12:00:00+07:00','2026-06-02T12:00:00+07:00');
INSERT INTO "menu_items" VALUES('item_026_004','shop_026','cat_026_01','Cơm sườn ram mặn','Cơm sườn ram mặn tại Cơm Văn Phòng Bento Việt. Tags: đậm vị. Mức cay 0/5.',62000,NULL,'https://cdn.mock.local/items/item_026_004.jpg',3.9,296,164,22,0,439,'2 người',1,1,0,'2025-06-27T12:00:00+07:00','2026-06-02T12:00:00+07:00');
INSERT INTO "menu_items" VALUES('item_026_005','shop_026','cat_026_02','Combo cơm + canh + nước','Combo cơm + canh + nước tại Cơm Văn Phòng Bento Việt. Tags: combo, ăn trưa. Mức cay 0/5.',79000,NULL,'https://cdn.mock.local/items/item_026_005.jpg',3.9,143,2792,18,0,926,'1 người',1,0,1,'2025-06-27T12:00:00+07:00','2026-06-02T12:00:00+07:00');
INSERT INTO "menu_items" VALUES('item_026_006','shop_026','cat_026_03','Canh rong biển','Canh rong biển tại Cơm Văn Phòng Bento Việt. Tags: món phụ. Mức cay 0/5.',25000,NULL,'https://cdn.mock.local/items/item_026_006.jpg',4.0,488,2525,21,0,594,'vừa',1,1,0,'2025-06-27T12:00:00+07:00','2026-06-02T12:00:00+07:00');
INSERT INTO "menu_items" VALUES('item_027_001','shop_027','cat_027_01','Ốc hương rang muối ớt','Ốc hương rang muối ớt tại Ốc Đêm Sài Gòn. Tags: cay, hải sản. Mức cay 4/5.',99000,NULL,'https://cdn.mock.local/items/item_027_001.jpg',4.3,557,2673,16,4,682,'vừa',1,1,0,'2024-07-24T12:00:00+07:00','2026-06-01T12:00:00+07:00');
INSERT INTO "menu_items" VALUES('item_027_002','shop_027','cat_027_02','Nghêu hấp Thái','Nghêu hấp Thái tại Ốc Đêm Sài Gòn. Tags: chua cay, hải sản. Mức cay 3/5.',79000,NULL,'https://cdn.mock.local/items/item_027_002.jpg',4.4,243,2421,13,3,455,'vừa',0,0,0,'2024-07-24T12:00:00+07:00','2026-06-01T12:00:00+07:00');
INSERT INTO "menu_items" VALUES('item_027_003','shop_027','cat_027_02','Sò điệp nướng mỡ hành','Sò điệp nướng mỡ hành tại Ốc Đêm Sài Gòn. Tags: đậm vị. Mức cay 1/5.',89000,NULL,'https://cdn.mock.local/items/item_027_003.jpg',4.4,737,3706,17,1,371,'nhỏ',1,0,0,'2024-07-24T12:00:00+07:00','2026-06-01T12:00:00+07:00');
INSERT INTO "menu_items" VALUES('item_027_004','shop_027','cat_027_02','Càng ghẹ rang me','Càng ghẹ rang me tại Ốc Đêm Sài Gòn. Tags: chua ngọt, cao cấp. Mức cay 2/5.',119000,101000,'https://cdn.mock.local/items/item_027_004.jpg',4.0,528,2625,24,2,807,'nhỏ',1,0,0,'2024-07-24T12:00:00+07:00','2026-06-01T12:00:00+07:00');
INSERT INTO "menu_items" VALUES('item_027_005','shop_027','cat_027_03','Bánh mì chấm sốt','Bánh mì chấm sốt tại Ốc Đêm Sài Gòn. Tags: topping. Mức cay 0/5.',10000,NULL,'https://cdn.mock.local/items/item_027_005.jpg',4.2,961,3799,13,0,251,'lớn',1,0,0,'2024-07-24T12:00:00+07:00','2026-06-01T12:00:00+07:00');
INSERT INTO "menu_items" VALUES('item_027_006','shop_027','cat_027_04','Nước ngọt lon','Nước ngọt lon tại Ốc Đêm Sài Gòn. Tags: đồ uống. Mức cay 0/5.',18000,NULL,'https://cdn.mock.local/items/item_027_006.jpg',4.2,939,2100,25,0,60,'1-2 người',1,1,0,'2024-07-24T12:00:00+07:00','2026-06-01T12:00:00+07:00');
INSERT INTO "menu_items" VALUES('item_028_001','shop_028','cat_028_01','Croissant trứng phô mai','Croissant trứng phô mai tại Cà Phê Sáng & Brunch. Tags: ăn sáng, béo. Mức cay 0/5.',59000,NULL,'https://cdn.mock.local/items/item_028_001.jpg',4.7,641,1627,21,0,576,'nhỏ',1,1,0,'2025-06-09T12:00:00+07:00','2026-05-15T12:00:00+07:00');
INSERT INTO "menu_items" VALUES('item_028_002','shop_028','cat_028_02','Sandwich gà nướng','Sandwich gà nướng tại Cà Phê Sáng & Brunch. Tags: ăn trưa, dễ ăn. Mức cay 0/5.',69000,NULL,'https://cdn.mock.local/items/item_028_002.jpg',4.8,1030,3023,26,0,896,'vừa',1,0,0,'2025-06-09T12:00:00+07:00','2026-05-15T12:00:00+07:00');
INSERT INTO "menu_items" VALUES('item_028_003','shop_028','cat_028_03','Pancake mật ong','Pancake mật ong tại Cà Phê Sáng & Brunch. Tags: ngọt, brunch. Mức cay 0/5.',65000,NULL,'https://cdn.mock.local/items/item_028_003.jpg',4.7,292,1029,23,0,722,'1-2 người',1,0,0,'2025-06-09T12:00:00+07:00','2026-05-15T12:00:00+07:00');
INSERT INTO "menu_items" VALUES('item_028_004','shop_028','cat_028_04','Cà phê sữa đá','Cà phê sữa đá tại Cà Phê Sáng & Brunch. Tags: cà phê, bán chạy. Mức cay 0/5.',35000,32000,'https://cdn.mock.local/items/item_028_004.jpg',4.7,92,3386,26,0,287,'nhỏ',1,1,0,'2025-06-09T12:00:00+07:00','2026-05-15T12:00:00+07:00');
INSERT INTO "menu_items" VALUES('item_028_005','shop_028','cat_028_04','Cold brew cam','Cold brew cam tại Cà Phê Sáng & Brunch. Tags: cà phê, giải khát. Mức cay 0/5.',49000,NULL,'https://cdn.mock.local/items/item_028_005.jpg',4.8,726,1677,17,0,192,'2 người',1,0,0,'2025-06-09T12:00:00+07:00','2026-05-15T12:00:00+07:00');
INSERT INTO "menu_items" VALUES('item_028_006','shop_028','cat_028_04','Latte nóng','Latte nóng tại Cà Phê Sáng & Brunch. Tags: đồ uống. Mức cay 0/5.',45000,NULL,'https://cdn.mock.local/items/item_028_006.jpg',4.9,697,1880,16,0,98,'vừa',1,1,0,'2025-06-09T12:00:00+07:00','2026-05-15T12:00:00+07:00');
INSERT INTO "menu_items" VALUES('item_029_001','shop_029','cat_029_01','Mì Quảng gà','Mì Quảng gà tại Mì Quảng Hội An. Tags: món Trung, ăn trưa. Mức cay 1/5.',59000,NULL,'https://cdn.mock.local/items/item_029_001.jpg',4.1,270,3356,20,1,606,'2 người',1,1,0,'2024-02-02T12:00:00+07:00','2026-05-23T12:00:00+07:00');
INSERT INTO "menu_items" VALUES('item_029_002','shop_029','cat_029_01','Mì Quảng tôm thịt','Mì Quảng tôm thịt tại Mì Quảng Hội An. Tags: hải sản, đậm vị. Mức cay 1/5.',65000,58000,'https://cdn.mock.local/items/item_029_002.jpg',4.0,366,550,24,1,473,'lớn',1,0,0,'2024-02-02T12:00:00+07:00','2026-05-23T12:00:00+07:00');
INSERT INTO "menu_items" VALUES('item_029_003','shop_029','cat_029_01','Mì Quảng bò','Mì Quảng bò tại Mì Quảng Hội An. Tags: no lâu. Mức cay 1/5.',69000,59000,'https://cdn.mock.local/items/item_029_003.jpg',4.3,372,1309,14,1,386,'1-2 người',1,0,0,'2024-02-02T12:00:00+07:00','2026-05-23T12:00:00+07:00');
INSERT INTO "menu_items" VALUES('item_029_004','shop_029','cat_029_02','Bánh tráng mè','Bánh tráng mè tại Mì Quảng Hội An. Tags: topping. Mức cay 0/5.',10000,8000,'https://cdn.mock.local/items/item_029_004.jpg',4.3,21,619,24,0,203,'1-2 người',1,0,0,'2024-02-02T12:00:00+07:00','2026-05-23T12:00:00+07:00');
INSERT INTO "menu_items" VALUES('item_029_005','shop_029','cat_029_03','Ram cuốn cải','Ram cuốn cải tại Mì Quảng Hội An. Tags: ăn nhẹ. Mức cay 0/5.',39000,33000,'https://cdn.mock.local/items/item_029_005.jpg',4.3,148,101,18,0,322,'2 người',1,0,0,'2024-02-02T12:00:00+07:00','2026-05-23T12:00:00+07:00');
INSERT INTO "menu_items" VALUES('item_029_006','shop_029','cat_029_04','Nước sả chanh','Nước sả chanh tại Mì Quảng Hội An. Tags: đồ uống. Mức cay 0/5.',22000,NULL,'https://cdn.mock.local/items/item_029_006.jpg',4.0,274,3169,18,0,410,'1 người',1,0,0,'2024-02-02T12:00:00+07:00','2026-05-23T12:00:00+07:00');
INSERT INTO "menu_items" VALUES('item_030_001','shop_030','cat_030_01','Taco bò cay','Taco bò cay tại Taco Fiesta. Tags: cay, đậm vị. Mức cay 3/5.',69000,NULL,'https://cdn.mock.local/items/item_030_001.jpg',4.5,465,1257,28,3,849,'nhỏ',1,1,0,'2024-07-10T12:00:00+07:00','2026-06-01T12:00:00+07:00');
INSERT INTO "menu_items" VALUES('item_030_002','shop_030','cat_030_01','Taco gà phô mai','Taco gà phô mai tại Taco Fiesta. Tags: dễ ăn, béo. Mức cay 1/5.',65000,55000,'https://cdn.mock.local/items/item_030_002.jpg',4.6,366,1491,18,1,686,'1 người',1,0,0,'2024-07-10T12:00:00+07:00','2026-06-01T12:00:00+07:00');
INSERT INTO "menu_items" VALUES('item_030_003','shop_030','cat_030_02','Burrito bò đậu','Burrito bò đậu tại Taco Fiesta. Tags: no lâu. Mức cay 2/5.',89000,NULL,'https://cdn.mock.local/items/item_030_003.jpg',4.8,138,2328,27,2,359,'1-2 người',1,0,0,'2024-07-10T12:00:00+07:00','2026-06-01T12:00:00+07:00');
INSERT INTO "menu_items" VALUES('item_030_004','shop_030','cat_030_03','Nachos phô mai','Nachos phô mai tại Taco Fiesta. Tags: ăn vặt, ăn nhóm. Mức cay 1/5.',59000,NULL,'https://cdn.mock.local/items/item_030_004.jpg',4.6,585,991,18,1,771,'nhỏ',1,1,0,'2024-07-10T12:00:00+07:00','2026-06-01T12:00:00+07:00');
INSERT INTO "menu_items" VALUES('item_030_005','shop_030','cat_030_03','Guacamole chips','Guacamole chips tại Taco Fiesta. Tags: healthy, ăn nhẹ. Mức cay 0/5.',55000,NULL,'https://cdn.mock.local/items/item_030_005.jpg',4.7,642,881,23,0,618,'vừa',1,1,0,'2024-07-10T12:00:00+07:00','2026-06-01T12:00:00+07:00');
INSERT INTO "menu_items" VALUES('item_030_006','shop_030','cat_030_04','Lemon soda','Lemon soda tại Taco Fiesta. Tags: đồ uống. Mức cay 0/5.',30000,28000,'https://cdn.mock.local/items/item_030_006.jpg',4.6,367,96,18,0,162,'vừa',1,1,0,'2024-07-10T12:00:00+07:00','2026-06-01T12:00:00+07:00');
INSERT INTO "menu_items" VALUES('item_031_001','shop_031','cat_031_01','Cơm thịt kho trứng','Cơm thịt kho trứng tại Bếp Mẹ Nấu. Tags: món Việt, no lâu. Mức cay 0/5.',59000,NULL,'https://cdn.mock.local/items/item_031_001.jpg',4.3,125,3468,13,0,886,'2 người',1,1,0,'2025-06-02T12:00:00+07:00','2026-05-28T12:00:00+07:00');
INSERT INTO "menu_items" VALUES('item_031_002','shop_031','cat_031_01','Cơm cá kho tiêu','Cơm cá kho tiêu tại Bếp Mẹ Nấu. Tags: đậm vị. Mức cay 1/5.',62000,NULL,'https://cdn.mock.local/items/item_031_002.jpg',4.5,175,2137,17,1,777,'vừa',1,0,0,'2025-06-02T12:00:00+07:00','2026-05-28T12:00:00+07:00');
INSERT INTO "menu_items" VALUES('item_031_003','shop_031','cat_031_01','Cơm gà kho sả','Cơm gà kho sả tại Bếp Mẹ Nấu. Tags: ấm bụng. Mức cay 2/5.',59000,NULL,'https://cdn.mock.local/items/item_031_003.jpg',4.4,350,1501,14,2,556,'nhỏ',1,1,0,'2025-06-02T12:00:00+07:00','2026-05-28T12:00:00+07:00');
INSERT INTO "menu_items" VALUES('item_031_004','shop_031','cat_031_02','Đậu hũ sốt cà','Đậu hũ sốt cà tại Bếp Mẹ Nấu. Tags: chay, dễ ăn. Mức cay 0/5.',42000,39000,'https://cdn.mock.local/items/item_031_004.jpg',4.2,350,1101,10,0,892,'2 người',1,0,0,'2025-06-02T12:00:00+07:00','2026-05-28T12:00:00+07:00');
INSERT INTO "menu_items" VALUES('item_031_005','shop_031','cat_031_03','Canh bí đỏ thịt bằm','Canh bí đỏ thịt bằm tại Bếp Mẹ Nấu. Tags: món phụ. Mức cay 0/5.',30000,27000,'https://cdn.mock.local/items/item_031_005.jpg',4.3,564,148,9,0,888,'1-2 người',1,0,0,'2025-06-02T12:00:00+07:00','2026-05-28T12:00:00+07:00');
INSERT INTO "menu_items" VALUES('item_031_006','shop_031','cat_031_04','Trà atiso','Trà atiso tại Bếp Mẹ Nấu. Tags: đồ uống. Mức cay 0/5.',20000,NULL,'https://cdn.mock.local/items/item_031_006.jpg',4.2,827,701,6,0,260,'vừa',1,0,0,'2025-06-02T12:00:00+07:00','2026-05-28T12:00:00+07:00');
INSERT INTO "menu_items" VALUES('item_032_001','shop_032','cat_032_01','Tonkotsu ramen','Tonkotsu ramen tại Ramen Ichiban. Tags: món nước, bán chạy. Mức cay 1/5.',99000,NULL,'https://cdn.mock.local/items/item_032_001.jpg',4.4,41,3598,20,1,879,'lớn',1,1,0,'2025-04-23T12:00:00+07:00','2026-05-20T12:00:00+07:00');
INSERT INTO "menu_items" VALUES('item_032_002','shop_032','cat_032_01','Miso ramen cay','Miso ramen cay tại Ramen Ichiban. Tags: cay, ăn tối. Mức cay 3/5.',95000,NULL,'https://cdn.mock.local/items/item_032_002.jpg',4.4,58,1379,26,3,429,'vừa',1,0,0,'2025-04-23T12:00:00+07:00','2026-05-20T12:00:00+07:00');
INSERT INTO "menu_items" VALUES('item_032_003','shop_032','cat_032_01','Shoyu ramen gà','Shoyu ramen gà tại Ramen Ichiban. Tags: dễ ăn. Mức cay 1/5.',89000,NULL,'https://cdn.mock.local/items/item_032_003.jpg',4.6,180,2264,28,1,329,'nhỏ',1,0,0,'2025-04-23T12:00:00+07:00','2026-05-20T12:00:00+07:00');
INSERT INTO "menu_items" VALUES('item_032_004','shop_032','cat_032_02','Gyoza chiên','Gyoza chiên tại Ramen Ichiban. Tags: ăn vặt. Mức cay 0/5.',59000,NULL,'https://cdn.mock.local/items/item_032_004.jpg',4.7,92,1201,24,0,850,'vừa',1,0,0,'2025-04-23T12:00:00+07:00','2026-05-20T12:00:00+07:00');
INSERT INTO "menu_items" VALUES('item_032_005','shop_032','cat_032_03','Trứng ngâm tương thêm','Trứng ngâm tương thêm tại Ramen Ichiban. Tags: topping. Mức cay 0/5.',15000,NULL,'https://cdn.mock.local/items/item_032_005.jpg',4.7,93,1097,25,0,79,'lớn',1,0,0,'2025-04-23T12:00:00+07:00','2026-05-20T12:00:00+07:00');
INSERT INTO "menu_items" VALUES('item_032_006','shop_032','cat_032_04','Trà lúa mạch','Trà lúa mạch tại Ramen Ichiban. Tags: đồ uống. Mức cay 0/5.',25000,NULL,'https://cdn.mock.local/items/item_032_006.jpg',4.5,172,2612,18,0,119,'1 người',1,0,0,'2025-04-23T12:00:00+07:00','2026-05-20T12:00:00+07:00');
INSERT INTO "menu_items" VALUES('item_033_001','shop_033','cat_033_01','Bún chả đặc biệt','Bún chả đặc biệt tại Bún Chả Hà Nội 36. Tags: bán chạy, ăn trưa. Mức cay 0/5.',69000,66000,'https://cdn.mock.local/items/item_033_001.jpg',4.2,521,648,9,0,715,'vừa',1,1,0,'2023-05-30T12:00:00+07:00','2026-05-19T12:00:00+07:00');
INSERT INTO "menu_items" VALUES('item_033_002','shop_033','cat_033_01','Bún chả nem cua bể','Bún chả nem cua bể tại Bún Chả Hà Nội 36. Tags: đậm vị, hải sản. Mức cay 0/5.',79000,67000,'https://cdn.mock.local/items/item_033_002.jpg',4.4,213,1987,16,0,716,'1 người',1,1,0,'2023-05-30T12:00:00+07:00','2026-05-19T12:00:00+07:00');
INSERT INTO "menu_items" VALUES('item_033_003','shop_033','cat_033_01','Bún chả thịt nướng','Bún chả thịt nướng tại Bún Chả Hà Nội 36. Tags: món Bắc. Mức cay 0/5.',59000,NULL,'https://cdn.mock.local/items/item_033_003.jpg',4.3,202,884,10,0,846,'vừa',1,0,0,'2023-05-30T12:00:00+07:00','2026-05-19T12:00:00+07:00');
INSERT INTO "menu_items" VALUES('item_033_004','shop_033','cat_033_02','Nem cua bể thêm','Nem cua bể thêm tại Bún Chả Hà Nội 36. Tags: hải sản, topping. Mức cay 0/5.',35000,NULL,'https://cdn.mock.local/items/item_033_004.jpg',4.2,447,2047,17,0,96,'2 người',1,0,0,'2023-05-30T12:00:00+07:00','2026-05-19T12:00:00+07:00');
INSERT INTO "menu_items" VALUES('item_033_005','shop_033','cat_033_02','Rau sống thêm','Rau sống thêm tại Bún Chả Hà Nội 36. Tags: healthy. Mức cay 0/5.',8000,7000,'https://cdn.mock.local/items/item_033_005.jpg',4.3,531,563,15,0,266,'vừa',1,0,0,'2023-05-30T12:00:00+07:00','2026-05-19T12:00:00+07:00');
INSERT INTO "menu_items" VALUES('item_033_006','shop_033','cat_033_03','Trà quất','Trà quất tại Bún Chả Hà Nội 36. Tags: đồ uống. Mức cay 0/5.',18000,15000,'https://cdn.mock.local/items/item_033_006.jpg',4.1,723,3607,15,0,136,'vừa',1,0,0,'2023-05-30T12:00:00+07:00','2026-05-19T12:00:00+07:00');
INSERT INTO "menu_items" VALUES('item_034_001','shop_034','cat_034_01','Bibimbap bò trứng','Bibimbap bò trứng tại Cơm Trộn Bibimbap House. Tags: ăn trưa, món Hàn. Mức cay 2/5.',79000,NULL,'https://cdn.mock.local/items/item_034_001.jpg',4.4,251,489,17,2,640,'1-2 người',0,1,0,'2025-07-06T12:00:00+07:00','2026-05-16T12:00:00+07:00');
INSERT INTO "menu_items" VALUES('item_034_002','shop_034','cat_034_01','Bibimbap gà cay','Bibimbap gà cay tại Cơm Trộn Bibimbap House. Tags: cay, no lâu. Mức cay 3/5.',75000,NULL,'https://cdn.mock.local/items/item_034_002.jpg',4.2,59,1610,23,3,363,'vừa',1,1,0,'2025-07-06T12:00:00+07:00','2026-05-16T12:00:00+07:00');
INSERT INTO "menu_items" VALUES('item_034_003','shop_034','cat_034_01','Bibimbap nấm chay','Bibimbap nấm chay tại Cơm Trộn Bibimbap House. Tags: chay, healthy. Mức cay 1/5.',69000,66000,'https://cdn.mock.local/items/item_034_003.jpg',4.2,76,171,16,1,534,'2 người',1,0,0,'2025-07-06T12:00:00+07:00','2026-05-16T12:00:00+07:00');
INSERT INTO "menu_items" VALUES('item_034_004','shop_034','cat_034_02','Canh kim chi','Canh kim chi tại Cơm Trộn Bibimbap House. Tags: cay, món phụ. Mức cay 3/5.',39000,NULL,'https://cdn.mock.local/items/item_034_004.jpg',4.3,590,3073,21,3,456,'2 người',1,1,0,'2025-07-06T12:00:00+07:00','2026-05-16T12:00:00+07:00');
INSERT INTO "menu_items" VALUES('item_034_005','shop_034','cat_034_03','Kimchi thêm','Kimchi thêm tại Cơm Trộn Bibimbap House. Tags: topping. Mức cay 2/5.',15000,14000,'https://cdn.mock.local/items/item_034_005.jpg',4.2,26,487,20,2,288,'2 người',1,0,0,'2025-07-06T12:00:00+07:00','2026-05-16T12:00:00+07:00');
INSERT INTO "menu_items" VALUES('item_034_006','shop_034','cat_034_04','Trà gạo rang','Trà gạo rang tại Cơm Trộn Bibimbap House. Tags: đồ uống. Mức cay 0/5.',25000,21000,'https://cdn.mock.local/items/item_034_006.jpg',4.1,711,2647,18,0,376,'lớn',1,0,0,'2025-07-06T12:00:00+07:00','2026-05-16T12:00:00+07:00');
INSERT INTO "menu_items" VALUES('item_035_001','shop_035','cat_035_01','Cà ri gà bơ','Cà ri gà bơ tại Bếp Ấn Curry Corner. Tags: đậm vị, béo. Mức cay 2/5.',99000,NULL,'https://cdn.mock.local/items/item_035_001.jpg',4.8,720,3527,11,2,722,'1 người',1,1,0,'2023-05-28T12:00:00+07:00','2026-05-23T12:00:00+07:00');
INSERT INTO "menu_items" VALUES('item_035_002','shop_035','cat_035_01','Cà ri cừu cay','Cà ri cừu cay tại Bếp Ấn Curry Corner. Tags: cay, cao cấp. Mức cay 4/5.',129000,NULL,'https://cdn.mock.local/items/item_035_002.jpg',5.0,1039,2659,14,4,404,'nhỏ',1,1,0,'2023-05-28T12:00:00+07:00','2026-05-23T12:00:00+07:00');
INSERT INTO "menu_items" VALUES('item_035_003','shop_035','cat_035_01','Cà ri đậu gà chay','Cà ri đậu gà chay tại Bếp Ấn Curry Corner. Tags: chay, healthy. Mức cay 2/5.',89000,85000,'https://cdn.mock.local/items/item_035_003.jpg',4.6,14,2057,16,2,578,'2 người',1,0,0,'2023-05-28T12:00:00+07:00','2026-05-23T12:00:00+07:00');
INSERT INTO "menu_items" VALUES('item_035_004','shop_035','cat_035_02','Cơm basmati','Cơm basmati tại Bếp Ấn Curry Corner. Tags: topping. Mức cay 0/5.',25000,23000,'https://cdn.mock.local/items/item_035_004.jpg',5.0,382,2082,5,0,98,'1 người',1,0,0,'2023-05-28T12:00:00+07:00','2026-05-23T12:00:00+07:00');
INSERT INTO "menu_items" VALUES('item_035_005','shop_035','cat_035_02','Bánh naan tỏi','Bánh naan tỏi tại Bếp Ấn Curry Corner. Tags: topping. Mức cay 0/5.',35000,NULL,'https://cdn.mock.local/items/item_035_005.jpg',4.7,905,2193,6,0,198,'nhỏ',1,0,0,'2023-05-28T12:00:00+07:00','2026-05-23T12:00:00+07:00');
INSERT INTO "menu_items" VALUES('item_035_006','shop_035','cat_035_03','Lassi xoài','Lassi xoài tại Bếp Ấn Curry Corner. Tags: đồ uống. Mức cay 0/5.',45000,NULL,'https://cdn.mock.local/items/item_035_006.jpg',4.7,777,1130,13,0,272,'2 người',1,0,0,'2023-05-28T12:00:00+07:00','2026-05-23T12:00:00+07:00');
INSERT INTO "menu_items" VALUES('item_036_001','shop_036','cat_036_01','Salad gà Caesar','Salad gà Caesar tại Salad Stop Mini. Tags: healthy, protein cao. Mức cay 0/5.',79000,NULL,'https://cdn.mock.local/items/item_036_001.jpg',4.2,202,2557,14,0,393,'vừa',1,1,0,'2025-01-10T12:00:00+07:00','2026-05-17T12:00:00+07:00');
INSERT INTO "menu_items" VALUES('item_036_002','shop_036','cat_036_01','Salad cá ngừ bắp Mỹ','Salad cá ngừ bắp Mỹ tại Salad Stop Mini. Tags: healthy, ít tinh bột. Mức cay 0/5.',85000,72000,'https://cdn.mock.local/items/item_036_002.jpg',4.1,848,2308,22,0,522,'lớn',0,0,0,'2025-01-10T12:00:00+07:00','2026-05-17T12:00:00+07:00');
INSERT INTO "menu_items" VALUES('item_036_003','shop_036','cat_036_02','Wrap gà ngũ cốc','Wrap gà ngũ cốc tại Salad Stop Mini. Tags: healthy, ăn trưa. Mức cay 0/5.',75000,71000,'https://cdn.mock.local/items/item_036_003.jpg',4.5,136,2770,14,0,546,'2 người',1,1,0,'2025-01-10T12:00:00+07:00','2026-05-17T12:00:00+07:00');
INSERT INTO "menu_items" VALUES('item_036_004','shop_036','cat_036_03','Súp bí đỏ','Súp bí đỏ tại Salad Stop Mini. Tags: ít dầu mỡ. Mức cay 0/5.',45000,41000,'https://cdn.mock.local/items/item_036_004.jpg',4.3,134,991,13,0,414,'vừa',1,0,0,'2025-01-10T12:00:00+07:00','2026-05-17T12:00:00+07:00');
INSERT INTO "menu_items" VALUES('item_036_005','shop_036','cat_036_04','Nước ép cam cà rốt','Nước ép cam cà rốt tại Salad Stop Mini. Tags: healthy. Mức cay 0/5.',45000,38000,'https://cdn.mock.local/items/item_036_005.jpg',4.4,376,188,14,0,186,'vừa',1,0,0,'2025-01-10T12:00:00+07:00','2026-05-17T12:00:00+07:00');
INSERT INTO "menu_items" VALUES('item_036_006','shop_036','cat_036_05','Yogurt trái cây','Yogurt trái cây tại Salad Stop Mini. Tags: healthy, ngọt nhẹ. Mức cay 0/5.',39000,NULL,'https://cdn.mock.local/items/item_036_006.jpg',4.3,759,1247,24,0,460,'lớn',1,0,0,'2025-01-10T12:00:00+07:00','2026-05-17T12:00:00+07:00');
INSERT INTO "menu_items" VALUES('item_037_001','shop_037','cat_037_01','Bò né trứng pate','Bò né trứng pate tại Bò Né 3 Ngon. Tags: ăn sáng, no lâu. Mức cay 0/5.',69000,NULL,'https://cdn.mock.local/items/item_037_001.jpg',4.3,86,2711,26,0,916,'vừa',1,1,0,'2023-02-25T12:00:00+07:00','2026-05-29T12:00:00+07:00');
INSERT INTO "menu_items" VALUES('item_037_002','shop_037','cat_037_01','Bò né phô mai','Bò né phô mai tại Bò Né 3 Ngon. Tags: béo, đậm vị. Mức cay 0/5.',79000,NULL,'https://cdn.mock.local/items/item_037_002.jpg',4.4,1008,3181,30,0,789,'vừa',1,0,0,'2023-02-25T12:00:00+07:00','2026-05-29T12:00:00+07:00');
INSERT INTO "menu_items" VALUES('item_037_003','shop_037','cat_037_02','Bánh mì thêm','Bánh mì thêm tại Bò Né 3 Ngon. Tags: topping. Mức cay 0/5.',8000,NULL,'https://cdn.mock.local/items/item_037_003.jpg',4.4,187,3994,21,0,246,'1 người',1,0,0,'2023-02-25T12:00:00+07:00','2026-05-29T12:00:00+07:00');
INSERT INTO "menu_items" VALUES('item_037_004','shop_037','cat_037_02','Khoai tây chiên bò né','Khoai tây chiên bò né tại Bò Né 3 Ngon. Tags: ăn vặt. Mức cay 0/5.',25000,23000,'https://cdn.mock.local/items/item_037_004.jpg',4.1,637,3145,23,0,183,'1 người',1,1,0,'2023-02-25T12:00:00+07:00','2026-05-29T12:00:00+07:00');
INSERT INTO "menu_items" VALUES('item_037_005','shop_037','cat_037_03','Salad dầu giấm','Salad dầu giấm tại Bò Né 3 Ngon. Tags: món phụ. Mức cay 0/5.',25000,NULL,'https://cdn.mock.local/items/item_037_005.jpg',4.5,806,666,27,0,427,'1-2 người',1,1,0,'2023-02-25T12:00:00+07:00','2026-05-29T12:00:00+07:00');
INSERT INTO "menu_items" VALUES('item_037_006','shop_037','cat_037_04','Cacao đá','Cacao đá tại Bò Né 3 Ngon. Tags: đồ uống. Mức cay 0/5.',30000,27000,'https://cdn.mock.local/items/item_037_006.jpg',4.2,598,894,30,0,397,'1 người',1,0,0,'2023-02-25T12:00:00+07:00','2026-05-29T12:00:00+07:00');
INSERT INTO "menu_items" VALUES('item_038_001','shop_038','cat_038_01','Gỏi cuốn tôm thịt','Gỏi cuốn tôm thịt tại Gỏi Cuốn Fresh Roll. Tags: healthy, ăn nhẹ. Mức cay 0/5.',39000,NULL,'https://cdn.mock.local/items/item_038_001.jpg',4.2,253,1351,20,0,272,'1-2 người',1,1,0,'2024-08-30T12:00:00+07:00','2026-05-16T12:00:00+07:00');
INSERT INTO "menu_items" VALUES('item_038_002','shop_038','cat_038_01','Gỏi cuốn bì chay','Gỏi cuốn bì chay tại Gỏi Cuốn Fresh Roll. Tags: chay, healthy. Mức cay 0/5.',35000,32000,'https://cdn.mock.local/items/item_038_002.jpg',4.0,192,1895,12,0,309,'lớn',1,0,0,'2024-08-30T12:00:00+07:00','2026-05-16T12:00:00+07:00');
INSERT INTO "menu_items" VALUES('item_038_003','shop_038','cat_038_01','Cuốn cá hồi bơ','Cuốn cá hồi bơ tại Gỏi Cuốn Fresh Roll. Tags: healthy, cao cấp. Mức cay 0/5.',79000,NULL,'https://cdn.mock.local/items/item_038_003.jpg',4.1,93,2489,13,0,272,'nhỏ',1,0,0,'2024-08-30T12:00:00+07:00','2026-05-16T12:00:00+07:00');
INSERT INTO "menu_items" VALUES('item_038_004','shop_038','cat_038_01','Bò bía mặn','Bò bía mặn tại Gỏi Cuốn Fresh Roll. Tags: ăn vặt. Mức cay 0/5.',30000,27000,'https://cdn.mock.local/items/item_038_004.jpg',4.0,229,3755,16,0,327,'2 người',1,0,0,'2024-08-30T12:00:00+07:00','2026-05-16T12:00:00+07:00');
INSERT INTO "menu_items" VALUES('item_038_005','shop_038','cat_038_02','Sốt đậu phộng thêm','Sốt đậu phộng thêm tại Gỏi Cuốn Fresh Roll. Tags: topping. Mức cay 0/5.',8000,7000,'https://cdn.mock.local/items/item_038_005.jpg',4.4,292,1096,14,0,77,'nhỏ',1,0,0,'2024-08-30T12:00:00+07:00','2026-05-16T12:00:00+07:00');
INSERT INTO "menu_items" VALUES('item_038_006','shop_038','cat_038_03','Nước ép dứa','Nước ép dứa tại Gỏi Cuốn Fresh Roll. Tags: đồ uống. Mức cay 0/5.',35000,NULL,'https://cdn.mock.local/items/item_038_006.jpg',4.2,210,2577,13,0,101,'1 người',1,0,0,'2024-08-30T12:00:00+07:00','2026-05-16T12:00:00+07:00');
INSERT INTO "menu_items" VALUES('item_039_001','shop_039','cat_039_01','Hủ tiếu Nam Vang đặc biệt','Hủ tiếu Nam Vang đặc biệt tại Hủ Tiếu Nam Vang Tài Lộc. Tags: bán chạy, món nước. Mức cay 0/5.',69000,NULL,'https://cdn.mock.local/items/item_039_001.jpg',4.2,506,548,23,0,858,'1 người',1,1,0,'2023-03-03T12:00:00+07:00','2026-05-24T12:00:00+07:00');
INSERT INTO "menu_items" VALUES('item_039_002','shop_039','cat_039_01','Hủ tiếu khô xá xíu','Hủ tiếu khô xá xíu tại Hủ Tiếu Nam Vang Tài Lộc. Tags: đậm vị. Mức cay 0/5.',65000,NULL,'https://cdn.mock.local/items/item_039_002.jpg',4.1,42,3541,13,0,709,'nhỏ',1,0,0,'2023-03-03T12:00:00+07:00','2026-05-24T12:00:00+07:00');
INSERT INTO "menu_items" VALUES('item_039_003','shop_039','cat_039_01','Hủ tiếu mực','Hủ tiếu mực tại Hủ Tiếu Nam Vang Tài Lộc. Tags: hải sản. Mức cay 0/5.',75000,64000,'https://cdn.mock.local/items/item_039_003.jpg',4.1,106,2834,19,0,702,'1-2 người',1,0,0,'2023-03-03T12:00:00+07:00','2026-05-24T12:00:00+07:00');
INSERT INTO "menu_items" VALUES('item_039_004','shop_039','cat_039_02','Súp xí quách','Súp xí quách tại Hủ Tiếu Nam Vang Tài Lộc. Tags: no lâu. Mức cay 0/5.',59000,NULL,'https://cdn.mock.local/items/item_039_004.jpg',4.3,181,2712,18,0,914,'vừa',1,0,0,'2023-03-03T12:00:00+07:00','2026-05-24T12:00:00+07:00');
INSERT INTO "menu_items" VALUES('item_039_005','shop_039','cat_039_03','Hoành thánh thêm','Hoành thánh thêm tại Hủ Tiếu Nam Vang Tài Lộc. Tags: topping. Mức cay 0/5.',25000,NULL,'https://cdn.mock.local/items/item_039_005.jpg',4.4,160,207,21,0,246,'1-2 người',1,0,0,'2023-03-03T12:00:00+07:00','2026-05-24T12:00:00+07:00');
INSERT INTO "menu_items" VALUES('item_039_006','shop_039','cat_039_04','Sâm lạnh','Sâm lạnh tại Hủ Tiếu Nam Vang Tài Lộc. Tags: đồ uống. Mức cay 0/5.',18000,NULL,'https://cdn.mock.local/items/item_039_006.jpg',4.4,899,2770,16,0,211,'nhỏ',1,0,0,'2023-03-03T12:00:00+07:00','2026-05-24T12:00:00+07:00');
INSERT INTO "menu_items" VALUES('item_040_001','shop_040','cat_040_01','Bánh xèo tôm thịt','Bánh xèo tôm thịt tại Bánh Xèo Miền Tây. Tags: hải sản, giòn. Mức cay 0/5.',69000,NULL,'https://cdn.mock.local/items/item_040_001.jpg',4.1,832,2630,20,0,701,'2 người',1,1,0,'2023-04-09T12:00:00+07:00','2026-05-17T12:00:00+07:00');
INSERT INTO "menu_items" VALUES('item_040_002','shop_040','cat_040_01','Bánh xèo nấm chay','Bánh xèo nấm chay tại Bánh Xèo Miền Tây. Tags: chay, giòn. Mức cay 0/5.',59000,50000,'https://cdn.mock.local/items/item_040_002.jpg',4.4,733,556,27,0,604,'2 người',1,1,0,'2023-04-09T12:00:00+07:00','2026-05-17T12:00:00+07:00');
INSERT INTO "menu_items" VALUES('item_040_003','shop_040','cat_040_02','Bánh khọt Vũng Tàu','Bánh khọt Vũng Tàu tại Bánh Xèo Miền Tây. Tags: hải sản, ăn vặt. Mức cay 0/5.',65000,NULL,'https://cdn.mock.local/items/item_040_003.jpg',4.4,681,1467,19,0,534,'1-2 người',1,0,0,'2023-04-09T12:00:00+07:00','2026-05-17T12:00:00+07:00');
INSERT INTO "menu_items" VALUES('item_040_004','shop_040','cat_040_03','Rau sống bánh xèo','Rau sống bánh xèo tại Bánh Xèo Miền Tây. Tags: healthy. Mức cay 0/5.',15000,NULL,'https://cdn.mock.local/items/item_040_004.jpg',4.5,1152,2781,26,0,216,'vừa',1,0,0,'2023-04-09T12:00:00+07:00','2026-05-17T12:00:00+07:00');
INSERT INTO "menu_items" VALUES('item_040_005','shop_040','cat_040_03','Nước mắm thêm','Nước mắm thêm tại Bánh Xèo Miền Tây. Tags: topping. Mức cay 0/5.',5000,5000,'https://cdn.mock.local/items/item_040_005.jpg',4.1,331,1143,23,0,290,'vừa',1,0,0,'2023-04-09T12:00:00+07:00','2026-05-17T12:00:00+07:00');
INSERT INTO "menu_items" VALUES('item_040_006','shop_040','cat_040_04','Nước dừa tươi','Nước dừa tươi tại Bánh Xèo Miền Tây. Tags: đồ uống. Mức cay 0/5.',30000,NULL,'https://cdn.mock.local/items/item_040_006.jpg',4.3,681,919,24,0,103,'lớn',1,0,0,'2023-04-09T12:00:00+07:00','2026-05-17T12:00:00+07:00');
INSERT INTO "menu_items" VALUES('item_041_001','shop_041','cat_041_01','Sandwich ham cheese','Sandwich ham cheese tại Sandwich Deli Corner. Tags: giao nhanh, béo. Mức cay 0/5.',59000,NULL,'https://cdn.mock.local/items/item_041_001.jpg',4.5,114,1658,12,0,884,'nhỏ',1,1,0,'2025-09-02T12:00:00+07:00','2026-05-17T12:00:00+07:00');
INSERT INTO "menu_items" VALUES('item_041_002','shop_041','cat_041_01','Sandwich tuna mayo','Sandwich tuna mayo tại Sandwich Deli Corner. Tags: dễ ăn. Mức cay 0/5.',65000,NULL,'https://cdn.mock.local/items/item_041_002.jpg',4.6,225,218,19,0,789,'1-2 người',1,0,0,'2025-09-02T12:00:00+07:00','2026-05-17T12:00:00+07:00');
INSERT INTO "menu_items" VALUES('item_041_003','shop_041','cat_041_01','Sandwich gà pesto','Sandwich gà pesto tại Sandwich Deli Corner. Tags: ăn trưa. Mức cay 0/5.',69000,NULL,'https://cdn.mock.local/items/item_041_003.jpg',4.8,1191,783,11,0,880,'1-2 người',1,0,0,'2025-09-02T12:00:00+07:00','2026-05-17T12:00:00+07:00');
INSERT INTO "menu_items" VALUES('item_041_004','shop_041','cat_041_02','Soup cà chua','Soup cà chua tại Sandwich Deli Corner. Tags: món phụ. Mức cay 0/5.',39000,33000,'https://cdn.mock.local/items/item_041_004.jpg',4.6,401,36,10,0,517,'nhỏ',1,0,0,'2025-09-02T12:00:00+07:00','2026-05-17T12:00:00+07:00');
INSERT INTO "menu_items" VALUES('item_041_005','shop_041','cat_041_03','Cookie chocolate','Cookie chocolate tại Sandwich Deli Corner. Tags: ngọt. Mức cay 0/5.',25000,24000,'https://cdn.mock.local/items/item_041_005.jpg',4.8,810,1720,13,0,341,'nhỏ',1,0,0,'2025-09-02T12:00:00+07:00','2026-05-17T12:00:00+07:00');
INSERT INTO "menu_items" VALUES('item_041_006','shop_041','cat_041_04','Americano đá','Americano đá tại Sandwich Deli Corner. Tags: cà phê. Mức cay 0/5.',35000,NULL,'https://cdn.mock.local/items/item_041_006.jpg',4.5,1143,1959,17,0,197,'2 người',1,0,0,'2025-09-02T12:00:00+07:00','2026-05-17T12:00:00+07:00');
INSERT INTO "menu_items" VALUES('item_042_001','shop_042','cat_042_01','Cơm bò nướng BBQ','Cơm bò nướng BBQ tại Bếp Nướng BBQ Express. Tags: ăn trưa, đậm vị. Mức cay 1/5.',79000,NULL,'https://cdn.mock.local/items/item_042_001.jpg',4.9,785,3142,20,1,744,'1 người',1,1,0,'2025-04-19T12:00:00+07:00','2026-05-24T12:00:00+07:00');
INSERT INTO "menu_items" VALUES('item_042_002','shop_042','cat_042_02','Sườn nướng mật ong','Sườn nướng mật ong tại Bếp Nướng BBQ Express. Tags: bán chạy, cao cấp. Mức cay 0/5.',119000,NULL,'https://cdn.mock.local/items/item_042_002.jpg',4.6,673,2631,20,0,322,'1 người',1,1,0,'2025-04-19T12:00:00+07:00','2026-05-24T12:00:00+07:00');
INSERT INTO "menu_items" VALUES('item_042_003','shop_042','cat_042_02','Gà nướng sốt cay','Gà nướng sốt cay tại Bếp Nướng BBQ Express. Tags: cay, ăn tối. Mức cay 3/5.',89000,NULL,'https://cdn.mock.local/items/item_042_003.jpg',4.7,340,1727,17,3,676,'vừa',1,0,0,'2025-04-19T12:00:00+07:00','2026-05-24T12:00:00+07:00');
INSERT INTO "menu_items" VALUES('item_042_004','shop_042','cat_042_03','Combo nướng 2 người','Combo nướng 2 người tại Bếp Nướng BBQ Express. Tags: ăn nhóm, combo. Mức cay 2/5.',199000,NULL,'https://cdn.mock.local/items/item_042_004.jpg',4.9,513,538,15,2,1136,'nhỏ',1,0,1,'2025-04-19T12:00:00+07:00','2026-05-24T12:00:00+07:00');
INSERT INTO "menu_items" VALUES('item_042_005','shop_042','cat_042_04','Salad bắp cải','Salad bắp cải tại Bếp Nướng BBQ Express. Tags: món phụ. Mức cay 0/5.',29000,NULL,'https://cdn.mock.local/items/item_042_005.jpg',4.6,1016,1087,15,0,616,'vừa',1,1,0,'2025-04-19T12:00:00+07:00','2026-05-24T12:00:00+07:00');
INSERT INTO "menu_items" VALUES('item_042_006','shop_042','cat_042_05','Pepsi lon','Pepsi lon tại Bếp Nướng BBQ Express. Tags: đồ uống. Mức cay 0/5.',18000,NULL,'https://cdn.mock.local/items/item_042_006.jpg',4.7,804,1774,23,0,243,'1-2 người',1,0,0,'2025-04-19T12:00:00+07:00','2026-05-24T12:00:00+07:00');
INSERT INTO "menu_items" VALUES('item_043_001','shop_043','cat_043_01','Tiramisu cup','Tiramisu cup tại Bánh Ngọt Paris Mini. Tags: ngọt, bán chạy. Mức cay 0/5.',55000,NULL,'https://cdn.mock.local/items/item_043_001.jpg',4.2,684,2803,26,0,532,'lớn',1,1,0,'2025-07-22T12:00:00+07:00','2026-05-29T12:00:00+07:00');
INSERT INTO "menu_items" VALUES('item_043_002','shop_043','cat_043_01','Cheesecake dâu','Cheesecake dâu tại Bánh Ngọt Paris Mini. Tags: ngọt, béo. Mức cay 0/5.',59000,50000,'https://cdn.mock.local/items/item_043_002.jpg',4.4,1055,1975,23,0,666,'lớn',1,0,0,'2025-07-22T12:00:00+07:00','2026-05-29T12:00:00+07:00');
INSERT INTO "menu_items" VALUES('item_043_003','shop_043','cat_043_02','Croissant bơ','Croissant bơ tại Bánh Ngọt Paris Mini. Tags: ăn sáng. Mức cay 0/5.',39000,NULL,'https://cdn.mock.local/items/item_043_003.jpg',4.3,1098,3364,24,0,689,'2 người',1,0,0,'2025-07-22T12:00:00+07:00','2026-05-29T12:00:00+07:00');
INSERT INTO "menu_items" VALUES('item_043_004','shop_043','cat_043_01','Macaron set 4','Macaron set 4 tại Bánh Ngọt Paris Mini. Tags: cao cấp, ngọt. Mức cay 0/5.',69000,NULL,'https://cdn.mock.local/items/item_043_004.jpg',4.6,102,955,20,0,767,'1-2 người',1,0,0,'2025-07-22T12:00:00+07:00','2026-05-29T12:00:00+07:00');
INSERT INTO "menu_items" VALUES('item_043_005','shop_043','cat_043_02','Chocolate muffin','Chocolate muffin tại Bánh Ngọt Paris Mini. Tags: ngọt. Mức cay 0/5.',35000,32000,'https://cdn.mock.local/items/item_043_005.jpg',4.5,186,3948,16,0,821,'nhỏ',1,0,0,'2025-07-22T12:00:00+07:00','2026-05-29T12:00:00+07:00');
INSERT INTO "menu_items" VALUES('item_043_006','shop_043','cat_043_03','Trà Earl Grey','Trà Earl Grey tại Bánh Ngọt Paris Mini. Tags: đồ uống. Mức cay 0/5.',45000,NULL,'https://cdn.mock.local/items/item_043_006.jpg',4.2,1100,2786,14,0,398,'lớn',1,0,0,'2025-07-22T12:00:00+07:00','2026-05-29T12:00:00+07:00');
INSERT INTO "menu_items" VALUES('item_044_001','shop_044','cat_044_01','Bún cá sứa','Bún cá sứa tại Bún Cá Nha Trang. Tags: hải sản, món nước. Mức cay 0/5.',65000,NULL,'https://cdn.mock.local/items/item_044_001.jpg',4.9,163,3038,11,0,326,'1 người',1,1,0,'2025-05-21T12:00:00+07:00','2026-05-24T12:00:00+07:00');
INSERT INTO "menu_items" VALUES('item_044_002','shop_044','cat_044_01','Bún cá thu','Bún cá thu tại Bún Cá Nha Trang. Tags: hải sản, no lâu. Mức cay 0/5.',69000,NULL,'https://cdn.mock.local/items/item_044_002.jpg',4.8,250,3378,12,0,699,'1 người',1,0,0,'2025-05-21T12:00:00+07:00','2026-05-24T12:00:00+07:00');
INSERT INTO "menu_items" VALUES('item_044_003','shop_044','cat_044_01','Bún chả cá Nha Trang','Bún chả cá Nha Trang tại Bún Cá Nha Trang. Tags: dễ ăn. Mức cay 0/5.',59000,53000,'https://cdn.mock.local/items/item_044_003.jpg',4.7,293,2651,9,0,567,'1 người',1,0,0,'2025-05-21T12:00:00+07:00','2026-05-24T12:00:00+07:00');
INSERT INTO "menu_items" VALUES('item_044_004','shop_044','cat_044_02','Chả cá thêm','Chả cá thêm tại Bún Cá Nha Trang. Tags: topping. Mức cay 0/5.',25000,NULL,'https://cdn.mock.local/items/item_044_004.jpg',4.6,162,1068,12,0,223,'lớn',1,0,0,'2025-05-21T12:00:00+07:00','2026-05-24T12:00:00+07:00');
INSERT INTO "menu_items" VALUES('item_044_005','shop_044','cat_044_02','Rau sống thêm','Rau sống thêm tại Bún Cá Nha Trang. Tags: healthy. Mức cay 0/5.',8000,NULL,'https://cdn.mock.local/items/item_044_005.jpg',4.6,269,610,14,0,231,'1 người',1,1,0,'2025-05-21T12:00:00+07:00','2026-05-24T12:00:00+07:00');
INSERT INTO "menu_items" VALUES('item_044_006','shop_044','cat_044_03','Nước nha đam','Nước nha đam tại Bún Cá Nha Trang. Tags: đồ uống. Mức cay 0/5.',22000,NULL,'https://cdn.mock.local/items/item_044_006.jpg',4.8,82,757,7,0,188,'vừa',1,0,0,'2025-05-21T12:00:00+07:00','2026-05-24T12:00:00+07:00');
CREATE TABLE payment_methods (
  id TEXT PRIMARY KEY,
  name TEXT NOT NULL UNIQUE
);
INSERT INTO "payment_methods" VALUES('pm_cash','Tiền mặt');
INSERT INTO "payment_methods" VALUES('pm_shopeepay','ShopeePay');
INSERT INTO "payment_methods" VALUES('pm_momo','MoMo');
INSERT INTO "payment_methods" VALUES('pm_card','Thẻ ngân hàng');
INSERT INTO "payment_methods" VALUES('pm_zalopay','ZaloPay');
CREATE TABLE promotions (
  id TEXT PRIMARY KEY,
  code TEXT UNIQUE,
  name TEXT NOT NULL,
  description TEXT,
  promo_type TEXT NOT NULL CHECK (promo_type IN ('percent','amount','free_delivery','combo','buy_x_get_y')),
  value INTEGER NOT NULL DEFAULT 0,
  min_order_amount INTEGER NOT NULL DEFAULT 0,
  max_discount_amount INTEGER,
  start_at TEXT NOT NULL,
  end_at TEXT NOT NULL,
  is_active INTEGER NOT NULL DEFAULT 1
);
INSERT INTO "promotions" VALUES('promo_001','Q1FREESHIP','Miễn phí giao hàng khu Quận 1','Miễn phí giao hàng tối đa 15k cho đơn từ 80k','free_delivery',15000,80000,15000,'2026-05-15T12:00:00+07:00','2026-07-04T12:00:00+07:00',1);
INSERT INTO "promotions" VALUES('promo_002','LUNCH10','Giảm 10% bữa trưa','Giảm 10% cho đơn từ 100k trong khung giờ trưa','percent',10,100000,25000,'2026-05-25T12:00:00+07:00','2026-06-24T12:00:00+07:00',1);
INSERT INTO "promotions" VALUES('promo_003','DINNER15K','Giảm 15k bữa tối','Giảm 15k cho đơn từ 120k','amount',15000,120000,15000,'2026-05-30T12:00:00+07:00','2026-06-29T12:00:00+07:00',1);
INSERT INTO "promotions" VALUES('promo_004','HEALTHY12','Ưu đãi món healthy','Giảm 12% cho các món healthy','percent',12,70000,20000,'2026-05-20T12:00:00+07:00','2026-07-19T12:00:00+07:00',1);
INSERT INTO "promotions" VALUES('promo_005','COMBO199','Combo nhóm tiết kiệm','Giá combo tốt cho đơn nhóm 2-3 người','combo',199000,150000,50000,'2026-06-01T12:00:00+07:00','2026-07-14T12:00:00+07:00',1);
INSERT INTO "promotions" VALUES('promo_006','DRINK5K','Giảm đồ uống','Giảm 5k khi mua kèm đồ uống','amount',5000,50000,5000,'2026-06-03T12:00:00+07:00','2026-06-19T12:00:00+07:00',1);
INSERT INTO "promotions" VALUES('promo_007','NEWUSER20','Khách mới giảm 20%','Giảm 20% tối đa 30k cho khách mới','percent',20,80000,30000,'2026-05-05T12:00:00+07:00','2026-08-03T12:00:00+07:00',1);
INSERT INTO "promotions" VALUES('promo_008','SPICYDAY','Ngày món cay','Giảm 10k cho món cay từ cấp 3','amount',10000,70000,10000,'2026-05-27T12:00:00+07:00','2026-06-26T12:00:00+07:00',1);
CREATE TABLE regions (
  id TEXT PRIMARY KEY,
  name TEXT NOT NULL,
  city TEXT NOT NULL,
  country TEXT NOT NULL,
  currency TEXT NOT NULL,
  timezone TEXT NOT NULL,
  center_lat REAL NOT NULL,
  center_lng REAL NOT NULL,
  is_active INTEGER NOT NULL DEFAULT 1
);
INSERT INTO "regions" VALUES('hcm_q1','Quận 1','TP. Hồ Chí Minh','Việt Nam','VND','Asia/Ho_Chi_Minh',10.7756,106.7004,1);
CREATE TABLE reviews (
  id TEXT PRIMARY KEY,
  shop_id TEXT NOT NULL,
  item_id TEXT,
  customer_id TEXT NOT NULL,
  rating INTEGER NOT NULL CHECK (rating BETWEEN 1 AND 5),
  comment TEXT,
  sentiment TEXT CHECK (sentiment IN ('positive','neutral','negative')),
  created_at TEXT NOT NULL,
  FOREIGN KEY (shop_id) REFERENCES shops(id) ON DELETE CASCADE,
  FOREIGN KEY (item_id) REFERENCES menu_items(id) ON DELETE SET NULL,
  FOREIGN KEY (customer_id) REFERENCES customers(id)
);
INSERT INTO "reviews" VALUES('rev_001_001','shop_001','item_001_001','cus_0057',4,'Món ngon, giao nhanh.','positive','2026-03-18T12:00:00+07:00');
INSERT INTO "reviews" VALUES('rev_001_002','shop_001','item_001_004','cus_0007',5,'Món ngon, giao nhanh.','positive','2026-01-13T12:00:00+07:00');
INSERT INTO "reviews" VALUES('rev_001_003','shop_001','item_001_004','cus_0080',2,'Món hơi nguội khi nhận.','negative','2026-04-02T12:00:00+07:00');
INSERT INTO "reviews" VALUES('rev_001_004','shop_001','item_001_004','cus_0080',4,'Đóng gói sạch sẽ, sẽ đặt lại.','positive','2026-01-13T12:00:00+07:00');
INSERT INTO "reviews" VALUES('rev_001_005','shop_001',NULL,'cus_0020',1,'Món hơi nguội khi nhận.','negative','2026-05-03T12:00:00+07:00');
INSERT INTO "reviews" VALUES('rev_001_006','shop_001','item_001_003','cus_0081',5,'Vị vừa miệng, giá ổn.','positive','2026-05-15T12:00:00+07:00');
INSERT INTO "reviews" VALUES('rev_001_007','shop_001',NULL,'cus_0100',5,'Vị vừa miệng, giá ổn.','positive','2026-02-26T12:00:00+07:00');
INSERT INTO "reviews" VALUES('rev_001_008','shop_001','item_001_006','cus_0020',5,'Shop chuẩn bị nhanh.','positive','2025-12-08T12:00:00+07:00');
INSERT INTO "reviews" VALUES('rev_002_001','shop_002',NULL,'cus_0119',2,'Giao chậm.','negative','2026-03-26T12:00:00+07:00');
INSERT INTO "reviews" VALUES('rev_002_002','shop_002','item_002_004','cus_0015',5,'Shop chuẩn bị nhanh.','positive','2026-06-04T12:00:00+07:00');
INSERT INTO "reviews" VALUES('rev_002_003','shop_002','item_002_005','cus_0036',4,'Đóng gói sạch sẽ, sẽ đặt lại.','positive','2026-03-25T12:00:00+07:00');
INSERT INTO "reviews" VALUES('rev_002_004','shop_002','item_002_005','cus_0007',5,'Phần ăn đầy đặn.','positive','2026-05-18T12:00:00+07:00');
INSERT INTO "reviews" VALUES('rev_002_005','shop_002','item_002_001','cus_0097',4,'Đóng gói sạch sẽ, sẽ đặt lại.','positive','2026-03-21T12:00:00+07:00');
INSERT INTO "reviews" VALUES('rev_002_006','shop_002','item_002_002','cus_0039',4,'Món ngon, giao nhanh.','positive','2026-05-04T12:00:00+07:00');
INSERT INTO "reviews" VALUES('rev_002_007','shop_002',NULL,'cus_0117',4,'Shop chuẩn bị nhanh.','positive','2026-05-17T12:00:00+07:00');
INSERT INTO "reviews" VALUES('rev_003_001','shop_003',NULL,'cus_0038',5,'Vị vừa miệng, giá ổn.','positive','2026-01-11T12:00:00+07:00');
INSERT INTO "reviews" VALUES('rev_003_002','shop_003','item_003_003','cus_0079',5,'Đóng gói sạch sẽ, sẽ đặt lại.','positive','2026-01-05T12:00:00+07:00');
INSERT INTO "reviews" VALUES('rev_003_003','shop_003','item_003_004','cus_0033',5,'Vị vừa miệng, giá ổn.','positive','2025-12-15T12:00:00+07:00');
INSERT INTO "reviews" VALUES('rev_003_004','shop_003','item_003_004','cus_0106',5,'Shop chuẩn bị nhanh.','positive','2026-04-05T12:00:00+07:00');
INSERT INTO "reviews" VALUES('rev_003_005','shop_003',NULL,'cus_0082',5,'Vị vừa miệng, giá ổn.','positive','2026-05-12T12:00:00+07:00');
INSERT INTO "reviews" VALUES('rev_003_006','shop_003',NULL,'cus_0117',5,'Phần ăn đầy đặn.','positive','2026-02-06T12:00:00+07:00');
INSERT INTO "reviews" VALUES('rev_003_007','shop_003','item_003_002','cus_0052',3,'Giá tạm ổn.','neutral','2026-01-25T12:00:00+07:00');
INSERT INTO "reviews" VALUES('rev_004_001','shop_004','item_004_003','cus_0016',5,'Món ngon, giao nhanh.','positive','2026-01-28T12:00:00+07:00');
INSERT INTO "reviews" VALUES('rev_004_002','shop_004',NULL,'cus_0111',4,'Shop chuẩn bị nhanh.','positive','2026-04-10T12:00:00+07:00');
INSERT INTO "reviews" VALUES('rev_004_003','shop_004','item_004_003','cus_0072',5,'Đóng gói sạch sẽ, sẽ đặt lại.','positive','2026-03-09T12:00:00+07:00');
INSERT INTO "reviews" VALUES('rev_004_004','shop_004',NULL,'cus_0020',5,'Vị vừa miệng, giá ổn.','positive','2026-04-04T12:00:00+07:00');
INSERT INTO "reviews" VALUES('rev_004_005','shop_004',NULL,'cus_0047',5,'Vị vừa miệng, giá ổn.','positive','2026-02-20T12:00:00+07:00');
INSERT INTO "reviews" VALUES('rev_004_006','shop_004','item_004_001','cus_0094',4,'Món ngon, giao nhanh.','positive','2026-03-13T12:00:00+07:00');
INSERT INTO "reviews" VALUES('rev_004_007','shop_004',NULL,'cus_0001',5,'Vị vừa miệng, giá ổn.','positive','2026-05-10T12:00:00+07:00');
INSERT INTO "reviews" VALUES('rev_004_008','shop_004','item_004_005','cus_0105',5,'Phần ăn đầy đặn.','positive','2026-03-16T12:00:00+07:00');
INSERT INTO "reviews" VALUES('rev_005_001','shop_005','item_005_001','cus_0033',5,'Vị vừa miệng, giá ổn.','positive','2026-02-18T12:00:00+07:00');
INSERT INTO "reviews" VALUES('rev_005_002','shop_005','item_005_004','cus_0048',4,'Đóng gói sạch sẽ, sẽ đặt lại.','positive','2026-03-08T12:00:00+07:00');
INSERT INTO "reviews" VALUES('rev_005_003','shop_005','item_005_001','cus_0110',3,'Giao hơi lâu nhưng vị được.','neutral','2026-05-12T12:00:00+07:00');
INSERT INTO "reviews" VALUES('rev_005_004','shop_005',NULL,'cus_0015',5,'Đóng gói sạch sẽ, sẽ đặt lại.','positive','2026-03-27T12:00:00+07:00');
INSERT INTO "reviews" VALUES('rev_005_005','shop_005','item_005_001','cus_0073',3,'Món ổn, không quá đặc biệt.','neutral','2026-02-24T12:00:00+07:00');
INSERT INTO "reviews" VALUES('rev_005_006','shop_005',NULL,'cus_0087',5,'Phần ăn đầy đặn.','positive','2026-01-13T12:00:00+07:00');
INSERT INTO "reviews" VALUES('rev_005_007','shop_005','item_005_001','cus_0052',5,'Phần ăn đầy đặn.','positive','2026-05-02T12:00:00+07:00');
INSERT INTO "reviews" VALUES('rev_006_001','shop_006','item_006_004','cus_0042',4,'Đóng gói sạch sẽ, sẽ đặt lại.','positive','2026-06-01T12:00:00+07:00');
INSERT INTO "reviews" VALUES('rev_006_002','shop_006','item_006_004','cus_0051',5,'Shop chuẩn bị nhanh.','positive','2026-03-03T12:00:00+07:00');
INSERT INTO "reviews" VALUES('rev_006_003','shop_006','item_006_001','cus_0099',5,'Vị vừa miệng, giá ổn.','positive','2025-12-08T12:00:00+07:00');
INSERT INTO "reviews" VALUES('rev_006_004','shop_006','item_006_003','cus_0105',5,'Đóng gói sạch sẽ, sẽ đặt lại.','positive','2026-03-31T12:00:00+07:00');
INSERT INTO "reviews" VALUES('rev_006_005','shop_006','item_006_001','cus_0049',4,'Shop chuẩn bị nhanh.','positive','2025-12-16T12:00:00+07:00');
INSERT INTO "reviews" VALUES('rev_006_006','shop_006','item_006_005','cus_0106',5,'Món ngon, giao nhanh.','positive','2026-03-28T12:00:00+07:00');
INSERT INTO "reviews" VALUES('rev_006_007','shop_006','item_006_006','cus_0052',4,'Phần ăn đầy đặn.','positive','2026-03-27T12:00:00+07:00');
INSERT INTO "reviews" VALUES('rev_007_001','shop_007','item_007_002','cus_0014',4,'Đóng gói sạch sẽ, sẽ đặt lại.','positive','2025-12-30T12:00:00+07:00');
INSERT INTO "reviews" VALUES('rev_007_002','shop_007','item_007_005','cus_0082',5,'Món ngon, giao nhanh.','positive','2026-02-16T12:00:00+07:00');
INSERT INTO "reviews" VALUES('rev_007_003','shop_007','item_007_002','cus_0108',4,'Phần ăn đầy đặn.','positive','2026-02-17T12:00:00+07:00');
INSERT INTO "reviews" VALUES('rev_007_004','shop_007',NULL,'cus_0010',4,'Món ngon, giao nhanh.','positive','2025-12-28T12:00:00+07:00');
INSERT INTO "reviews" VALUES('rev_007_005','shop_007','item_007_005','cus_0013',5,'Shop chuẩn bị nhanh.','positive','2026-02-12T12:00:00+07:00');
INSERT INTO "reviews" VALUES('rev_007_006','shop_007','item_007_006','cus_0026',5,'Phần ăn đầy đặn.','positive','2026-05-26T12:00:00+07:00');
INSERT INTO "reviews" VALUES('rev_007_007','shop_007','item_007_004','cus_0040',3,'Giá tạm ổn.','neutral','2026-05-31T12:00:00+07:00');
INSERT INTO "reviews" VALUES('rev_008_001','shop_008','item_008_001','cus_0025',5,'Đóng gói sạch sẽ, sẽ đặt lại.','positive','2025-12-27T12:00:00+07:00');
INSERT INTO "reviews" VALUES('rev_008_002','shop_008','item_008_002','cus_0025',5,'Vị vừa miệng, giá ổn.','positive','2026-04-24T12:00:00+07:00');
INSERT INTO "reviews" VALUES('rev_008_003','shop_008','item_008_004','cus_0065',5,'Đóng gói sạch sẽ, sẽ đặt lại.','positive','2026-01-21T12:00:00+07:00');
INSERT INTO "reviews" VALUES('rev_008_004','shop_008','item_008_004','cus_0103',4,'Vị vừa miệng, giá ổn.','positive','2026-01-24T12:00:00+07:00');
INSERT INTO "reviews" VALUES('rev_008_005','shop_008','item_008_004','cus_0009',1,'Món hơi nguội khi nhận.','negative','2026-02-14T12:00:00+07:00');
INSERT INTO "reviews" VALUES('rev_008_006','shop_008','item_008_005','cus_0098',5,'Phần ăn đầy đặn.','positive','2026-03-24T12:00:00+07:00');
INSERT INTO "reviews" VALUES('rev_008_007','shop_008','item_008_006','cus_0085',4,'Vị vừa miệng, giá ổn.','positive','2026-04-03T12:00:00+07:00');
INSERT INTO "reviews" VALUES('rev_008_008','shop_008',NULL,'cus_0052',5,'Phần ăn đầy đặn.','positive','2026-01-22T12:00:00+07:00');
INSERT INTO "reviews" VALUES('rev_008_009','shop_008','item_008_005','cus_0051',4,'Vị vừa miệng, giá ổn.','positive','2026-02-12T12:00:00+07:00');
INSERT INTO "reviews" VALUES('rev_008_010','shop_008','item_008_004','cus_0016',4,'Phần ăn đầy đặn.','positive','2026-04-07T12:00:00+07:00');
INSERT INTO "reviews" VALUES('rev_008_011','shop_008',NULL,'cus_0065',4,'Vị vừa miệng, giá ổn.','positive','2026-04-13T12:00:00+07:00');
INSERT INTO "reviews" VALUES('rev_008_012','shop_008',NULL,'cus_0027',5,'Món ngon, giao nhanh.','positive','2026-03-19T12:00:00+07:00');
INSERT INTO "reviews" VALUES('rev_009_001','shop_009','item_009_003','cus_0072',4,'Phần ăn đầy đặn.','positive','2025-12-21T12:00:00+07:00');
INSERT INTO "reviews" VALUES('rev_009_002','shop_009','item_009_003','cus_0078',5,'Đóng gói sạch sẽ, sẽ đặt lại.','positive','2026-01-28T12:00:00+07:00');
INSERT INTO "reviews" VALUES('rev_009_003','shop_009',NULL,'cus_0024',4,'Vị vừa miệng, giá ổn.','positive','2026-05-30T12:00:00+07:00');
INSERT INTO "reviews" VALUES('rev_009_004','shop_009','item_009_003','cus_0021',5,'Vị vừa miệng, giá ổn.','positive','2025-12-12T12:00:00+07:00');
INSERT INTO "reviews" VALUES('rev_009_005','shop_009',NULL,'cus_0061',4,'Món ngon, giao nhanh.','positive','2026-05-25T12:00:00+07:00');
INSERT INTO "reviews" VALUES('rev_009_006','shop_009','item_009_006','cus_0115',5,'Vị vừa miệng, giá ổn.','positive','2026-03-25T12:00:00+07:00');
INSERT INTO "reviews" VALUES('rev_009_007','shop_009',NULL,'cus_0058',5,'Đóng gói sạch sẽ, sẽ đặt lại.','positive','2026-04-26T12:00:00+07:00');
INSERT INTO "reviews" VALUES('rev_009_008','shop_009','item_009_006','cus_0099',5,'Đóng gói sạch sẽ, sẽ đặt lại.','positive','2025-12-19T12:00:00+07:00');
INSERT INTO "reviews" VALUES('rev_009_009','shop_009','item_009_006','cus_0010',5,'Đóng gói sạch sẽ, sẽ đặt lại.','positive','2026-02-03T12:00:00+07:00');
INSERT INTO "reviews" VALUES('rev_009_010','shop_009','item_009_004','cus_0001',5,'Shop chuẩn bị nhanh.','positive','2026-03-16T12:00:00+07:00');
INSERT INTO "reviews" VALUES('rev_010_001','shop_010','item_010_004','cus_0115',4,'Shop chuẩn bị nhanh.','positive','2026-02-19T12:00:00+07:00');
INSERT INTO "reviews" VALUES('rev_010_002','shop_010','item_010_001','cus_0047',5,'Món ngon, giao nhanh.','positive','2025-12-18T12:00:00+07:00');
INSERT INTO "reviews" VALUES('rev_010_003','shop_010','item_010_002','cus_0092',5,'Phần ăn đầy đặn.','positive','2026-02-25T12:00:00+07:00');
INSERT INTO "reviews" VALUES('rev_010_004','shop_010','item_010_002','cus_0060',5,'Món ngon, giao nhanh.','positive','2026-02-12T12:00:00+07:00');
INSERT INTO "reviews" VALUES('rev_010_005','shop_010','item_010_003','cus_0094',5,'Đóng gói sạch sẽ, sẽ đặt lại.','positive','2025-12-07T12:00:00+07:00');
INSERT INTO "reviews" VALUES('rev_010_006','shop_010','item_010_006','cus_0056',4,'Shop chuẩn bị nhanh.','positive','2026-02-06T12:00:00+07:00');
INSERT INTO "reviews" VALUES('rev_010_007','shop_010',NULL,'cus_0030',4,'Phần ăn đầy đặn.','positive','2026-05-15T12:00:00+07:00');
INSERT INTO "reviews" VALUES('rev_010_008','shop_010','item_010_003','cus_0097',4,'Món ngon, giao nhanh.','positive','2026-05-01T12:00:00+07:00');
INSERT INTO "reviews" VALUES('rev_010_009','shop_010','item_010_005','cus_0105',5,'Món ngon, giao nhanh.','positive','2026-04-18T12:00:00+07:00');
INSERT INTO "reviews" VALUES('rev_010_010','shop_010','item_010_004','cus_0004',5,'Vị vừa miệng, giá ổn.','positive','2026-02-25T12:00:00+07:00');
INSERT INTO "reviews" VALUES('rev_010_011','shop_010','item_010_002','cus_0072',4,'Món ngon, giao nhanh.','positive','2026-05-31T12:00:00+07:00');
INSERT INTO "reviews" VALUES('rev_011_001','shop_011',NULL,'cus_0110',4,'Món ngon, giao nhanh.','positive','2026-03-27T12:00:00+07:00');
INSERT INTO "reviews" VALUES('rev_011_002','shop_011','item_011_002','cus_0006',3,'Món ổn, không quá đặc biệt.','neutral','2026-03-06T12:00:00+07:00');
INSERT INTO "reviews" VALUES('rev_011_003','shop_011',NULL,'cus_0014',5,'Món ngon, giao nhanh.','positive','2025-12-18T12:00:00+07:00');
INSERT INTO "reviews" VALUES('rev_011_004','shop_011','item_011_001','cus_0086',4,'Shop chuẩn bị nhanh.','positive','2026-05-12T12:00:00+07:00');
INSERT INTO "reviews" VALUES('rev_011_005','shop_011',NULL,'cus_0072',5,'Phần ăn đầy đặn.','positive','2026-01-19T12:00:00+07:00');
INSERT INTO "reviews" VALUES('rev_012_001','shop_012','item_012_001','cus_0046',5,'Đóng gói sạch sẽ, sẽ đặt lại.','positive','2026-04-08T12:00:00+07:00');
INSERT INTO "reviews" VALUES('rev_012_002','shop_012',NULL,'cus_0058',4,'Shop chuẩn bị nhanh.','positive','2026-06-03T12:00:00+07:00');
INSERT INTO "reviews" VALUES('rev_012_003','shop_012','item_012_006','cus_0023',3,'Món ổn, không quá đặc biệt.','neutral','2026-05-25T12:00:00+07:00');
INSERT INTO "reviews" VALUES('rev_012_004','shop_012','item_012_006','cus_0081',5,'Shop chuẩn bị nhanh.','positive','2025-12-30T12:00:00+07:00');
INSERT INTO "reviews" VALUES('rev_012_005','shop_012','item_012_004','cus_0002',4,'Đóng gói sạch sẽ, sẽ đặt lại.','positive','2026-04-10T12:00:00+07:00');
INSERT INTO "reviews" VALUES('rev_012_006','shop_012','item_012_006','cus_0082',4,'Món ngon, giao nhanh.','positive','2026-03-11T12:00:00+07:00');
INSERT INTO "reviews" VALUES('rev_012_007','shop_012','item_012_005','cus_0047',4,'Vị vừa miệng, giá ổn.','positive','2026-04-02T12:00:00+07:00');
INSERT INTO "reviews" VALUES('rev_012_008','shop_012','item_012_005','cus_0015',4,'Phần ăn đầy đặn.','positive','2026-03-12T12:00:00+07:00');
INSERT INTO "reviews" VALUES('rev_012_009','shop_012','item_012_002','cus_0055',4,'Vị vừa miệng, giá ổn.','positive','2026-02-23T12:00:00+07:00');
INSERT INTO "reviews" VALUES('rev_012_010','shop_012','item_012_002','cus_0005',5,'Shop chuẩn bị nhanh.','positive','2026-05-04T12:00:00+07:00');
INSERT INTO "reviews" VALUES('rev_013_001','shop_013','item_013_002','cus_0064',3,'Món ổn, không quá đặc biệt.','neutral','2026-02-28T12:00:00+07:00');
INSERT INTO "reviews" VALUES('rev_013_002','shop_013','item_013_003','cus_0020',4,'Món ngon, giao nhanh.','positive','2026-03-08T12:00:00+07:00');
INSERT INTO "reviews" VALUES('rev_013_003','shop_013','item_013_006','cus_0102',4,'Món ngon, giao nhanh.','positive','2026-05-07T12:00:00+07:00');
INSERT INTO "reviews" VALUES('rev_013_004','shop_013','item_013_002','cus_0089',5,'Món ngon, giao nhanh.','positive','2026-02-10T12:00:00+07:00');
INSERT INTO "reviews" VALUES('rev_013_005','shop_013',NULL,'cus_0069',5,'Đóng gói sạch sẽ, sẽ đặt lại.','positive','2026-04-05T12:00:00+07:00');
INSERT INTO "reviews" VALUES('rev_013_006','shop_013','item_013_002','cus_0078',5,'Shop chuẩn bị nhanh.','positive','2025-12-28T12:00:00+07:00');
INSERT INTO "reviews" VALUES('rev_013_007','shop_013','item_013_006','cus_0018',5,'Vị vừa miệng, giá ổn.','positive','2025-12-13T12:00:00+07:00');
INSERT INTO "reviews" VALUES('rev_013_008','shop_013',NULL,'cus_0089',5,'Vị vừa miệng, giá ổn.','positive','2026-04-07T12:00:00+07:00');
INSERT INTO "reviews" VALUES('rev_014_001','shop_014','item_014_006','cus_0010',5,'Đóng gói sạch sẽ, sẽ đặt lại.','positive','2025-12-20T12:00:00+07:00');
INSERT INTO "reviews" VALUES('rev_014_002','shop_014',NULL,'cus_0029',5,'Vị vừa miệng, giá ổn.','positive','2026-03-11T12:00:00+07:00');
INSERT INTO "reviews" VALUES('rev_014_003','shop_014',NULL,'cus_0046',5,'Món ngon, giao nhanh.','positive','2025-12-09T12:00:00+07:00');
INSERT INTO "reviews" VALUES('rev_014_004','shop_014','item_014_005','cus_0060',4,'Đóng gói sạch sẽ, sẽ đặt lại.','positive','2026-01-13T12:00:00+07:00');
INSERT INTO "reviews" VALUES('rev_014_005','shop_014','item_014_004','cus_0010',4,'Đóng gói sạch sẽ, sẽ đặt lại.','positive','2025-12-21T12:00:00+07:00');
INSERT INTO "reviews" VALUES('rev_015_001','shop_015','item_015_005','cus_0098',3,'Giao hơi lâu nhưng vị được.','neutral','2026-03-16T12:00:00+07:00');
INSERT INTO "reviews" VALUES('rev_015_002','shop_015','item_015_001','cus_0096',5,'Shop chuẩn bị nhanh.','positive','2026-04-20T12:00:00+07:00');
INSERT INTO "reviews" VALUES('rev_015_003','shop_015','item_015_004','cus_0023',4,'Món ngon, giao nhanh.','positive','2026-04-01T12:00:00+07:00');
INSERT INTO "reviews" VALUES('rev_015_004','shop_015','item_015_003','cus_0035',2,'Khẩu phần nhỏ hơn mong đợi.','negative','2026-02-21T12:00:00+07:00');
INSERT INTO "reviews" VALUES('rev_015_005','shop_015',NULL,'cus_0034',4,'Shop chuẩn bị nhanh.','positive','2025-12-20T12:00:00+07:00');
INSERT INTO "reviews" VALUES('rev_015_006','shop_015','item_015_001','cus_0048',3,'Giao hơi lâu nhưng vị được.','neutral','2026-01-02T12:00:00+07:00');
INSERT INTO "reviews" VALUES('rev_015_007','shop_015','item_015_004','cus_0107',5,'Vị vừa miệng, giá ổn.','positive','2026-01-23T12:00:00+07:00');
INSERT INTO "reviews" VALUES('rev_015_008','shop_015','item_015_001','cus_0036',5,'Vị vừa miệng, giá ổn.','positive','2026-05-04T12:00:00+07:00');
INSERT INTO "reviews" VALUES('rev_016_001','shop_016',NULL,'cus_0014',5,'Vị vừa miệng, giá ổn.','positive','2025-12-30T12:00:00+07:00');
INSERT INTO "reviews" VALUES('rev_016_002','shop_016','item_016_001','cus_0030',2,'Khẩu phần nhỏ hơn mong đợi.','negative','2026-04-11T12:00:00+07:00');
INSERT INTO "reviews" VALUES('rev_016_003','shop_016',NULL,'cus_0043',5,'Món ngon, giao nhanh.','positive','2026-04-15T12:00:00+07:00');
INSERT INTO "reviews" VALUES('rev_016_004','shop_016','item_016_005','cus_0057',3,'Giá tạm ổn.','neutral','2026-05-01T12:00:00+07:00');
INSERT INTO "reviews" VALUES('rev_016_005','shop_016','item_016_006','cus_0067',4,'Món ngon, giao nhanh.','positive','2026-05-04T12:00:00+07:00');
INSERT INTO "reviews" VALUES('rev_016_006','shop_016','item_016_005','cus_0040',5,'Đóng gói sạch sẽ, sẽ đặt lại.','positive','2026-02-09T12:00:00+07:00');
INSERT INTO "reviews" VALUES('rev_017_001','shop_017',NULL,'cus_0079',4,'Đóng gói sạch sẽ, sẽ đặt lại.','positive','2026-04-14T12:00:00+07:00');
INSERT INTO "reviews" VALUES('rev_017_002','shop_017','item_017_005','cus_0059',5,'Món ngon, giao nhanh.','positive','2025-12-30T12:00:00+07:00');
INSERT INTO "reviews" VALUES('rev_017_003','shop_017','item_017_002','cus_0059',5,'Đóng gói sạch sẽ, sẽ đặt lại.','positive','2026-04-05T12:00:00+07:00');
INSERT INTO "reviews" VALUES('rev_017_004','shop_017',NULL,'cus_0101',5,'Món ngon, giao nhanh.','positive','2026-01-23T12:00:00+07:00');
INSERT INTO "reviews" VALUES('rev_017_005','shop_017','item_017_006','cus_0037',5,'Món ngon, giao nhanh.','positive','2026-03-01T12:00:00+07:00');
INSERT INTO "reviews" VALUES('rev_017_006','shop_017',NULL,'cus_0089',4,'Shop chuẩn bị nhanh.','positive','2026-03-03T12:00:00+07:00');
INSERT INTO "reviews" VALUES('rev_017_007','shop_017','item_017_002','cus_0067',5,'Phần ăn đầy đặn.','positive','2026-05-14T12:00:00+07:00');
INSERT INTO "reviews" VALUES('rev_017_008','shop_017',NULL,'cus_0079',4,'Món ngon, giao nhanh.','positive','2026-04-21T12:00:00+07:00');
INSERT INTO "reviews" VALUES('rev_017_009','shop_017',NULL,'cus_0055',5,'Đóng gói sạch sẽ, sẽ đặt lại.','positive','2026-04-11T12:00:00+07:00');
INSERT INTO "reviews" VALUES('rev_017_010','shop_017','item_017_004','cus_0025',5,'Món ngon, giao nhanh.','positive','2026-05-13T12:00:00+07:00');
INSERT INTO "reviews" VALUES('rev_017_011','shop_017','item_017_001','cus_0013',5,'Món ngon, giao nhanh.','positive','2025-12-17T12:00:00+07:00');
INSERT INTO "reviews" VALUES('rev_018_001','shop_018',NULL,'cus_0116',3,'Giao hơi lâu nhưng vị được.','neutral','2026-03-27T12:00:00+07:00');
INSERT INTO "reviews" VALUES('rev_018_002','shop_018','item_018_001','cus_0056',4,'Shop chuẩn bị nhanh.','positive','2026-03-15T12:00:00+07:00');
INSERT INTO "reviews" VALUES('rev_018_003','shop_018','item_018_001','cus_0005',3,'Giao hơi lâu nhưng vị được.','neutral','2026-04-14T12:00:00+07:00');
INSERT INTO "reviews" VALUES('rev_018_004','shop_018','item_018_003','cus_0065',5,'Món ngon, giao nhanh.','positive','2026-03-17T12:00:00+07:00');
INSERT INTO "reviews" VALUES('rev_018_005','shop_018',NULL,'cus_0039',3,'Giao hơi lâu nhưng vị được.','neutral','2026-04-28T12:00:00+07:00');
INSERT INTO "reviews" VALUES('rev_018_006','shop_018','item_018_005','cus_0001',4,'Vị vừa miệng, giá ổn.','positive','2026-02-24T12:00:00+07:00');
INSERT INTO "reviews" VALUES('rev_018_007','shop_018',NULL,'cus_0087',4,'Món ngon, giao nhanh.','positive','2026-05-12T12:00:00+07:00');
INSERT INTO "reviews" VALUES('rev_019_001','shop_019','item_019_002','cus_0080',4,'Vị vừa miệng, giá ổn.','positive','2026-04-11T12:00:00+07:00');
INSERT INTO "reviews" VALUES('rev_019_002','shop_019','item_019_002','cus_0038',5,'Món ngon, giao nhanh.','positive','2026-03-28T12:00:00+07:00');
INSERT INTO "reviews" VALUES('rev_019_003','shop_019','item_019_006','cus_0038',3,'Món ổn, không quá đặc biệt.','neutral','2026-04-28T12:00:00+07:00');
INSERT INTO "reviews" VALUES('rev_019_004','shop_019',NULL,'cus_0067',5,'Món ngon, giao nhanh.','positive','2026-02-07T12:00:00+07:00');
INSERT INTO "reviews" VALUES('rev_019_005','shop_019','item_019_002','cus_0061',5,'Vị vừa miệng, giá ổn.','positive','2026-01-17T12:00:00+07:00');
INSERT INTO "reviews" VALUES('rev_019_006','shop_019','item_019_002','cus_0057',5,'Phần ăn đầy đặn.','positive','2026-02-16T12:00:00+07:00');
INSERT INTO "reviews" VALUES('rev_019_007','shop_019','item_019_002','cus_0043',5,'Phần ăn đầy đặn.','positive','2026-02-23T12:00:00+07:00');
INSERT INTO "reviews" VALUES('rev_020_001','shop_020',NULL,'cus_0019',5,'Món ngon, giao nhanh.','positive','2026-01-26T12:00:00+07:00');
INSERT INTO "reviews" VALUES('rev_020_002','shop_020',NULL,'cus_0090',5,'Món ngon, giao nhanh.','positive','2026-02-28T12:00:00+07:00');
INSERT INTO "reviews" VALUES('rev_020_003','shop_020','item_020_003','cus_0081',5,'Phần ăn đầy đặn.','positive','2026-05-10T12:00:00+07:00');
INSERT INTO "reviews" VALUES('rev_020_004','shop_020',NULL,'cus_0014',5,'Vị vừa miệng, giá ổn.','positive','2026-02-27T12:00:00+07:00');
INSERT INTO "reviews" VALUES('rev_020_005','shop_020','item_020_003','cus_0028',5,'Món ngon, giao nhanh.','positive','2026-01-23T12:00:00+07:00');
INSERT INTO "reviews" VALUES('rev_020_006','shop_020','item_020_001','cus_0088',5,'Vị vừa miệng, giá ổn.','positive','2026-01-07T12:00:00+07:00');
INSERT INTO "reviews" VALUES('rev_020_007','shop_020','item_020_003','cus_0001',5,'Vị vừa miệng, giá ổn.','positive','2025-12-20T12:00:00+07:00');
INSERT INTO "reviews" VALUES('rev_020_008','shop_020','item_020_006','cus_0082',4,'Shop chuẩn bị nhanh.','positive','2026-03-07T12:00:00+07:00');
INSERT INTO "reviews" VALUES('rev_020_009','shop_020','item_020_004','cus_0046',4,'Vị vừa miệng, giá ổn.','positive','2025-12-14T12:00:00+07:00');
INSERT INTO "reviews" VALUES('rev_020_010','shop_020','item_020_006','cus_0100',3,'Giá tạm ổn.','neutral','2026-05-07T12:00:00+07:00');
INSERT INTO "reviews" VALUES('rev_021_001','shop_021','item_021_001','cus_0009',5,'Shop chuẩn bị nhanh.','positive','2026-05-15T12:00:00+07:00');
INSERT INTO "reviews" VALUES('rev_021_002','shop_021',NULL,'cus_0044',5,'Vị vừa miệng, giá ổn.','positive','2026-02-16T12:00:00+07:00');
INSERT INTO "reviews" VALUES('rev_021_003','shop_021','item_021_001','cus_0006',4,'Vị vừa miệng, giá ổn.','positive','2026-04-03T12:00:00+07:00');
INSERT INTO "reviews" VALUES('rev_021_004','shop_021',NULL,'cus_0035',5,'Đóng gói sạch sẽ, sẽ đặt lại.','positive','2026-01-31T12:00:00+07:00');
INSERT INTO "reviews" VALUES('rev_021_005','shop_021','item_021_003','cus_0052',4,'Món ngon, giao nhanh.','positive','2026-01-29T12:00:00+07:00');
INSERT INTO "reviews" VALUES('rev_022_001','shop_022','item_022_001','cus_0119',2,'Món hơi nguội khi nhận.','negative','2026-02-08T12:00:00+07:00');
INSERT INTO "reviews" VALUES('rev_022_002','shop_022','item_022_006','cus_0110',5,'Phần ăn đầy đặn.','positive','2025-12-24T12:00:00+07:00');
INSERT INTO "reviews" VALUES('rev_022_003','shop_022','item_022_002','cus_0108',3,'Giá tạm ổn.','neutral','2026-04-13T12:00:00+07:00');
INSERT INTO "reviews" VALUES('rev_022_004','shop_022','item_022_001','cus_0037',4,'Đóng gói sạch sẽ, sẽ đặt lại.','positive','2026-03-19T12:00:00+07:00');
INSERT INTO "reviews" VALUES('rev_022_005','shop_022','item_022_004','cus_0041',5,'Vị vừa miệng, giá ổn.','positive','2026-04-11T12:00:00+07:00');
INSERT INTO "reviews" VALUES('rev_023_001','shop_023',NULL,'cus_0024',3,'Giá tạm ổn.','neutral','2025-12-20T12:00:00+07:00');
INSERT INTO "reviews" VALUES('rev_023_002','shop_023','item_023_002','cus_0020',5,'Phần ăn đầy đặn.','positive','2026-03-25T12:00:00+07:00');
INSERT INTO "reviews" VALUES('rev_023_003','shop_023','item_023_005','cus_0017',3,'Giá tạm ổn.','neutral','2026-04-07T12:00:00+07:00');
INSERT INTO "reviews" VALUES('rev_023_004','shop_023',NULL,'cus_0022',4,'Vị vừa miệng, giá ổn.','positive','2026-05-27T12:00:00+07:00');
INSERT INTO "reviews" VALUES('rev_023_005','shop_023','item_023_004','cus_0031',5,'Món ngon, giao nhanh.','positive','2026-01-15T12:00:00+07:00');
INSERT INTO "reviews" VALUES('rev_023_006','shop_023','item_023_004','cus_0098',2,'Món hơi nguội khi nhận.','negative','2026-03-31T12:00:00+07:00');
INSERT INTO "reviews" VALUES('rev_023_007','shop_023','item_023_004','cus_0009',5,'Món ngon, giao nhanh.','positive','2025-12-31T12:00:00+07:00');
INSERT INTO "reviews" VALUES('rev_023_008','shop_023','item_023_002','cus_0011',4,'Vị vừa miệng, giá ổn.','positive','2026-02-15T12:00:00+07:00');
INSERT INTO "reviews" VALUES('rev_023_009','shop_023','item_023_002','cus_0076',5,'Shop chuẩn bị nhanh.','positive','2026-03-07T12:00:00+07:00');
INSERT INTO "reviews" VALUES('rev_023_010','shop_023',NULL,'cus_0035',4,'Đóng gói sạch sẽ, sẽ đặt lại.','positive','2026-02-01T12:00:00+07:00');
INSERT INTO "reviews" VALUES('rev_023_011','shop_023','item_023_004','cus_0109',5,'Đóng gói sạch sẽ, sẽ đặt lại.','positive','2026-03-02T12:00:00+07:00');
INSERT INTO "reviews" VALUES('rev_023_012','shop_023','item_023_004','cus_0038',5,'Shop chuẩn bị nhanh.','positive','2026-04-14T12:00:00+07:00');
INSERT INTO "reviews" VALUES('rev_024_001','shop_024','item_024_003','cus_0117',5,'Shop chuẩn bị nhanh.','positive','2026-05-26T12:00:00+07:00');
INSERT INTO "reviews" VALUES('rev_024_002','shop_024',NULL,'cus_0092',3,'Món ổn, không quá đặc biệt.','neutral','2026-05-13T12:00:00+07:00');
INSERT INTO "reviews" VALUES('rev_024_003','shop_024','item_024_006','cus_0119',4,'Vị vừa miệng, giá ổn.','positive','2026-03-26T12:00:00+07:00');
INSERT INTO "reviews" VALUES('rev_024_004','shop_024','item_024_001','cus_0055',5,'Shop chuẩn bị nhanh.','positive','2025-12-08T12:00:00+07:00');
INSERT INTO "reviews" VALUES('rev_024_005','shop_024',NULL,'cus_0053',4,'Vị vừa miệng, giá ổn.','positive','2026-03-15T12:00:00+07:00');
INSERT INTO "reviews" VALUES('rev_025_001','shop_025',NULL,'cus_0050',5,'Phần ăn đầy đặn.','positive','2026-05-26T12:00:00+07:00');
INSERT INTO "reviews" VALUES('rev_025_002','shop_025','item_025_003','cus_0044',3,'Giao hơi lâu nhưng vị được.','neutral','2025-12-18T12:00:00+07:00');
INSERT INTO "reviews" VALUES('rev_025_003','shop_025','item_025_002','cus_0012',4,'Phần ăn đầy đặn.','positive','2025-12-09T12:00:00+07:00');
INSERT INTO "reviews" VALUES('rev_025_004','shop_025','item_025_003','cus_0032',5,'Đóng gói sạch sẽ, sẽ đặt lại.','positive','2026-03-06T12:00:00+07:00');
INSERT INTO "reviews" VALUES('rev_025_005','shop_025','item_025_004','cus_0054',4,'Phần ăn đầy đặn.','positive','2026-03-18T12:00:00+07:00');
INSERT INTO "reviews" VALUES('rev_025_006','shop_025',NULL,'cus_0115',5,'Món ngon, giao nhanh.','positive','2026-01-27T12:00:00+07:00');
INSERT INTO "reviews" VALUES('rev_025_007','shop_025','item_025_006','cus_0033',4,'Vị vừa miệng, giá ổn.','positive','2025-12-31T12:00:00+07:00');
INSERT INTO "reviews" VALUES('rev_025_008','shop_025','item_025_004','cus_0002',5,'Món ngon, giao nhanh.','positive','2026-01-20T12:00:00+07:00');
INSERT INTO "reviews" VALUES('rev_025_009','shop_025','item_025_001','cus_0051',4,'Đóng gói sạch sẽ, sẽ đặt lại.','positive','2026-04-09T12:00:00+07:00');
INSERT INTO "reviews" VALUES('rev_025_010','shop_025',NULL,'cus_0119',5,'Món ngon, giao nhanh.','positive','2026-04-29T12:00:00+07:00');
INSERT INTO "reviews" VALUES('rev_025_011','shop_025',NULL,'cus_0087',4,'Đóng gói sạch sẽ, sẽ đặt lại.','positive','2026-04-02T12:00:00+07:00');
INSERT INTO "reviews" VALUES('rev_026_001','shop_026','item_026_006','cus_0096',2,'Món hơi nguội khi nhận.','negative','2025-12-24T12:00:00+07:00');
INSERT INTO "reviews" VALUES('rev_026_002','shop_026','item_026_006','cus_0108',3,'Món ổn, không quá đặc biệt.','neutral','2026-02-07T12:00:00+07:00');
INSERT INTO "reviews" VALUES('rev_026_003','shop_026',NULL,'cus_0099',3,'Giá tạm ổn.','neutral','2026-01-29T12:00:00+07:00');
INSERT INTO "reviews" VALUES('rev_026_004','shop_026','item_026_006','cus_0051',5,'Món ngon, giao nhanh.','positive','2026-03-04T12:00:00+07:00');
INSERT INTO "reviews" VALUES('rev_026_005','shop_026','item_026_005','cus_0031',4,'Phần ăn đầy đặn.','positive','2026-01-28T12:00:00+07:00');
INSERT INTO "reviews" VALUES('rev_026_006','shop_026','item_026_004','cus_0015',5,'Món ngon, giao nhanh.','positive','2026-02-24T12:00:00+07:00');
INSERT INTO "reviews" VALUES('rev_027_001','shop_027','item_027_001','cus_0003',5,'Đóng gói sạch sẽ, sẽ đặt lại.','positive','2025-12-13T12:00:00+07:00');
INSERT INTO "reviews" VALUES('rev_027_002','shop_027','item_027_004','cus_0083',4,'Đóng gói sạch sẽ, sẽ đặt lại.','positive','2026-03-18T12:00:00+07:00');
INSERT INTO "reviews" VALUES('rev_027_003','shop_027','item_027_004','cus_0042',4,'Món ngon, giao nhanh.','positive','2025-12-11T12:00:00+07:00');
INSERT INTO "reviews" VALUES('rev_027_004','shop_027',NULL,'cus_0040',4,'Phần ăn đầy đặn.','positive','2026-04-25T12:00:00+07:00');
INSERT INTO "reviews" VALUES('rev_027_005','shop_027','item_027_004','cus_0065',4,'Phần ăn đầy đặn.','positive','2026-04-14T12:00:00+07:00');
INSERT INTO "reviews" VALUES('rev_027_006','shop_027','item_027_006','cus_0076',3,'Giao hơi lâu nhưng vị được.','neutral','2026-03-14T12:00:00+07:00');
INSERT INTO "reviews" VALUES('rev_027_007','shop_027',NULL,'cus_0050',5,'Shop chuẩn bị nhanh.','positive','2026-01-23T12:00:00+07:00');
INSERT INTO "reviews" VALUES('rev_027_008','shop_027',NULL,'cus_0008',4,'Phần ăn đầy đặn.','positive','2026-06-01T12:00:00+07:00');
INSERT INTO "reviews" VALUES('rev_027_009','shop_027','item_027_005','cus_0055',4,'Phần ăn đầy đặn.','positive','2026-01-14T12:00:00+07:00');
INSERT INTO "reviews" VALUES('rev_028_001','shop_028',NULL,'cus_0117',5,'Món ngon, giao nhanh.','positive','2026-01-17T12:00:00+07:00');
INSERT INTO "reviews" VALUES('rev_028_002','shop_028',NULL,'cus_0094',5,'Shop chuẩn bị nhanh.','positive','2026-03-22T12:00:00+07:00');
INSERT INTO "reviews" VALUES('rev_028_003','shop_028','item_028_004','cus_0028',5,'Vị vừa miệng, giá ổn.','positive','2026-05-10T12:00:00+07:00');
INSERT INTO "reviews" VALUES('rev_028_004','shop_028','item_028_004','cus_0008',3,'Món ổn, không quá đặc biệt.','neutral','2026-06-01T12:00:00+07:00');
INSERT INTO "reviews" VALUES('rev_028_005','shop_028','item_028_005','cus_0101',5,'Món ngon, giao nhanh.','positive','2025-12-19T12:00:00+07:00');
INSERT INTO "reviews" VALUES('rev_028_006','shop_028','item_028_003','cus_0001',5,'Shop chuẩn bị nhanh.','positive','2026-06-04T12:00:00+07:00');
INSERT INTO "reviews" VALUES('rev_028_007','shop_028','item_028_002','cus_0040',2,'Giao chậm.','negative','2025-12-10T12:00:00+07:00');
INSERT INTO "reviews" VALUES('rev_028_008','shop_028','item_028_005','cus_0062',5,'Món ngon, giao nhanh.','positive','2026-03-15T12:00:00+07:00');
INSERT INTO "reviews" VALUES('rev_028_009','shop_028','item_028_005','cus_0036',4,'Vị vừa miệng, giá ổn.','positive','2026-01-23T12:00:00+07:00');
INSERT INTO "reviews" VALUES('rev_029_001','shop_029','item_029_006','cus_0009',4,'Shop chuẩn bị nhanh.','positive','2026-02-14T12:00:00+07:00');
INSERT INTO "reviews" VALUES('rev_029_002','shop_029','item_029_005','cus_0005',1,'Khẩu phần nhỏ hơn mong đợi.','negative','2026-04-29T12:00:00+07:00');
INSERT INTO "reviews" VALUES('rev_029_003','shop_029','item_029_005','cus_0072',5,'Phần ăn đầy đặn.','positive','2026-03-07T12:00:00+07:00');
INSERT INTO "reviews" VALUES('rev_029_004','shop_029','item_029_005','cus_0058',2,'Món hơi nguội khi nhận.','negative','2026-02-20T12:00:00+07:00');
INSERT INTO "reviews" VALUES('rev_029_005','shop_029','item_029_004','cus_0080',5,'Vị vừa miệng, giá ổn.','positive','2026-03-30T12:00:00+07:00');
INSERT INTO "reviews" VALUES('rev_029_006','shop_029','item_029_006','cus_0103',5,'Đóng gói sạch sẽ, sẽ đặt lại.','positive','2026-05-08T12:00:00+07:00');
INSERT INTO "reviews" VALUES('rev_029_007','shop_029','item_029_003','cus_0013',5,'Vị vừa miệng, giá ổn.','positive','2026-03-01T12:00:00+07:00');
INSERT INTO "reviews" VALUES('rev_029_008','shop_029','item_029_001','cus_0074',4,'Phần ăn đầy đặn.','positive','2026-05-20T12:00:00+07:00');
INSERT INTO "reviews" VALUES('rev_030_001','shop_030','item_030_006','cus_0030',5,'Shop chuẩn bị nhanh.','positive','2026-03-01T12:00:00+07:00');
INSERT INTO "reviews" VALUES('rev_030_002','shop_030','item_030_002','cus_0050',5,'Shop chuẩn bị nhanh.','positive','2025-12-17T12:00:00+07:00');
INSERT INTO "reviews" VALUES('rev_030_003','shop_030','item_030_005','cus_0070',5,'Vị vừa miệng, giá ổn.','positive','2025-12-13T12:00:00+07:00');
INSERT INTO "reviews" VALUES('rev_030_004','shop_030','item_030_004','cus_0020',5,'Đóng gói sạch sẽ, sẽ đặt lại.','positive','2026-04-16T12:00:00+07:00');
INSERT INTO "reviews" VALUES('rev_030_005','shop_030','item_030_004','cus_0063',4,'Shop chuẩn bị nhanh.','positive','2026-03-27T12:00:00+07:00');
INSERT INTO "reviews" VALUES('rev_030_006','shop_030','item_030_001','cus_0004',1,'Khẩu phần nhỏ hơn mong đợi.','negative','2026-05-13T12:00:00+07:00');
INSERT INTO "reviews" VALUES('rev_030_007','shop_030','item_030_002','cus_0005',5,'Shop chuẩn bị nhanh.','positive','2026-02-24T12:00:00+07:00');
INSERT INTO "reviews" VALUES('rev_030_008','shop_030',NULL,'cus_0120',5,'Shop chuẩn bị nhanh.','positive','2026-02-11T12:00:00+07:00');
INSERT INTO "reviews" VALUES('rev_030_009','shop_030',NULL,'cus_0099',5,'Phần ăn đầy đặn.','positive','2026-01-04T12:00:00+07:00');
INSERT INTO "reviews" VALUES('rev_030_010','shop_030',NULL,'cus_0099',5,'Shop chuẩn bị nhanh.','positive','2026-02-21T12:00:00+07:00');
INSERT INTO "reviews" VALUES('rev_031_001','shop_031','item_031_005','cus_0057',5,'Shop chuẩn bị nhanh.','positive','2026-03-17T12:00:00+07:00');
INSERT INTO "reviews" VALUES('rev_031_002','shop_031','item_031_003','cus_0105',5,'Đóng gói sạch sẽ, sẽ đặt lại.','positive','2026-03-31T12:00:00+07:00');
INSERT INTO "reviews" VALUES('rev_031_003','shop_031','item_031_003','cus_0063',5,'Đóng gói sạch sẽ, sẽ đặt lại.','positive','2026-02-10T12:00:00+07:00');
INSERT INTO "reviews" VALUES('rev_031_004','shop_031','item_031_002','cus_0042',5,'Đóng gói sạch sẽ, sẽ đặt lại.','positive','2026-06-01T12:00:00+07:00');
INSERT INTO "reviews" VALUES('rev_031_005','shop_031',NULL,'cus_0024',4,'Vị vừa miệng, giá ổn.','positive','2026-05-28T12:00:00+07:00');
INSERT INTO "reviews" VALUES('rev_031_006','shop_031','item_031_004','cus_0001',5,'Đóng gói sạch sẽ, sẽ đặt lại.','positive','2026-03-15T12:00:00+07:00');
INSERT INTO "reviews" VALUES('rev_031_007','shop_031','item_031_005','cus_0087',4,'Shop chuẩn bị nhanh.','positive','2026-01-15T12:00:00+07:00');
INSERT INTO "reviews" VALUES('rev_032_001','shop_032','item_032_001','cus_0035',3,'Món ổn, không quá đặc biệt.','neutral','2026-05-31T12:00:00+07:00');
INSERT INTO "reviews" VALUES('rev_032_002','shop_032','item_032_005','cus_0073',5,'Vị vừa miệng, giá ổn.','positive','2026-02-12T12:00:00+07:00');
INSERT INTO "reviews" VALUES('rev_032_003','shop_032','item_032_004','cus_0118',5,'Món ngon, giao nhanh.','positive','2026-02-05T12:00:00+07:00');
INSERT INTO "reviews" VALUES('rev_032_004','shop_032','item_032_001','cus_0107',5,'Đóng gói sạch sẽ, sẽ đặt lại.','positive','2026-05-10T12:00:00+07:00');
INSERT INTO "reviews" VALUES('rev_032_005','shop_032','item_032_002','cus_0043',2,'Khẩu phần nhỏ hơn mong đợi.','negative','2026-05-16T12:00:00+07:00');
INSERT INTO "reviews" VALUES('rev_032_006','shop_032',NULL,'cus_0098',4,'Món ngon, giao nhanh.','positive','2026-05-05T12:00:00+07:00');
INSERT INTO "reviews" VALUES('rev_032_007','shop_032','item_032_003','cus_0039',4,'Vị vừa miệng, giá ổn.','positive','2025-12-08T12:00:00+07:00');
INSERT INTO "reviews" VALUES('rev_033_001','shop_033','item_033_004','cus_0116',5,'Phần ăn đầy đặn.','positive','2026-03-19T12:00:00+07:00');
INSERT INTO "reviews" VALUES('rev_033_002','shop_033','item_033_002','cus_0048',5,'Phần ăn đầy đặn.','positive','2026-01-03T12:00:00+07:00');
INSERT INTO "reviews" VALUES('rev_033_003','shop_033',NULL,'cus_0021',4,'Vị vừa miệng, giá ổn.','positive','2026-05-29T12:00:00+07:00');
INSERT INTO "reviews" VALUES('rev_033_004','shop_033',NULL,'cus_0001',4,'Món ngon, giao nhanh.','positive','2026-03-09T12:00:00+07:00');
INSERT INTO "reviews" VALUES('rev_033_005','shop_033','item_033_002','cus_0084',5,'Đóng gói sạch sẽ, sẽ đặt lại.','positive','2026-01-05T12:00:00+07:00');
INSERT INTO "reviews" VALUES('rev_033_006','shop_033','item_033_002','cus_0096',5,'Shop chuẩn bị nhanh.','positive','2026-05-26T12:00:00+07:00');
INSERT INTO "reviews" VALUES('rev_033_007','shop_033','item_033_005','cus_0012',4,'Đóng gói sạch sẽ, sẽ đặt lại.','positive','2026-05-11T12:00:00+07:00');
INSERT INTO "reviews" VALUES('rev_033_008','shop_033','item_033_003','cus_0053',3,'Món ổn, không quá đặc biệt.','neutral','2026-01-31T12:00:00+07:00');
INSERT INTO "reviews" VALUES('rev_034_001','shop_034','item_034_003','cus_0099',5,'Vị vừa miệng, giá ổn.','positive','2026-02-07T12:00:00+07:00');
INSERT INTO "reviews" VALUES('rev_034_002','shop_034',NULL,'cus_0083',3,'Giá tạm ổn.','neutral','2025-12-25T12:00:00+07:00');
INSERT INTO "reviews" VALUES('rev_034_003','shop_034','item_034_001','cus_0022',4,'Vị vừa miệng, giá ổn.','positive','2025-12-29T12:00:00+07:00');
INSERT INTO "reviews" VALUES('rev_034_004','shop_034','item_034_006','cus_0079',5,'Đóng gói sạch sẽ, sẽ đặt lại.','positive','2026-04-22T12:00:00+07:00');
INSERT INTO "reviews" VALUES('rev_034_005','shop_034',NULL,'cus_0090',5,'Đóng gói sạch sẽ, sẽ đặt lại.','positive','2025-12-26T12:00:00+07:00');
INSERT INTO "reviews" VALUES('rev_034_006','shop_034','item_034_006','cus_0079',4,'Vị vừa miệng, giá ổn.','positive','2026-05-30T12:00:00+07:00');
INSERT INTO "reviews" VALUES('rev_034_007','shop_034',NULL,'cus_0046',5,'Đóng gói sạch sẽ, sẽ đặt lại.','positive','2026-04-21T12:00:00+07:00');
INSERT INTO "reviews" VALUES('rev_035_001','shop_035',NULL,'cus_0052',4,'Shop chuẩn bị nhanh.','positive','2026-02-23T12:00:00+07:00');
INSERT INTO "reviews" VALUES('rev_035_002','shop_035','item_035_001','cus_0103',5,'Món ngon, giao nhanh.','positive','2026-05-15T12:00:00+07:00');
INSERT INTO "reviews" VALUES('rev_035_003','shop_035',NULL,'cus_0059',5,'Vị vừa miệng, giá ổn.','positive','2026-02-23T12:00:00+07:00');
INSERT INTO "reviews" VALUES('rev_035_004','shop_035','item_035_003','cus_0106',5,'Món ngon, giao nhanh.','positive','2026-01-13T12:00:00+07:00');
INSERT INTO "reviews" VALUES('rev_035_005','shop_035',NULL,'cus_0074',2,'Khẩu phần nhỏ hơn mong đợi.','negative','2026-04-11T12:00:00+07:00');
INSERT INTO "reviews" VALUES('rev_035_006','shop_035','item_035_005','cus_0067',5,'Phần ăn đầy đặn.','positive','2026-03-12T12:00:00+07:00');
INSERT INTO "reviews" VALUES('rev_035_007','shop_035','item_035_004','cus_0019',5,'Món ngon, giao nhanh.','positive','2026-06-04T12:00:00+07:00');
INSERT INTO "reviews" VALUES('rev_035_008','shop_035',NULL,'cus_0093',5,'Shop chuẩn bị nhanh.','positive','2026-01-07T12:00:00+07:00');
INSERT INTO "reviews" VALUES('rev_035_009','shop_035','item_035_003','cus_0020',4,'Shop chuẩn bị nhanh.','positive','2026-05-06T12:00:00+07:00');
INSERT INTO "reviews" VALUES('rev_036_001','shop_036','item_036_005','cus_0066',1,'Khẩu phần nhỏ hơn mong đợi.','negative','2026-05-15T12:00:00+07:00');
INSERT INTO "reviews" VALUES('rev_036_002','shop_036','item_036_001','cus_0106',5,'Món ngon, giao nhanh.','positive','2026-04-04T12:00:00+07:00');
INSERT INTO "reviews" VALUES('rev_036_003','shop_036','item_036_004','cus_0099',5,'Đóng gói sạch sẽ, sẽ đặt lại.','positive','2026-05-12T12:00:00+07:00');
INSERT INTO "reviews" VALUES('rev_036_004','shop_036',NULL,'cus_0114',3,'Giá tạm ổn.','neutral','2026-03-18T12:00:00+07:00');
INSERT INTO "reviews" VALUES('rev_036_005','shop_036','item_036_004','cus_0065',5,'Vị vừa miệng, giá ổn.','positive','2026-03-16T12:00:00+07:00');
INSERT INTO "reviews" VALUES('rev_036_006','shop_036','item_036_002','cus_0022',5,'Phần ăn đầy đặn.','positive','2026-01-22T12:00:00+07:00');
INSERT INTO "reviews" VALUES('rev_036_007','shop_036','item_036_002','cus_0010',5,'Shop chuẩn bị nhanh.','positive','2025-12-18T12:00:00+07:00');
INSERT INTO "reviews" VALUES('rev_036_008','shop_036','item_036_005','cus_0119',5,'Đóng gói sạch sẽ, sẽ đặt lại.','positive','2026-03-01T12:00:00+07:00');
INSERT INTO "reviews" VALUES('rev_036_009','shop_036','item_036_005','cus_0068',4,'Shop chuẩn bị nhanh.','positive','2026-04-09T12:00:00+07:00');
INSERT INTO "reviews" VALUES('rev_036_010','shop_036','item_036_004','cus_0073',5,'Món ngon, giao nhanh.','positive','2026-05-01T12:00:00+07:00');
INSERT INTO "reviews" VALUES('rev_037_001','shop_037',NULL,'cus_0003',5,'Đóng gói sạch sẽ, sẽ đặt lại.','positive','2026-04-10T12:00:00+07:00');
INSERT INTO "reviews" VALUES('rev_037_002','shop_037',NULL,'cus_0055',4,'Đóng gói sạch sẽ, sẽ đặt lại.','positive','2026-03-20T12:00:00+07:00');
INSERT INTO "reviews" VALUES('rev_037_003','shop_037','item_037_001','cus_0098',5,'Shop chuẩn bị nhanh.','positive','2026-04-08T12:00:00+07:00');
INSERT INTO "reviews" VALUES('rev_037_004','shop_037','item_037_002','cus_0080',4,'Vị vừa miệng, giá ổn.','positive','2026-04-20T12:00:00+07:00');
INSERT INTO "reviews" VALUES('rev_037_005','shop_037','item_037_003','cus_0009',5,'Món ngon, giao nhanh.','positive','2026-01-17T12:00:00+07:00');
INSERT INTO "reviews" VALUES('rev_037_006','shop_037','item_037_005','cus_0120',4,'Shop chuẩn bị nhanh.','positive','2026-02-24T12:00:00+07:00');
INSERT INTO "reviews" VALUES('rev_037_007','shop_037','item_037_006','cus_0108',5,'Phần ăn đầy đặn.','positive','2025-12-29T12:00:00+07:00');
INSERT INTO "reviews" VALUES('rev_037_008','shop_037','item_037_005','cus_0051',4,'Phần ăn đầy đặn.','positive','2026-01-01T12:00:00+07:00');
INSERT INTO "reviews" VALUES('rev_037_009','shop_037',NULL,'cus_0115',4,'Shop chuẩn bị nhanh.','positive','2026-05-11T12:00:00+07:00');
INSERT INTO "reviews" VALUES('rev_038_001','shop_038','item_038_003','cus_0013',5,'Đóng gói sạch sẽ, sẽ đặt lại.','positive','2026-03-27T12:00:00+07:00');
INSERT INTO "reviews" VALUES('rev_038_002','shop_038','item_038_002','cus_0059',5,'Vị vừa miệng, giá ổn.','positive','2026-03-09T12:00:00+07:00');
INSERT INTO "reviews" VALUES('rev_038_003','shop_038',NULL,'cus_0040',5,'Món ngon, giao nhanh.','positive','2026-04-05T12:00:00+07:00');
INSERT INTO "reviews" VALUES('rev_038_004','shop_038','item_038_004','cus_0067',2,'Món hơi nguội khi nhận.','negative','2025-12-25T12:00:00+07:00');
INSERT INTO "reviews" VALUES('rev_038_005','shop_038','item_038_006','cus_0058',5,'Món ngon, giao nhanh.','positive','2026-05-02T12:00:00+07:00');
INSERT INTO "reviews" VALUES('rev_038_006','shop_038','item_038_005','cus_0032',5,'Món ngon, giao nhanh.','positive','2026-01-06T12:00:00+07:00');
INSERT INTO "reviews" VALUES('rev_038_007','shop_038','item_038_002','cus_0055',5,'Phần ăn đầy đặn.','positive','2026-01-10T12:00:00+07:00');
INSERT INTO "reviews" VALUES('rev_038_008','shop_038','item_038_004','cus_0087',5,'Đóng gói sạch sẽ, sẽ đặt lại.','positive','2026-05-03T12:00:00+07:00');
INSERT INTO "reviews" VALUES('rev_039_001','shop_039','item_039_003','cus_0036',4,'Vị vừa miệng, giá ổn.','positive','2025-12-14T12:00:00+07:00');
INSERT INTO "reviews" VALUES('rev_039_002','shop_039','item_039_002','cus_0058',3,'Giao hơi lâu nhưng vị được.','neutral','2026-03-21T12:00:00+07:00');
INSERT INTO "reviews" VALUES('rev_039_003','shop_039','item_039_003','cus_0104',4,'Món ngon, giao nhanh.','positive','2026-03-12T12:00:00+07:00');
INSERT INTO "reviews" VALUES('rev_039_004','shop_039','item_039_003','cus_0032',5,'Shop chuẩn bị nhanh.','positive','2025-12-27T12:00:00+07:00');
INSERT INTO "reviews" VALUES('rev_039_005','shop_039','item_039_006','cus_0083',5,'Món ngon, giao nhanh.','positive','2026-04-15T12:00:00+07:00');
INSERT INTO "reviews" VALUES('rev_039_006','shop_039','item_039_004','cus_0117',5,'Vị vừa miệng, giá ổn.','positive','2026-03-28T12:00:00+07:00');
INSERT INTO "reviews" VALUES('rev_040_001','shop_040','item_040_001','cus_0012',4,'Món ngon, giao nhanh.','positive','2026-05-03T12:00:00+07:00');
INSERT INTO "reviews" VALUES('rev_040_002','shop_040','item_040_004','cus_0029',2,'Món hơi nguội khi nhận.','negative','2026-04-17T12:00:00+07:00');
INSERT INTO "reviews" VALUES('rev_040_003','shop_040',NULL,'cus_0059',4,'Đóng gói sạch sẽ, sẽ đặt lại.','positive','2026-02-20T12:00:00+07:00');
INSERT INTO "reviews" VALUES('rev_040_004','shop_040','item_040_004','cus_0050',5,'Shop chuẩn bị nhanh.','positive','2026-01-12T12:00:00+07:00');
INSERT INTO "reviews" VALUES('rev_040_005','shop_040','item_040_003','cus_0072',4,'Món ngon, giao nhanh.','positive','2026-02-06T12:00:00+07:00');
INSERT INTO "reviews" VALUES('rev_040_006','shop_040','item_040_005','cus_0060',3,'Giao hơi lâu nhưng vị được.','neutral','2026-05-23T12:00:00+07:00');
INSERT INTO "reviews" VALUES('rev_040_007','shop_040','item_040_002','cus_0113',5,'Món ngon, giao nhanh.','positive','2026-01-14T12:00:00+07:00');
INSERT INTO "reviews" VALUES('rev_040_008','shop_040','item_040_006','cus_0004',5,'Shop chuẩn bị nhanh.','positive','2026-05-06T12:00:00+07:00');
INSERT INTO "reviews" VALUES('rev_040_009','shop_040','item_040_003','cus_0102',4,'Món ngon, giao nhanh.','positive','2025-12-20T12:00:00+07:00');
INSERT INTO "reviews" VALUES('rev_041_001','shop_041','item_041_001','cus_0063',5,'Món ngon, giao nhanh.','positive','2026-03-04T12:00:00+07:00');
INSERT INTO "reviews" VALUES('rev_041_002','shop_041','item_041_002','cus_0040',4,'Đóng gói sạch sẽ, sẽ đặt lại.','positive','2026-04-03T12:00:00+07:00');
INSERT INTO "reviews" VALUES('rev_041_003','shop_041','item_041_001','cus_0070',5,'Phần ăn đầy đặn.','positive','2026-01-16T12:00:00+07:00');
INSERT INTO "reviews" VALUES('rev_041_004','shop_041',NULL,'cus_0082',4,'Shop chuẩn bị nhanh.','positive','2026-02-21T12:00:00+07:00');
INSERT INTO "reviews" VALUES('rev_041_005','shop_041','item_041_006','cus_0078',5,'Đóng gói sạch sẽ, sẽ đặt lại.','positive','2026-02-16T12:00:00+07:00');
INSERT INTO "reviews" VALUES('rev_041_006','shop_041','item_041_006','cus_0003',5,'Phần ăn đầy đặn.','positive','2026-04-11T12:00:00+07:00');
INSERT INTO "reviews" VALUES('rev_041_007','shop_041','item_041_005','cus_0027',5,'Đóng gói sạch sẽ, sẽ đặt lại.','positive','2026-04-06T12:00:00+07:00');
INSERT INTO "reviews" VALUES('rev_041_008','shop_041','item_041_005','cus_0062',5,'Món ngon, giao nhanh.','positive','2026-04-25T12:00:00+07:00');
INSERT INTO "reviews" VALUES('rev_041_009','shop_041','item_041_001','cus_0004',5,'Phần ăn đầy đặn.','positive','2026-03-01T12:00:00+07:00');
INSERT INTO "reviews" VALUES('rev_041_010','shop_041','item_041_005','cus_0071',4,'Vị vừa miệng, giá ổn.','positive','2026-01-18T12:00:00+07:00');
INSERT INTO "reviews" VALUES('rev_042_001','shop_042','item_042_005','cus_0101',4,'Phần ăn đầy đặn.','positive','2026-03-14T12:00:00+07:00');
INSERT INTO "reviews" VALUES('rev_042_002','shop_042',NULL,'cus_0118',5,'Món ngon, giao nhanh.','positive','2026-05-10T12:00:00+07:00');
INSERT INTO "reviews" VALUES('rev_042_003','shop_042','item_042_006','cus_0040',3,'Giao hơi lâu nhưng vị được.','neutral','2026-01-15T12:00:00+07:00');
INSERT INTO "reviews" VALUES('rev_042_004','shop_042','item_042_004','cus_0048',4,'Vị vừa miệng, giá ổn.','positive','2026-03-07T12:00:00+07:00');
INSERT INTO "reviews" VALUES('rev_042_005','shop_042','item_042_005','cus_0098',3,'Món ổn, không quá đặc biệt.','neutral','2026-04-08T12:00:00+07:00');
INSERT INTO "reviews" VALUES('rev_042_006','shop_042','item_042_002','cus_0040',5,'Phần ăn đầy đặn.','positive','2026-03-19T12:00:00+07:00');
INSERT INTO "reviews" VALUES('rev_042_007','shop_042',NULL,'cus_0073',4,'Món ngon, giao nhanh.','positive','2026-02-25T12:00:00+07:00');
INSERT INTO "reviews" VALUES('rev_042_008','shop_042','item_042_002','cus_0119',5,'Đóng gói sạch sẽ, sẽ đặt lại.','positive','2026-05-27T12:00:00+07:00');
INSERT INTO "reviews" VALUES('rev_043_001','shop_043',NULL,'cus_0038',4,'Món ngon, giao nhanh.','positive','2026-01-14T12:00:00+07:00');
INSERT INTO "reviews" VALUES('rev_043_002','shop_043','item_043_001','cus_0025',4,'Shop chuẩn bị nhanh.','positive','2026-05-11T12:00:00+07:00');
INSERT INTO "reviews" VALUES('rev_043_003','shop_043','item_043_005','cus_0057',5,'Shop chuẩn bị nhanh.','positive','2026-04-02T12:00:00+07:00');
INSERT INTO "reviews" VALUES('rev_043_004','shop_043','item_043_002','cus_0035',5,'Shop chuẩn bị nhanh.','positive','2026-01-20T12:00:00+07:00');
INSERT INTO "reviews" VALUES('rev_043_005','shop_043',NULL,'cus_0076',4,'Món ngon, giao nhanh.','positive','2026-01-29T12:00:00+07:00');
INSERT INTO "reviews" VALUES('rev_043_006','shop_043',NULL,'cus_0021',5,'Shop chuẩn bị nhanh.','positive','2026-05-30T12:00:00+07:00');
INSERT INTO "reviews" VALUES('rev_044_001','shop_044','item_044_006','cus_0047',1,'Món hơi nguội khi nhận.','negative','2026-01-12T12:00:00+07:00');
INSERT INTO "reviews" VALUES('rev_044_002','shop_044',NULL,'cus_0106',5,'Đóng gói sạch sẽ, sẽ đặt lại.','positive','2026-04-13T12:00:00+07:00');
INSERT INTO "reviews" VALUES('rev_044_003','shop_044','item_044_003','cus_0052',4,'Vị vừa miệng, giá ổn.','positive','2026-03-05T12:00:00+07:00');
INSERT INTO "reviews" VALUES('rev_044_004','shop_044','item_044_006','cus_0043',5,'Vị vừa miệng, giá ổn.','positive','2026-02-04T12:00:00+07:00');
INSERT INTO "reviews" VALUES('rev_044_005','shop_044',NULL,'cus_0071',5,'Món ngon, giao nhanh.','positive','2026-05-03T12:00:00+07:00');
INSERT INTO "reviews" VALUES('rev_044_006','shop_044','item_044_001','cus_0018',4,'Vị vừa miệng, giá ổn.','positive','2026-04-30T12:00:00+07:00');
INSERT INTO "reviews" VALUES('rev_044_007','shop_044','item_044_003','cus_0045',4,'Vị vừa miệng, giá ổn.','positive','2025-12-28T12:00:00+07:00');
INSERT INTO "reviews" VALUES('rev_044_008','shop_044','item_044_001','cus_0098',5,'Vị vừa miệng, giá ổn.','positive','2026-01-26T12:00:00+07:00');
CREATE TABLE shop_addresses (
  id TEXT PRIMARY KEY,
  shop_id TEXT NOT NULL UNIQUE,
  ward_id TEXT NOT NULL,
  street_address TEXT NOT NULL,
  full_address TEXT NOT NULL,
  landmark TEXT,
  latitude REAL NOT NULL,
  longitude REAL NOT NULL,
  geohash TEXT,
  delivery_radius_km REAL NOT NULL DEFAULT 5,
  parking_available INTEGER NOT NULL DEFAULT 0,
  dine_in_available INTEGER NOT NULL DEFAULT 0,
  FOREIGN KEY (shop_id) REFERENCES shops(id) ON DELETE CASCADE,
  FOREIGN KEY (ward_id) REFERENCES wards(id)
);
INSERT INTO "shop_addresses" VALUES('addr_001','shop_001','ward_ben_thanh','94 Phan Bội Châu','94 Phan Bội Châu, Phường Bến Thành, Quận 1, TP. Hồ Chí Minh','gần công viên',10.774997,106.697233,'w3gv9705',4.3,1,0);
INSERT INTO "shop_addresses" VALUES('addr_002','shop_002','ward_da_kao','Hẻm 207/190 Nguyễn Đình Chiểu','Hẻm 207/190 Nguyễn Đình Chiểu, Phường Đa Kao, Quận 1, TP. Hồ Chí Minh','khu ăn uống',10.790668,106.69868,'w3gv5613',3.2,0,0);
INSERT INTO "shop_addresses" VALUES('addr_003','shop_003','ward_ben_nghe','170 Lê Lợi','170 Lê Lợi, Phường Bến Nghé, Quận 1, TP. Hồ Chí Minh','mặt tiền đường',10.777832,106.700967,'w3gv6873',3.6,1,0);
INSERT INTO "shop_addresses" VALUES('addr_004','shop_004','ward_nguyen_thai_binh','46 Yersin','46 Yersin, Phường Nguyễn Thái Bình, Quận 1, TP. Hồ Chí Minh','mặt tiền đường',10.765494,106.699933,'w3gv7756',6.2,1,0);
INSERT INTO "shop_addresses" VALUES('addr_005','shop_005','ward_cau_ong_lanh','39 Đề Thám','39 Đề Thám, Phường Cầu Ông Lãnh, Quận 1, TP. Hồ Chí Minh','hẻm xe máy',10.767938,106.693152,'w3gv8263',5.3,1,0);
INSERT INTO "shop_addresses" VALUES('addr_006','shop_006','ward_tan_dinh','197 Võ Thị Sáu','197 Võ Thị Sáu, Phường Tân Định, Quận 1, TP. Hồ Chí Minh','hẻm xe máy',10.794637,106.693534,'w3gv2024',4.3,0,1);
INSERT INTO "shop_addresses" VALUES('addr_007','shop_007','ward_ben_thanh','220 Nguyễn Trung Trực','220 Nguyễn Trung Trực, Phường Bến Thành, Quận 1, TP. Hồ Chí Minh','hẻm xe máy',10.774813,106.695116,'w3gv3041',3.7,0,0);
INSERT INTO "shop_addresses" VALUES('addr_008','shop_008','ward_nguyen_cu_trinh','197 Trần Đình Xu','197 Trần Đình Xu, Phường Nguyễn Cư Trinh, Quận 1, TP. Hồ Chí Minh','mặt tiền đường',10.760948,106.688016,'w3gv1190',3.1,1,0);
INSERT INTO "shop_addresses" VALUES('addr_009','shop_009','ward_ben_nghe','147 Đồng Khởi','147 Đồng Khởi, Phường Bến Nghé, Quận 1, TP. Hồ Chí Minh','gần tòa nhà văn phòng',10.776256,106.702768,'w3gv6589',3.9,0,0);
INSERT INTO "shop_addresses" VALUES('addr_010','shop_010','ward_ben_nghe','168 Hai Bà Trưng','168 Hai Bà Trưng, Phường Bến Nghé, Quận 1, TP. Hồ Chí Minh','gần tòa nhà văn phòng',10.78321,106.705723,'w3gv5107',3.6,1,1);
INSERT INTO "shop_addresses" VALUES('addr_011','shop_011','ward_cau_kho','202 Nguyễn Văn Cừ','202 Nguyễn Văn Cừ, Phường Cầu Kho, Quận 1, TP. Hồ Chí Minh','gần tòa nhà văn phòng',10.756856,106.690981,'w3gv8787',5.2,1,0);
INSERT INTO "shop_addresses" VALUES('addr_012','shop_012','ward_da_kao','67 Mai Thị Lựu','67 Mai Thị Lựu, Phường Đa Kao, Quận 1, TP. Hồ Chí Minh','gần tòa nhà văn phòng',10.790509,106.701512,'w3gv4823',6.5,0,0);
INSERT INTO "shop_addresses" VALUES('addr_013','shop_013','ward_ben_thanh','87 Lý Tự Trọng','87 Lý Tự Trọng, Phường Bến Thành, Quận 1, TP. Hồ Chí Minh','hẻm xe máy',10.770486,106.698337,'w3gv9974',5.4,1,0);
INSERT INTO "shop_addresses" VALUES('addr_014','shop_014','ward_nguyen_thai_binh','48 Phó Đức Chính','48 Phó Đức Chính, Phường Nguyễn Thái Bình, Quận 1, TP. Hồ Chí Minh','khu ăn uống',10.767906,106.703311,'w3gv7920',4.9,0,0);
INSERT INTO "shop_addresses" VALUES('addr_015','shop_015','ward_ben_nghe','55 Mạc Thị Bưởi','55 Mạc Thị Bưởi, Phường Bến Nghé, Quận 1, TP. Hồ Chí Minh','gần công viên',10.780757,106.707639,'w3gv9131',4.0,0,1);
INSERT INTO "shop_addresses" VALUES('addr_016','shop_016','ward_tan_dinh','Hẻm 77/190 Nguyễn Hữu Cầu','Hẻm 77/190 Nguyễn Hữu Cầu, Phường Tân Định, Quận 1, TP. Hồ Chí Minh','gần chợ',10.789933,106.690592,'w3gv1508',3.6,1,0);
INSERT INTO "shop_addresses" VALUES('addr_017','shop_017','ward_ben_thanh','97 Lê Thánh Tôn','97 Lê Thánh Tôn, Phường Bến Thành, Quận 1, TP. Hồ Chí Minh','đối diện trường học',10.775029,106.695009,'w3gv3789',4.9,1,0);
INSERT INTO "shop_addresses" VALUES('addr_018','shop_018','ward_cau_kho','102 Trần Đình Xu','102 Trần Đình Xu, Phường Cầu Kho, Quận 1, TP. Hồ Chí Minh','gần tòa nhà văn phòng',10.761434,106.687313,'w3gv3147',6.2,1,0);
INSERT INTO "shop_addresses" VALUES('addr_019','shop_019','ward_nguyen_cu_trinh','106 Trần Đình Xu','106 Trần Đình Xu, Phường Nguyễn Cư Trinh, Quận 1, TP. Hồ Chí Minh','gần công viên',10.759938,106.688679,'w3gv5780',4.8,0,1);
INSERT INTO "shop_addresses" VALUES('addr_020','shop_020','ward_da_kao','29 Mai Thị Lựu','29 Mai Thị Lựu, Phường Đa Kao, Quận 1, TP. Hồ Chí Minh','gần công viên',10.785874,106.698586,'w3gv8836',3.5,0,0);
INSERT INTO "shop_addresses" VALUES('addr_021','shop_021','ward_ben_nghe','146 Nguyễn Huệ','146 Nguyễn Huệ, Phường Bến Nghé, Quận 1, TP. Hồ Chí Minh','mặt tiền đường',10.782896,106.703009,'w3gv4278',6.4,1,0);
INSERT INTO "shop_addresses" VALUES('addr_022','shop_022','ward_cau_ong_lanh','141 Cô Giang','141 Cô Giang, Phường Cầu Ông Lãnh, Quận 1, TP. Hồ Chí Minh','gần chợ',10.764801,106.69773,'w3gv7649',4.6,1,0);
INSERT INTO "shop_addresses" VALUES('addr_023','shop_023','ward_ben_thanh','152 Trương Định','152 Trương Định, Phường Bến Thành, Quận 1, TP. Hồ Chí Minh','khu ăn uống',10.77087,106.695812,'w3gv2205',4.4,1,1);
INSERT INTO "shop_addresses" VALUES('addr_024','shop_024','ward_tan_dinh','Hẻm 46/181 Hai Bà Trưng','Hẻm 46/181 Hai Bà Trưng, Phường Tân Định, Quận 1, TP. Hồ Chí Minh','đối diện trường học',10.795929,106.6893,'w3gv7435',3.1,1,0);
INSERT INTO "shop_addresses" VALUES('addr_025','shop_025','ward_ben_nghe','170 Lê Lợi','170 Lê Lợi, Phường Bến Nghé, Quận 1, TP. Hồ Chí Minh','mặt tiền đường',10.778341,106.702005,'w3gv9906',6.0,0,1);
INSERT INTO "shop_addresses" VALUES('addr_026','shop_026','ward_nguyen_thai_binh','217 Phó Đức Chính','217 Phó Đức Chính, Phường Nguyễn Thái Bình, Quận 1, TP. Hồ Chí Minh','gần tòa nhà văn phòng',10.770796,106.698751,'w3gv8141',6.4,1,1);
INSERT INTO "shop_addresses" VALUES('addr_027','shop_027','ward_cau_kho','7 Trần Đình Xu','7 Trần Đình Xu, Phường Cầu Kho, Quận 1, TP. Hồ Chí Minh','gần chợ',10.759622,106.691541,'w3gv5854',6.0,1,0);
INSERT INTO "shop_addresses" VALUES('addr_028','shop_028','ward_da_kao','43 Nguyễn Văn Thủ','43 Nguyễn Văn Thủ, Phường Đa Kao, Quận 1, TP. Hồ Chí Minh','hẻm xe máy',10.792032,106.699618,'w3gv6209',5.3,1,0);
INSERT INTO "shop_addresses" VALUES('addr_029','shop_029','ward_nguyen_cu_trinh','139 Cống Quỳnh','139 Cống Quỳnh, Phường Nguyễn Cư Trinh, Quận 1, TP. Hồ Chí Minh','gần công viên',10.76437,106.689562,'w3gv8487',6.1,1,1);
INSERT INTO "shop_addresses" VALUES('addr_030','shop_030','ward_ben_nghe','96 Đồng Khởi','96 Đồng Khởi, Phường Bến Nghé, Quận 1, TP. Hồ Chí Minh','gần chợ',10.781699,106.7039,'w3gv5703',4.5,0,1);
INSERT INTO "shop_addresses" VALUES('addr_031','shop_031','ward_cau_ong_lanh','Hẻm 138/138 Cô Bắc','Hẻm 138/138 Cô Bắc, Phường Cầu Ông Lãnh, Quận 1, TP. Hồ Chí Minh','khu ăn uống',10.76508,106.692608,'w3gv4979',3.7,1,0);
INSERT INTO "shop_addresses" VALUES('addr_032','shop_032','ward_ben_thanh','83 Phan Bội Châu','83 Phan Bội Châu, Phường Bến Thành, Quận 1, TP. Hồ Chí Minh','mặt tiền đường',10.772708,106.702298,'w3gv5178',5.1,0,0);
INSERT INTO "shop_addresses" VALUES('addr_033','shop_033','ward_da_kao','53 Nguyễn Đình Chiểu','53 Nguyễn Đình Chiểu, Phường Đa Kao, Quận 1, TP. Hồ Chí Minh','hẻm xe máy',10.786403,106.695889,'w3gv1550',5.5,0,0);
INSERT INTO "shop_addresses" VALUES('addr_034','shop_034','ward_tan_dinh','62 Nguyễn Hữu Cầu','62 Nguyễn Hữu Cầu, Phường Tân Định, Quận 1, TP. Hồ Chí Minh','hẻm xe máy',10.792729,106.690306,'w3gv5647',6.0,1,1);
INSERT INTO "shop_addresses" VALUES('addr_035','shop_035','ward_ben_nghe','182 Lê Lợi','182 Lê Lợi, Phường Bến Nghé, Quận 1, TP. Hồ Chí Minh','gần công viên',10.776525,106.703176,'w3gv1119',3.4,1,1);
INSERT INTO "shop_addresses" VALUES('addr_036','shop_036','ward_ben_thanh','24 Phan Bội Châu','24 Phan Bội Châu, Phường Bến Thành, Quận 1, TP. Hồ Chí Minh','hẻm xe máy',10.772637,106.697942,'w3gv5914',4.2,1,0);
INSERT INTO "shop_addresses" VALUES('addr_037','shop_037','ward_nguyen_cu_trinh','Hẻm 67/195 Bùi Viện','Hẻm 67/195 Bùi Viện, Phường Nguyễn Cư Trinh, Quận 1, TP. Hồ Chí Minh','khu ăn uống',10.764737,106.68349,'w3gv7869',5.5,1,1);
INSERT INTO "shop_addresses" VALUES('addr_038','shop_038','ward_nguyen_thai_binh','120 Calmette','120 Calmette, Phường Nguyễn Thái Bình, Quận 1, TP. Hồ Chí Minh','gần công viên',10.767466,106.698536,'w3gv4688',5.8,0,0);
INSERT INTO "shop_addresses" VALUES('addr_039','shop_039','ward_cau_ong_lanh','121 Nguyễn Thái Học','121 Nguyễn Thái Học, Phường Cầu Ông Lãnh, Quận 1, TP. Hồ Chí Minh','hẻm xe máy',10.765662,106.691617,'w3gv9056',3.7,0,0);
INSERT INTO "shop_addresses" VALUES('addr_040','shop_040','ward_cau_kho','51 Nguyễn Văn Cừ','51 Nguyễn Văn Cừ, Phường Cầu Kho, Quận 1, TP. Hồ Chí Minh','khu ăn uống',10.758987,106.691754,'w3gv5777',5.5,0,0);
INSERT INTO "shop_addresses" VALUES('addr_041','shop_041','ward_ben_nghe','28 Mạc Thị Bưởi','28 Mạc Thị Bưởi, Phường Bến Nghé, Quận 1, TP. Hồ Chí Minh','gần tòa nhà văn phòng',10.780991,106.706304,'w3gv2614',5.7,1,1);
INSERT INTO "shop_addresses" VALUES('addr_042','shop_042','ward_tan_dinh','40 Võ Thị Sáu','40 Võ Thị Sáu, Phường Tân Định, Quận 1, TP. Hồ Chí Minh','đối diện trường học',10.794639,106.687784,'w3gv9877',3.5,0,0);
INSERT INTO "shop_addresses" VALUES('addr_043','shop_043','ward_da_kao','71 Điện Biên Phủ','71 Điện Biên Phủ, Phường Đa Kao, Quận 1, TP. Hồ Chí Minh','hẻm xe máy',10.785488,106.700001,'w3gv4525',5.8,0,0);
INSERT INTO "shop_addresses" VALUES('addr_044','shop_044','ward_nguyen_thai_binh','16 Phó Đức Chính','16 Phó Đức Chính, Phường Nguyễn Thái Bình, Quận 1, TP. Hồ Chí Minh','gần chợ',10.765811,106.70282,'w3gv4309',3.1,0,1);
CREATE TABLE shop_cuisines (
  shop_id TEXT NOT NULL,
  cuisine_id TEXT NOT NULL,
  PRIMARY KEY (shop_id, cuisine_id),
  FOREIGN KEY (shop_id) REFERENCES shops(id) ON DELETE CASCADE,
  FOREIGN KEY (cuisine_id) REFERENCES cuisines(id)
);
INSERT INTO "shop_cuisines" VALUES('shop_001','cuisine_060');
INSERT INTO "shop_cuisines" VALUES('shop_001','cuisine_026');
INSERT INTO "shop_cuisines" VALUES('shop_002','cuisine_060');
INSERT INTO "shop_cuisines" VALUES('shop_002','cuisine_012');
INSERT INTO "shop_cuisines" VALUES('shop_003','cuisine_033');
INSERT INTO "shop_cuisines" VALUES('shop_003','cuisine_030');
INSERT INTO "shop_cuisines" VALUES('shop_004','cuisine_031');
INSERT INTO "shop_cuisines" VALUES('shop_004','cuisine_051');
INSERT INTO "shop_cuisines" VALUES('shop_004','cuisine_029');
INSERT INTO "shop_cuisines" VALUES('shop_005','cuisine_033');
INSERT INTO "shop_cuisines" VALUES('shop_005','cuisine_041');
INSERT INTO "shop_cuisines" VALUES('shop_006','cuisine_060');
INSERT INTO "shop_cuisines" VALUES('shop_006','cuisine_008');
INSERT INTO "shop_cuisines" VALUES('shop_007','cuisine_060');
INSERT INTO "shop_cuisines" VALUES('shop_007','cuisine_048');
INSERT INTO "shop_cuisines" VALUES('shop_008','cuisine_060');
INSERT INTO "shop_cuisines" VALUES('shop_008','cuisine_016');
INSERT INTO "shop_cuisines" VALUES('shop_009','cuisine_064');
INSERT INTO "shop_cuisines" VALUES('shop_009','cuisine_049');
INSERT INTO "shop_cuisines" VALUES('shop_010','cuisine_045');
INSERT INTO "shop_cuisines" VALUES('shop_010','cuisine_054');
INSERT INTO "shop_cuisines" VALUES('shop_010','cuisine_002');
INSERT INTO "shop_cuisines" VALUES('shop_011','cuisine_038');
INSERT INTO "shop_cuisines" VALUES('shop_011','cuisine_060');
INSERT INTO "shop_cuisines" VALUES('shop_011','cuisine_056');
INSERT INTO "shop_cuisines" VALUES('shop_012','cuisine_019');
INSERT INTO "shop_cuisines" VALUES('shop_012','cuisine_060');
INSERT INTO "shop_cuisines" VALUES('shop_013','cuisine_032');
INSERT INTO "shop_cuisines" VALUES('shop_013','cuisine_028');
INSERT INTO "shop_cuisines" VALUES('shop_014','cuisine_044');
INSERT INTO "shop_cuisines" VALUES('shop_014','cuisine_005');
INSERT INTO "shop_cuisines" VALUES('shop_015','cuisine_053');
INSERT INTO "shop_cuisines" VALUES('shop_015','cuisine_023');
INSERT INTO "shop_cuisines" VALUES('shop_016','cuisine_060');
INSERT INTO "shop_cuisines" VALUES('shop_016','cuisine_017');
INSERT INTO "shop_cuisines" VALUES('shop_017','cuisine_065');
INSERT INTO "shop_cuisines" VALUES('shop_017','cuisine_059');
INSERT INTO "shop_cuisines" VALUES('shop_018','cuisine_060');
INSERT INTO "shop_cuisines" VALUES('shop_018','cuisine_020');
INSERT INTO "shop_cuisines" VALUES('shop_019','cuisine_060');
INSERT INTO "shop_cuisines" VALUES('shop_019','cuisine_025');
INSERT INTO "shop_cuisines" VALUES('shop_020','cuisine_060');
INSERT INTO "shop_cuisines" VALUES('shop_020','cuisine_007');
INSERT INTO "shop_cuisines" VALUES('shop_021','cuisine_057');
INSERT INTO "shop_cuisines" VALUES('shop_021','cuisine_043');
INSERT INTO "shop_cuisines" VALUES('shop_022','cuisine_036');
INSERT INTO "shop_cuisines" VALUES('shop_022','cuisine_042');
INSERT INTO "shop_cuisines" VALUES('shop_023','cuisine_060');
INSERT INTO "shop_cuisines" VALUES('shop_023','cuisine_062');
INSERT INTO "shop_cuisines" VALUES('shop_024','cuisine_060');
INSERT INTO "shop_cuisines" VALUES('shop_024','cuisine_015');
INSERT INTO "shop_cuisines" VALUES('shop_025','cuisine_058');
INSERT INTO "shop_cuisines" VALUES('shop_025','cuisine_037');
INSERT INTO "shop_cuisines" VALUES('shop_025','cuisine_061');
INSERT INTO "shop_cuisines" VALUES('shop_026','cuisine_060');
INSERT INTO "shop_cuisines" VALUES('shop_026','cuisine_027');
INSERT INTO "shop_cuisines" VALUES('shop_027','cuisine_060');
INSERT INTO "shop_cuisines" VALUES('shop_027','cuisine_067');
INSERT INTO "shop_cuisines" VALUES('shop_027','cuisine_034');
INSERT INTO "shop_cuisines" VALUES('shop_028','cuisine_018');
INSERT INTO "shop_cuisines" VALUES('shop_028','cuisine_004');
INSERT INTO "shop_cuisines" VALUES('shop_029','cuisine_060');
INSERT INTO "shop_cuisines" VALUES('shop_029','cuisine_040');
INSERT INTO "shop_cuisines" VALUES('shop_030','cuisine_039');
INSERT INTO "shop_cuisines" VALUES('shop_030','cuisine_055');
INSERT INTO "shop_cuisines" VALUES('shop_030','cuisine_006');
INSERT INTO "shop_cuisines" VALUES('shop_031','cuisine_060');
INSERT INTO "shop_cuisines" VALUES('shop_031','cuisine_024');
INSERT INTO "shop_cuisines" VALUES('shop_032','cuisine_045');
INSERT INTO "shop_cuisines" VALUES('shop_032','cuisine_050');
INSERT INTO "shop_cuisines" VALUES('shop_033','cuisine_060');
INSERT INTO "shop_cuisines" VALUES('shop_033','cuisine_013');
INSERT INTO "shop_cuisines" VALUES('shop_034','cuisine_033');
INSERT INTO "shop_cuisines" VALUES('shop_034','cuisine_003');
INSERT INTO "shop_cuisines" VALUES('shop_035','cuisine_066');
INSERT INTO "shop_cuisines" VALUES('shop_035','cuisine_021');
INSERT INTO "shop_cuisines" VALUES('shop_036','cuisine_031');
INSERT INTO "shop_cuisines" VALUES('shop_036','cuisine_051');
INSERT INTO "shop_cuisines" VALUES('shop_037','cuisine_060');
INSERT INTO "shop_cuisines" VALUES('shop_037','cuisine_011');
INSERT INTO "shop_cuisines" VALUES('shop_038','cuisine_060');
INSERT INTO "shop_cuisines" VALUES('shop_038','cuisine_022');
INSERT INTO "shop_cuisines" VALUES('shop_039','cuisine_060');
INSERT INTO "shop_cuisines" VALUES('shop_039','cuisine_035');
INSERT INTO "shop_cuisines" VALUES('shop_040','cuisine_060');
INSERT INTO "shop_cuisines" VALUES('shop_040','cuisine_010');
INSERT INTO "shop_cuisines" VALUES('shop_041','cuisine_063');
INSERT INTO "shop_cuisines" VALUES('shop_041','cuisine_052');
INSERT INTO "shop_cuisines" VALUES('shop_042','cuisine_001');
INSERT INTO "shop_cuisines" VALUES('shop_042','cuisine_046');
INSERT INTO "shop_cuisines" VALUES('shop_043','cuisine_047');
INSERT INTO "shop_cuisines" VALUES('shop_043','cuisine_009');
INSERT INTO "shop_cuisines" VALUES('shop_044','cuisine_060');
INSERT INTO "shop_cuisines" VALUES('shop_044','cuisine_014');
CREATE TABLE shop_opening_hours (
  id TEXT PRIMARY KEY,
  shop_id TEXT NOT NULL,
  day_of_week INTEGER NOT NULL CHECK (day_of_week BETWEEN 1 AND 7),
  open_time TEXT,
  close_time TEXT,
  is_closed INTEGER NOT NULL DEFAULT 0,
  FOREIGN KEY (shop_id) REFERENCES shops(id) ON DELETE CASCADE,
  UNIQUE (shop_id, day_of_week)
);
INSERT INTO "shop_opening_hours" VALUES('hour_001_1','shop_001',1,'09:00','22:30',0);
INSERT INTO "shop_opening_hours" VALUES('hour_001_2','shop_001',2,'10:00','23:00',0);
INSERT INTO "shop_opening_hours" VALUES('hour_001_3','shop_001',3,'10:00','23:00',0);
INSERT INTO "shop_opening_hours" VALUES('hour_001_4','shop_001',4,'09:00','22:30',0);
INSERT INTO "shop_opening_hours" VALUES('hour_001_5','shop_001',5,'08:00','22:00',0);
INSERT INTO "shop_opening_hours" VALUES('hour_001_6','shop_001',6,'08:00','22:00',0);
INSERT INTO "shop_opening_hours" VALUES('hour_001_7','shop_001',7,'09:00','22:30',0);
INSERT INTO "shop_opening_hours" VALUES('hour_002_1','shop_002',1,'06:00','20:30',0);
INSERT INTO "shop_opening_hours" VALUES('hour_002_2','shop_002',2,'06:00','20:30',0);
INSERT INTO "shop_opening_hours" VALUES('hour_002_3','shop_002',3,'06:30','21:00',0);
INSERT INTO "shop_opening_hours" VALUES('hour_002_4','shop_002',4,'06:30','21:00',0);
INSERT INTO "shop_opening_hours" VALUES('hour_002_5','shop_002',5,'06:00','20:30',0);
INSERT INTO "shop_opening_hours" VALUES('hour_002_6','shop_002',6,'07:00','19:30',0);
INSERT INTO "shop_opening_hours" VALUES('hour_002_7','shop_002',7,'06:00','20:30',0);
INSERT INTO "shop_opening_hours" VALUES('hour_003_1','shop_003',1,'07:00','21:00',0);
INSERT INTO "shop_opening_hours" VALUES('hour_003_2','shop_003',2,'07:00','21:00',0);
INSERT INTO "shop_opening_hours" VALUES('hour_003_3','shop_003',3,'09:00','22:30',0);
INSERT INTO "shop_opening_hours" VALUES('hour_003_4','shop_003',4,'08:00','22:00',0);
INSERT INTO "shop_opening_hours" VALUES('hour_003_5','shop_003',5,'09:00','22:30',0);
INSERT INTO "shop_opening_hours" VALUES('hour_003_6','shop_003',6,'08:00','22:00',0);
INSERT INTO "shop_opening_hours" VALUES('hour_003_7','shop_003',7,'09:00','22:30',0);
INSERT INTO "shop_opening_hours" VALUES('hour_004_1','shop_004',1,'10:00','23:00',0);
INSERT INTO "shop_opening_hours" VALUES('hour_004_2','shop_004',2,'09:00','22:30',0);
INSERT INTO "shop_opening_hours" VALUES('hour_004_3','shop_004',3,'07:00','21:00',0);
INSERT INTO "shop_opening_hours" VALUES('hour_004_4','shop_004',4,'10:00','23:00',0);
INSERT INTO "shop_opening_hours" VALUES('hour_004_5','shop_004',5,'07:00','21:00',0);
INSERT INTO "shop_opening_hours" VALUES('hour_004_6','shop_004',6,'07:00','21:00',0);
INSERT INTO "shop_opening_hours" VALUES('hour_004_7','shop_004',7,'08:00','22:00',0);
INSERT INTO "shop_opening_hours" VALUES('hour_005_1','shop_005',1,'08:00','22:00',0);
INSERT INTO "shop_opening_hours" VALUES('hour_005_2','shop_005',2,'10:00','23:00',0);
INSERT INTO "shop_opening_hours" VALUES('hour_005_3','shop_005',3,'08:00','22:00',0);
INSERT INTO "shop_opening_hours" VALUES('hour_005_4','shop_005',4,'08:00','22:00',0);
INSERT INTO "shop_opening_hours" VALUES('hour_005_5','shop_005',5,'08:00','22:00',0);
INSERT INTO "shop_opening_hours" VALUES('hour_005_6','shop_005',6,'10:00','23:00',0);
INSERT INTO "shop_opening_hours" VALUES('hour_005_7','shop_005',7,'10:00','23:00',0);
INSERT INTO "shop_opening_hours" VALUES('hour_006_1','shop_006',1,'06:30','21:00',0);
INSERT INTO "shop_opening_hours" VALUES('hour_006_2','shop_006',2,'06:00','20:30',0);
INSERT INTO "shop_opening_hours" VALUES('hour_006_3','shop_006',3,'06:00','20:30',0);
INSERT INTO "shop_opening_hours" VALUES('hour_006_4','shop_006',4,'06:30','21:00',0);
INSERT INTO "shop_opening_hours" VALUES('hour_006_5','shop_006',5,'06:00','20:30',0);
INSERT INTO "shop_opening_hours" VALUES('hour_006_6','shop_006',6,'06:00','20:30',0);
INSERT INTO "shop_opening_hours" VALUES('hour_006_7','shop_006',7,'06:00','20:30',0);
INSERT INTO "shop_opening_hours" VALUES('hour_007_1','shop_007',1,'00:00','23:59',0);
INSERT INTO "shop_opening_hours" VALUES('hour_007_2','shop_007',2,'00:00','23:59',0);
INSERT INTO "shop_opening_hours" VALUES('hour_007_3','shop_007',3,'00:00','23:59',0);
INSERT INTO "shop_opening_hours" VALUES('hour_007_4','shop_007',4,'00:00','23:59',0);
INSERT INTO "shop_opening_hours" VALUES('hour_007_5','shop_007',5,'00:00','23:59',0);
INSERT INTO "shop_opening_hours" VALUES('hour_007_6','shop_007',6,'00:00','23:59',0);
INSERT INTO "shop_opening_hours" VALUES('hour_007_7','shop_007',7,'00:00','23:59',0);
INSERT INTO "shop_opening_hours" VALUES('hour_008_1','shop_008',1,'09:00','22:30',0);
INSERT INTO "shop_opening_hours" VALUES('hour_008_2','shop_008',2,'07:00','21:00',0);
INSERT INTO "shop_opening_hours" VALUES('hour_008_3','shop_008',3,'08:00','22:00',0);
INSERT INTO "shop_opening_hours" VALUES('hour_008_4','shop_008',4,'09:00','22:30',0);
INSERT INTO "shop_opening_hours" VALUES('hour_008_5','shop_008',5,'07:00','21:00',0);
INSERT INTO "shop_opening_hours" VALUES('hour_008_6','shop_008',6,'09:00','22:30',0);
INSERT INTO "shop_opening_hours" VALUES('hour_008_7','shop_008',7,'09:00','22:30',0);
INSERT INTO "shop_opening_hours" VALUES('hour_009_1','shop_009',1,'08:00','22:00',0);
INSERT INTO "shop_opening_hours" VALUES('hour_009_2','shop_009',2,'09:00','22:30',0);
INSERT INTO "shop_opening_hours" VALUES('hour_009_3','shop_009',3,'09:00','22:30',0);
INSERT INTO "shop_opening_hours" VALUES('hour_009_4','shop_009',4,'09:00','22:30',0);
INSERT INTO "shop_opening_hours" VALUES('hour_009_5','shop_009',5,'07:00','21:00',0);
INSERT INTO "shop_opening_hours" VALUES('hour_009_6','shop_009',6,'07:00','21:00',0);
INSERT INTO "shop_opening_hours" VALUES('hour_009_7','shop_009',7,'10:00','23:00',0);
INSERT INTO "shop_opening_hours" VALUES('hour_010_1','shop_010',1,'09:00','22:30',0);
INSERT INTO "shop_opening_hours" VALUES('hour_010_2','shop_010',2,'07:00','21:00',0);
INSERT INTO "shop_opening_hours" VALUES('hour_010_3','shop_010',3,'07:00','21:00',0);
INSERT INTO "shop_opening_hours" VALUES('hour_010_4','shop_010',4,'10:00','23:00',0);
INSERT INTO "shop_opening_hours" VALUES('hour_010_5','shop_010',5,'07:00','21:00',0);
INSERT INTO "shop_opening_hours" VALUES('hour_010_6','shop_010',6,'09:00','22:30',0);
INSERT INTO "shop_opening_hours" VALUES('hour_010_7','shop_010',7,'09:00','22:30',0);
INSERT INTO "shop_opening_hours" VALUES('hour_011_1','shop_011',1,'07:00','21:00',0);
INSERT INTO "shop_opening_hours" VALUES('hour_011_2','shop_011',2,'07:00','21:00',0);
INSERT INTO "shop_opening_hours" VALUES('hour_011_3','shop_011',3,'09:00','22:30',0);
INSERT INTO "shop_opening_hours" VALUES('hour_011_4','shop_011',4,'08:00','22:00',0);
INSERT INTO "shop_opening_hours" VALUES('hour_011_5','shop_011',5,'10:00','23:00',0);
INSERT INTO "shop_opening_hours" VALUES('hour_011_6','shop_011',6,'07:00','21:00',0);
INSERT INTO "shop_opening_hours" VALUES('hour_011_7','shop_011',7,'10:00','23:00',0);
INSERT INTO "shop_opening_hours" VALUES('hour_012_1','shop_012',1,'07:00','21:00',0);
INSERT INTO "shop_opening_hours" VALUES('hour_012_2','shop_012',2,'10:00','23:00',0);
INSERT INTO "shop_opening_hours" VALUES('hour_012_3','shop_012',3,'09:00','22:30',0);
INSERT INTO "shop_opening_hours" VALUES('hour_012_4','shop_012',4,'08:00','22:00',0);
INSERT INTO "shop_opening_hours" VALUES('hour_012_5','shop_012',5,'10:00','23:00',0);
INSERT INTO "shop_opening_hours" VALUES('hour_012_6','shop_012',6,'08:00','22:00',0);
INSERT INTO "shop_opening_hours" VALUES('hour_012_7','shop_012',7,'08:00','22:00',0);
INSERT INTO "shop_opening_hours" VALUES('hour_013_1','shop_013',1,'06:00','20:30',0);
INSERT INTO "shop_opening_hours" VALUES('hour_013_2','shop_013',2,'06:00','20:30',0);
INSERT INTO "shop_opening_hours" VALUES('hour_013_3','shop_013',3,'07:00','19:30',0);
INSERT INTO "shop_opening_hours" VALUES('hour_013_4','shop_013',4,'06:30','21:00',0);
INSERT INTO "shop_opening_hours" VALUES('hour_013_5','shop_013',5,'06:30','21:00',0);
INSERT INTO "shop_opening_hours" VALUES('hour_013_6','shop_013',6,'06:30','21:00',0);
INSERT INTO "shop_opening_hours" VALUES('hour_013_7','shop_013',7,'07:00','19:30',0);
INSERT INTO "shop_opening_hours" VALUES('hour_014_1','shop_014',1,'08:00','22:00',0);
INSERT INTO "shop_opening_hours" VALUES('hour_014_2','shop_014',2,'07:00','21:00',0);
INSERT INTO "shop_opening_hours" VALUES('hour_014_3','shop_014',3,'08:00','22:00',0);
INSERT INTO "shop_opening_hours" VALUES('hour_014_4','shop_014',4,'09:00','22:30',0);
INSERT INTO "shop_opening_hours" VALUES('hour_014_5','shop_014',5,'07:00','21:00',0);
INSERT INTO "shop_opening_hours" VALUES('hour_014_6','shop_014',6,'10:00','23:00',0);
INSERT INTO "shop_opening_hours" VALUES('hour_014_7','shop_014',7,'07:00','21:00',0);
INSERT INTO "shop_opening_hours" VALUES('hour_015_1','shop_015',1,'07:00','21:00',0);
INSERT INTO "shop_opening_hours" VALUES('hour_015_2','shop_015',2,'09:00','22:30',0);
INSERT INTO "shop_opening_hours" VALUES('hour_015_3','shop_015',3,'08:00','22:00',0);
INSERT INTO "shop_opening_hours" VALUES('hour_015_4','shop_015',4,'07:00','21:00',0);
INSERT INTO "shop_opening_hours" VALUES('hour_015_5','shop_015',5,'07:00','21:00',0);
INSERT INTO "shop_opening_hours" VALUES('hour_015_6','shop_015',6,'08:00','22:00',0);
INSERT INTO "shop_opening_hours" VALUES('hour_015_7','shop_015',7,'09:00','22:30',0);
INSERT INTO "shop_opening_hours" VALUES('hour_016_1','shop_016',1,'10:00','23:00',0);
INSERT INTO "shop_opening_hours" VALUES('hour_016_2','shop_016',2,'10:00','23:00',0);
INSERT INTO "shop_opening_hours" VALUES('hour_016_3','shop_016',3,'09:00','22:30',0);
INSERT INTO "shop_opening_hours" VALUES('hour_016_4','shop_016',4,'09:00','22:30',0);
INSERT INTO "shop_opening_hours" VALUES('hour_016_5','shop_016',5,'10:00','23:00',0);
INSERT INTO "shop_opening_hours" VALUES('hour_016_6','shop_016',6,'08:00','22:00',0);
INSERT INTO "shop_opening_hours" VALUES('hour_016_7','shop_016',7,'10:00','23:00',0);
INSERT INTO "shop_opening_hours" VALUES('hour_017_1','shop_017',1,'09:00','22:30',0);
INSERT INTO "shop_opening_hours" VALUES('hour_017_2','shop_017',2,'10:00','23:00',0);
INSERT INTO "shop_opening_hours" VALUES('hour_017_3','shop_017',3,'07:00','21:00',0);
INSERT INTO "shop_opening_hours" VALUES('hour_017_4','shop_017',4,'10:00','23:00',0);
INSERT INTO "shop_opening_hours" VALUES('hour_017_5','shop_017',5,'10:00','23:00',0);
INSERT INTO "shop_opening_hours" VALUES('hour_017_6','shop_017',6,'07:00','21:00',0);
INSERT INTO "shop_opening_hours" VALUES('hour_017_7','shop_017',7,'08:00','22:00',0);
INSERT INTO "shop_opening_hours" VALUES('hour_018_1','shop_018',1,'15:00','02:00',0);
INSERT INTO "shop_opening_hours" VALUES('hour_018_2','shop_018',2,'15:00','02:00',0);
INSERT INTO "shop_opening_hours" VALUES('hour_018_3','shop_018',3,'15:00','02:00',0);
INSERT INTO "shop_opening_hours" VALUES('hour_018_4','shop_018',4,'15:00','02:00',0);
INSERT INTO "shop_opening_hours" VALUES('hour_018_5','shop_018',5,'15:00','02:00',0);
INSERT INTO "shop_opening_hours" VALUES('hour_018_6','shop_018',6,'15:00','02:00',0);
INSERT INTO "shop_opening_hours" VALUES('hour_018_7','shop_018',7,'15:00','02:00',0);
INSERT INTO "shop_opening_hours" VALUES('hour_019_1','shop_019',1,'07:00','21:00',0);
INSERT INTO "shop_opening_hours" VALUES('hour_019_2','shop_019',2,'10:00','23:00',0);
INSERT INTO "shop_opening_hours" VALUES('hour_019_3','shop_019',3,'07:00','21:00',0);
INSERT INTO "shop_opening_hours" VALUES('hour_019_4','shop_019',4,'07:00','21:00',0);
INSERT INTO "shop_opening_hours" VALUES('hour_019_5','shop_019',5,'10:00','23:00',0);
INSERT INTO "shop_opening_hours" VALUES('hour_019_6','shop_019',6,'08:00','22:00',0);
INSERT INTO "shop_opening_hours" VALUES('hour_019_7','shop_019',7,'09:00','22:30',0);
INSERT INTO "shop_opening_hours" VALUES('hour_020_1','shop_020',1,'08:00','22:00',0);
INSERT INTO "shop_opening_hours" VALUES('hour_020_2','shop_020',2,'08:00','22:00',0);
INSERT INTO "shop_opening_hours" VALUES('hour_020_3','shop_020',3,'09:00','22:30',0);
INSERT INTO "shop_opening_hours" VALUES('hour_020_4','shop_020',4,'10:00','23:00',0);
INSERT INTO "shop_opening_hours" VALUES('hour_020_5','shop_020',5,'09:00','22:30',0);
INSERT INTO "shop_opening_hours" VALUES('hour_020_6','shop_020',6,'07:00','21:00',0);
INSERT INTO "shop_opening_hours" VALUES('hour_020_7','shop_020',7,'09:00','22:30',0);
INSERT INTO "shop_opening_hours" VALUES('hour_021_1','shop_021',1,'10:00','23:00',0);
INSERT INTO "shop_opening_hours" VALUES('hour_021_2','shop_021',2,'08:00','22:00',0);
INSERT INTO "shop_opening_hours" VALUES('hour_021_3','shop_021',3,'09:00','22:30',0);
INSERT INTO "shop_opening_hours" VALUES('hour_021_4','shop_021',4,'09:00','22:30',0);
INSERT INTO "shop_opening_hours" VALUES('hour_021_5','shop_021',5,'10:00','23:00',0);
INSERT INTO "shop_opening_hours" VALUES('hour_021_6','shop_021',6,'07:00','21:00',0);
INSERT INTO "shop_opening_hours" VALUES('hour_021_7','shop_021',7,'08:00','22:00',0);
INSERT INTO "shop_opening_hours" VALUES('hour_022_1','shop_022',1,'15:00','02:00',0);
INSERT INTO "shop_opening_hours" VALUES('hour_022_2','shop_022',2,'15:00','02:00',0);
INSERT INTO "shop_opening_hours" VALUES('hour_022_3','shop_022',3,'15:00','02:00',0);
INSERT INTO "shop_opening_hours" VALUES('hour_022_4','shop_022',4,'15:00','02:00',0);
INSERT INTO "shop_opening_hours" VALUES('hour_022_5','shop_022',5,'15:00','02:00',0);
INSERT INTO "shop_opening_hours" VALUES('hour_022_6','shop_022',6,'15:00','02:00',0);
INSERT INTO "shop_opening_hours" VALUES('hour_022_7','shop_022',7,'15:00','02:00',0);
INSERT INTO "shop_opening_hours" VALUES('hour_023_1','shop_023',1,'06:30','21:00',0);
INSERT INTO "shop_opening_hours" VALUES('hour_023_2','shop_023',2,'06:00','20:30',0);
INSERT INTO "shop_opening_hours" VALUES('hour_023_3','shop_023',3,'06:00','20:30',0);
INSERT INTO "shop_opening_hours" VALUES('hour_023_4','shop_023',4,'06:30','21:00',0);
INSERT INTO "shop_opening_hours" VALUES('hour_023_5','shop_023',5,'06:30','21:00',0);
INSERT INTO "shop_opening_hours" VALUES('hour_023_6','shop_023',6,'06:00','20:30',0);
INSERT INTO "shop_opening_hours" VALUES('hour_023_7','shop_023',7,NULL,NULL,1);
INSERT INTO "shop_opening_hours" VALUES('hour_024_1','shop_024',1,'06:00','20:30',0);
INSERT INTO "shop_opening_hours" VALUES('hour_024_2','shop_024',2,'07:00','19:30',0);
INSERT INTO "shop_opening_hours" VALUES('hour_024_3','shop_024',3,'06:00','20:30',0);
INSERT INTO "shop_opening_hours" VALUES('hour_024_4','shop_024',4,'06:30','21:00',0);
INSERT INTO "shop_opening_hours" VALUES('hour_024_5','shop_024',5,'06:00','20:30',0);
INSERT INTO "shop_opening_hours" VALUES('hour_024_6','shop_024',6,'07:00','19:30',0);
INSERT INTO "shop_opening_hours" VALUES('hour_024_7','shop_024',7,'06:00','20:30',0);
INSERT INTO "shop_opening_hours" VALUES('hour_025_1','shop_025',1,'07:00','21:00',0);
INSERT INTO "shop_opening_hours" VALUES('hour_025_2','shop_025',2,'07:00','21:00',0);
INSERT INTO "shop_opening_hours" VALUES('hour_025_3','shop_025',3,'10:00','23:00',0);
INSERT INTO "shop_opening_hours" VALUES('hour_025_4','shop_025',4,'09:00','22:30',0);
INSERT INTO "shop_opening_hours" VALUES('hour_025_5','shop_025',5,'08:00','22:00',0);
INSERT INTO "shop_opening_hours" VALUES('hour_025_6','shop_025',6,'09:00','22:30',0);
INSERT INTO "shop_opening_hours" VALUES('hour_025_7','shop_025',7,'10:00','23:00',0);
INSERT INTO "shop_opening_hours" VALUES('hour_026_1','shop_026',1,'10:00','23:00',0);
INSERT INTO "shop_opening_hours" VALUES('hour_026_2','shop_026',2,'09:00','22:30',0);
INSERT INTO "shop_opening_hours" VALUES('hour_026_3','shop_026',3,'07:00','21:00',0);
INSERT INTO "shop_opening_hours" VALUES('hour_026_4','shop_026',4,'09:00','22:30',0);
INSERT INTO "shop_opening_hours" VALUES('hour_026_5','shop_026',5,'08:00','22:00',0);
INSERT INTO "shop_opening_hours" VALUES('hour_026_6','shop_026',6,'10:00','23:00',0);
INSERT INTO "shop_opening_hours" VALUES('hour_026_7','shop_026',7,'08:00','22:00',0);
INSERT INTO "shop_opening_hours" VALUES('hour_027_1','shop_027',1,'15:00','02:00',0);
INSERT INTO "shop_opening_hours" VALUES('hour_027_2','shop_027',2,'15:00','02:00',0);
INSERT INTO "shop_opening_hours" VALUES('hour_027_3','shop_027',3,'15:00','02:00',0);
INSERT INTO "shop_opening_hours" VALUES('hour_027_4','shop_027',4,'15:00','02:00',0);
INSERT INTO "shop_opening_hours" VALUES('hour_027_5','shop_027',5,'15:00','02:00',0);
INSERT INTO "shop_opening_hours" VALUES('hour_027_6','shop_027',6,'15:00','02:00',0);
INSERT INTO "shop_opening_hours" VALUES('hour_027_7','shop_027',7,'15:00','02:00',0);
INSERT INTO "shop_opening_hours" VALUES('hour_028_1','shop_028',1,'06:00','20:30',0);
INSERT INTO "shop_opening_hours" VALUES('hour_028_2','shop_028',2,'07:00','19:30',0);
INSERT INTO "shop_opening_hours" VALUES('hour_028_3','shop_028',3,'06:00','20:30',0);
INSERT INTO "shop_opening_hours" VALUES('hour_028_4','shop_028',4,'07:00','19:30',0);
INSERT INTO "shop_opening_hours" VALUES('hour_028_5','shop_028',5,'07:00','19:30',0);
INSERT INTO "shop_opening_hours" VALUES('hour_028_6','shop_028',6,'07:00','19:30',0);
INSERT INTO "shop_opening_hours" VALUES('hour_028_7','shop_028',7,'07:00','19:30',0);
INSERT INTO "shop_opening_hours" VALUES('hour_029_1','shop_029',1,'09:00','22:30',0);
INSERT INTO "shop_opening_hours" VALUES('hour_029_2','shop_029',2,'07:00','21:00',0);
INSERT INTO "shop_opening_hours" VALUES('hour_029_3','shop_029',3,'07:00','21:00',0);
INSERT INTO "shop_opening_hours" VALUES('hour_029_4','shop_029',4,'09:00','22:30',0);
INSERT INTO "shop_opening_hours" VALUES('hour_029_5','shop_029',5,'10:00','23:00',0);
INSERT INTO "shop_opening_hours" VALUES('hour_029_6','shop_029',6,'08:00','22:00',0);
INSERT INTO "shop_opening_hours" VALUES('hour_029_7','shop_029',7,'10:00','23:00',0);
INSERT INTO "shop_opening_hours" VALUES('hour_030_1','shop_030',1,'08:00','22:00',0);
INSERT INTO "shop_opening_hours" VALUES('hour_030_2','shop_030',2,'08:00','22:00',0);
INSERT INTO "shop_opening_hours" VALUES('hour_030_3','shop_030',3,'10:00','23:00',0);
INSERT INTO "shop_opening_hours" VALUES('hour_030_4','shop_030',4,'08:00','22:00',0);
INSERT INTO "shop_opening_hours" VALUES('hour_030_5','shop_030',5,'09:00','22:30',0);
INSERT INTO "shop_opening_hours" VALUES('hour_030_6','shop_030',6,'08:00','22:00',0);
INSERT INTO "shop_opening_hours" VALUES('hour_030_7','shop_030',7,'10:00','23:00',0);
INSERT INTO "shop_opening_hours" VALUES('hour_031_1','shop_031',1,'08:00','22:00',0);
INSERT INTO "shop_opening_hours" VALUES('hour_031_2','shop_031',2,'08:00','22:00',0);
INSERT INTO "shop_opening_hours" VALUES('hour_031_3','shop_031',3,'10:00','23:00',0);
INSERT INTO "shop_opening_hours" VALUES('hour_031_4','shop_031',4,'10:00','23:00',0);
INSERT INTO "shop_opening_hours" VALUES('hour_031_5','shop_031',5,'07:00','21:00',0);
INSERT INTO "shop_opening_hours" VALUES('hour_031_6','shop_031',6,'08:00','22:00',0);
INSERT INTO "shop_opening_hours" VALUES('hour_031_7','shop_031',7,'10:00','23:00',0);
INSERT INTO "shop_opening_hours" VALUES('hour_032_1','shop_032',1,'08:00','22:00',0);
INSERT INTO "shop_opening_hours" VALUES('hour_032_2','shop_032',2,'07:00','21:00',0);
INSERT INTO "shop_opening_hours" VALUES('hour_032_3','shop_032',3,'10:00','23:00',0);
INSERT INTO "shop_opening_hours" VALUES('hour_032_4','shop_032',4,'09:00','22:30',0);
INSERT INTO "shop_opening_hours" VALUES('hour_032_5','shop_032',5,'07:00','21:00',0);
INSERT INTO "shop_opening_hours" VALUES('hour_032_6','shop_032',6,'08:00','22:00',0);
INSERT INTO "shop_opening_hours" VALUES('hour_032_7','shop_032',7,'10:00','23:00',0);
INSERT INTO "shop_opening_hours" VALUES('hour_033_1','shop_033',1,'10:00','23:00',0);
INSERT INTO "shop_opening_hours" VALUES('hour_033_2','shop_033',2,'09:00','22:30',0);
INSERT INTO "shop_opening_hours" VALUES('hour_033_3','shop_033',3,'08:00','22:00',0);
INSERT INTO "shop_opening_hours" VALUES('hour_033_4','shop_033',4,'08:00','22:00',0);
INSERT INTO "shop_opening_hours" VALUES('hour_033_5','shop_033',5,'07:00','21:00',0);
INSERT INTO "shop_opening_hours" VALUES('hour_033_6','shop_033',6,'10:00','23:00',0);
INSERT INTO "shop_opening_hours" VALUES('hour_033_7','shop_033',7,'08:00','22:00',0);
INSERT INTO "shop_opening_hours" VALUES('hour_034_1','shop_034',1,'10:00','23:00',0);
INSERT INTO "shop_opening_hours" VALUES('hour_034_2','shop_034',2,'09:00','22:30',0);
INSERT INTO "shop_opening_hours" VALUES('hour_034_3','shop_034',3,'08:00','22:00',0);
INSERT INTO "shop_opening_hours" VALUES('hour_034_4','shop_034',4,'09:00','22:30',0);
INSERT INTO "shop_opening_hours" VALUES('hour_034_5','shop_034',5,'07:00','21:00',0);
INSERT INTO "shop_opening_hours" VALUES('hour_034_6','shop_034',6,'10:00','23:00',0);
INSERT INTO "shop_opening_hours" VALUES('hour_034_7','shop_034',7,'10:00','23:00',0);
INSERT INTO "shop_opening_hours" VALUES('hour_035_1','shop_035',1,'08:00','22:00',0);
INSERT INTO "shop_opening_hours" VALUES('hour_035_2','shop_035',2,'07:00','21:00',0);
INSERT INTO "shop_opening_hours" VALUES('hour_035_3','shop_035',3,'10:00','23:00',0);
INSERT INTO "shop_opening_hours" VALUES('hour_035_4','shop_035',4,'08:00','22:00',0);
INSERT INTO "shop_opening_hours" VALUES('hour_035_5','shop_035',5,'08:00','22:00',0);
INSERT INTO "shop_opening_hours" VALUES('hour_035_6','shop_035',6,'09:00','22:30',0);
INSERT INTO "shop_opening_hours" VALUES('hour_035_7','shop_035',7,'10:00','23:00',0);
INSERT INTO "shop_opening_hours" VALUES('hour_036_1','shop_036',1,'10:00','23:00',0);
INSERT INTO "shop_opening_hours" VALUES('hour_036_2','shop_036',2,'07:00','21:00',0);
INSERT INTO "shop_opening_hours" VALUES('hour_036_3','shop_036',3,'10:00','23:00',0);
INSERT INTO "shop_opening_hours" VALUES('hour_036_4','shop_036',4,'07:00','21:00',0);
INSERT INTO "shop_opening_hours" VALUES('hour_036_5','shop_036',5,'07:00','21:00',0);
INSERT INTO "shop_opening_hours" VALUES('hour_036_6','shop_036',6,'10:00','23:00',0);
INSERT INTO "shop_opening_hours" VALUES('hour_036_7','shop_036',7,'07:00','21:00',0);
INSERT INTO "shop_opening_hours" VALUES('hour_037_1','shop_037',1,'06:00','20:30',0);
INSERT INTO "shop_opening_hours" VALUES('hour_037_2','shop_037',2,'06:30','21:00',0);
INSERT INTO "shop_opening_hours" VALUES('hour_037_3','shop_037',3,'07:00','19:30',0);
INSERT INTO "shop_opening_hours" VALUES('hour_037_4','shop_037',4,'06:30','21:00',0);
INSERT INTO "shop_opening_hours" VALUES('hour_037_5','shop_037',5,'06:00','20:30',0);
INSERT INTO "shop_opening_hours" VALUES('hour_037_6','shop_037',6,'06:30','21:00',0);
INSERT INTO "shop_opening_hours" VALUES('hour_037_7','shop_037',7,'06:00','20:30',0);
INSERT INTO "shop_opening_hours" VALUES('hour_038_1','shop_038',1,'08:00','22:00',0);
INSERT INTO "shop_opening_hours" VALUES('hour_038_2','shop_038',2,'10:00','23:00',0);
INSERT INTO "shop_opening_hours" VALUES('hour_038_3','shop_038',3,'09:00','22:30',0);
INSERT INTO "shop_opening_hours" VALUES('hour_038_4','shop_038',4,'10:00','23:00',0);
INSERT INTO "shop_opening_hours" VALUES('hour_038_5','shop_038',5,'07:00','21:00',0);
INSERT INTO "shop_opening_hours" VALUES('hour_038_6','shop_038',6,'07:00','21:00',0);
INSERT INTO "shop_opening_hours" VALUES('hour_038_7','shop_038',7,'08:00','22:00',0);
INSERT INTO "shop_opening_hours" VALUES('hour_039_1','shop_039',1,'06:30','21:00',0);
INSERT INTO "shop_opening_hours" VALUES('hour_039_2','shop_039',2,'06:30','21:00',0);
INSERT INTO "shop_opening_hours" VALUES('hour_039_3','shop_039',3,'06:30','21:00',0);
INSERT INTO "shop_opening_hours" VALUES('hour_039_4','shop_039',4,'06:30','21:00',0);
INSERT INTO "shop_opening_hours" VALUES('hour_039_5','shop_039',5,'06:00','20:30',0);
INSERT INTO "shop_opening_hours" VALUES('hour_039_6','shop_039',6,'07:00','19:30',0);
INSERT INTO "shop_opening_hours" VALUES('hour_039_7','shop_039',7,'06:30','21:00',0);
INSERT INTO "shop_opening_hours" VALUES('hour_040_1','shop_040',1,'09:00','22:30',0);
INSERT INTO "shop_opening_hours" VALUES('hour_040_2','shop_040',2,'10:00','23:00',0);
INSERT INTO "shop_opening_hours" VALUES('hour_040_3','shop_040',3,'07:00','21:00',0);
INSERT INTO "shop_opening_hours" VALUES('hour_040_4','shop_040',4,'09:00','22:30',0);
INSERT INTO "shop_opening_hours" VALUES('hour_040_5','shop_040',5,'09:00','22:30',0);
INSERT INTO "shop_opening_hours" VALUES('hour_040_6','shop_040',6,'09:00','22:30',0);
INSERT INTO "shop_opening_hours" VALUES('hour_040_7','shop_040',7,'09:00','22:30',0);
INSERT INTO "shop_opening_hours" VALUES('hour_041_1','shop_041',1,'07:00','21:00',0);
INSERT INTO "shop_opening_hours" VALUES('hour_041_2','shop_041',2,'10:00','23:00',0);
INSERT INTO "shop_opening_hours" VALUES('hour_041_3','shop_041',3,'09:00','22:30',0);
INSERT INTO "shop_opening_hours" VALUES('hour_041_4','shop_041',4,'10:00','23:00',0);
INSERT INTO "shop_opening_hours" VALUES('hour_041_5','shop_041',5,'08:00','22:00',0);
INSERT INTO "shop_opening_hours" VALUES('hour_041_6','shop_041',6,'09:00','22:30',0);
INSERT INTO "shop_opening_hours" VALUES('hour_041_7','shop_041',7,'10:00','23:00',0);
INSERT INTO "shop_opening_hours" VALUES('hour_042_1','shop_042',1,'09:00','22:30',0);
INSERT INTO "shop_opening_hours" VALUES('hour_042_2','shop_042',2,'10:00','23:00',0);
INSERT INTO "shop_opening_hours" VALUES('hour_042_3','shop_042',3,'09:00','22:30',0);
INSERT INTO "shop_opening_hours" VALUES('hour_042_4','shop_042',4,'07:00','21:00',0);
INSERT INTO "shop_opening_hours" VALUES('hour_042_5','shop_042',5,'07:00','21:00',0);
INSERT INTO "shop_opening_hours" VALUES('hour_042_6','shop_042',6,'10:00','23:00',0);
INSERT INTO "shop_opening_hours" VALUES('hour_042_7','shop_042',7,'10:00','23:00',0);
INSERT INTO "shop_opening_hours" VALUES('hour_043_1','shop_043',1,'06:30','21:00',0);
INSERT INTO "shop_opening_hours" VALUES('hour_043_2','shop_043',2,'06:30','21:00',0);
INSERT INTO "shop_opening_hours" VALUES('hour_043_3','shop_043',3,'06:00','20:30',0);
INSERT INTO "shop_opening_hours" VALUES('hour_043_4','shop_043',4,'07:00','19:30',0);
INSERT INTO "shop_opening_hours" VALUES('hour_043_5','shop_043',5,'06:00','20:30',0);
INSERT INTO "shop_opening_hours" VALUES('hour_043_6','shop_043',6,'06:30','21:00',0);
INSERT INTO "shop_opening_hours" VALUES('hour_043_7','shop_043',7,'06:30','21:00',0);
INSERT INTO "shop_opening_hours" VALUES('hour_044_1','shop_044',1,'08:00','22:00',0);
INSERT INTO "shop_opening_hours" VALUES('hour_044_2','shop_044',2,'07:00','21:00',0);
INSERT INTO "shop_opening_hours" VALUES('hour_044_3','shop_044',3,'10:00','23:00',0);
INSERT INTO "shop_opening_hours" VALUES('hour_044_4','shop_044',4,'09:00','22:30',0);
INSERT INTO "shop_opening_hours" VALUES('hour_044_5','shop_044',5,'07:00','21:00',0);
INSERT INTO "shop_opening_hours" VALUES('hour_044_6','shop_044',6,'07:00','21:00',0);
INSERT INTO "shop_opening_hours" VALUES('hour_044_7','shop_044',7,'07:00','21:00',0);
CREATE TABLE shop_payment_methods (
  shop_id TEXT NOT NULL,
  payment_method_id TEXT NOT NULL,
  PRIMARY KEY (shop_id, payment_method_id),
  FOREIGN KEY (shop_id) REFERENCES shops(id) ON DELETE CASCADE,
  FOREIGN KEY (payment_method_id) REFERENCES payment_methods(id)
);
INSERT INTO "shop_payment_methods" VALUES('shop_001','pm_zalopay');
INSERT INTO "shop_payment_methods" VALUES('shop_001','pm_card');
INSERT INTO "shop_payment_methods" VALUES('shop_001','pm_momo');
INSERT INTO "shop_payment_methods" VALUES('shop_001','pm_cash');
INSERT INTO "shop_payment_methods" VALUES('shop_002','pm_shopeepay');
INSERT INTO "shop_payment_methods" VALUES('shop_002','pm_zalopay');
INSERT INTO "shop_payment_methods" VALUES('shop_002','pm_card');
INSERT INTO "shop_payment_methods" VALUES('shop_003','pm_zalopay');
INSERT INTO "shop_payment_methods" VALUES('shop_003','pm_shopeepay');
INSERT INTO "shop_payment_methods" VALUES('shop_003','pm_cash');
INSERT INTO "shop_payment_methods" VALUES('shop_003','pm_momo');
INSERT INTO "shop_payment_methods" VALUES('shop_004','pm_shopeepay');
INSERT INTO "shop_payment_methods" VALUES('shop_004','pm_zalopay');
INSERT INTO "shop_payment_methods" VALUES('shop_004','pm_card');
INSERT INTO "shop_payment_methods" VALUES('shop_004','pm_cash');
INSERT INTO "shop_payment_methods" VALUES('shop_004','pm_momo');
INSERT INTO "shop_payment_methods" VALUES('shop_005','pm_cash');
INSERT INTO "shop_payment_methods" VALUES('shop_005','pm_card');
INSERT INTO "shop_payment_methods" VALUES('shop_005','pm_zalopay');
INSERT INTO "shop_payment_methods" VALUES('shop_005','pm_momo');
INSERT INTO "shop_payment_methods" VALUES('shop_005','pm_shopeepay');
INSERT INTO "shop_payment_methods" VALUES('shop_006','pm_zalopay');
INSERT INTO "shop_payment_methods" VALUES('shop_006','pm_shopeepay');
INSERT INTO "shop_payment_methods" VALUES('shop_006','pm_card');
INSERT INTO "shop_payment_methods" VALUES('shop_007','pm_shopeepay');
INSERT INTO "shop_payment_methods" VALUES('shop_007','pm_card');
INSERT INTO "shop_payment_methods" VALUES('shop_007','pm_cash');
INSERT INTO "shop_payment_methods" VALUES('shop_007','pm_momo');
INSERT INTO "shop_payment_methods" VALUES('shop_008','pm_zalopay');
INSERT INTO "shop_payment_methods" VALUES('shop_008','pm_card');
INSERT INTO "shop_payment_methods" VALUES('shop_008','pm_cash');
INSERT INTO "shop_payment_methods" VALUES('shop_008','pm_momo');
INSERT INTO "shop_payment_methods" VALUES('shop_009','pm_momo');
INSERT INTO "shop_payment_methods" VALUES('shop_009','pm_zalopay');
INSERT INTO "shop_payment_methods" VALUES('shop_009','pm_shopeepay');
INSERT INTO "shop_payment_methods" VALUES('shop_009','pm_card');
INSERT INTO "shop_payment_methods" VALUES('shop_009','pm_cash');
INSERT INTO "shop_payment_methods" VALUES('shop_010','pm_shopeepay');
INSERT INTO "shop_payment_methods" VALUES('shop_010','pm_zalopay');
INSERT INTO "shop_payment_methods" VALUES('shop_010','pm_momo');
INSERT INTO "shop_payment_methods" VALUES('shop_011','pm_shopeepay');
INSERT INTO "shop_payment_methods" VALUES('shop_011','pm_cash');
INSERT INTO "shop_payment_methods" VALUES('shop_011','pm_card');
INSERT INTO "shop_payment_methods" VALUES('shop_011','pm_zalopay');
INSERT INTO "shop_payment_methods" VALUES('shop_012','pm_zalopay');
INSERT INTO "shop_payment_methods" VALUES('shop_012','pm_momo');
INSERT INTO "shop_payment_methods" VALUES('shop_012','pm_card');
INSERT INTO "shop_payment_methods" VALUES('shop_012','pm_shopeepay');
INSERT INTO "shop_payment_methods" VALUES('shop_013','pm_momo');
INSERT INTO "shop_payment_methods" VALUES('shop_013','pm_shopeepay');
INSERT INTO "shop_payment_methods" VALUES('shop_013','pm_zalopay');
INSERT INTO "shop_payment_methods" VALUES('shop_013','pm_cash');
INSERT INTO "shop_payment_methods" VALUES('shop_014','pm_card');
INSERT INTO "shop_payment_methods" VALUES('shop_014','pm_zalopay');
INSERT INTO "shop_payment_methods" VALUES('shop_014','pm_cash');
INSERT INTO "shop_payment_methods" VALUES('shop_014','pm_momo');
INSERT INTO "shop_payment_methods" VALUES('shop_015','pm_zalopay');
INSERT INTO "shop_payment_methods" VALUES('shop_015','pm_card');
INSERT INTO "shop_payment_methods" VALUES('shop_015','pm_momo');
INSERT INTO "shop_payment_methods" VALUES('shop_015','pm_cash');
INSERT INTO "shop_payment_methods" VALUES('shop_016','pm_cash');
INSERT INTO "shop_payment_methods" VALUES('shop_016','pm_momo');
INSERT INTO "shop_payment_methods" VALUES('shop_016','pm_shopeepay');
INSERT INTO "shop_payment_methods" VALUES('shop_016','pm_card');
INSERT INTO "shop_payment_methods" VALUES('shop_017','pm_cash');
INSERT INTO "shop_payment_methods" VALUES('shop_017','pm_card');
INSERT INTO "shop_payment_methods" VALUES('shop_017','pm_momo');
INSERT INTO "shop_payment_methods" VALUES('shop_018','pm_shopeepay');
INSERT INTO "shop_payment_methods" VALUES('shop_018','pm_zalopay');
INSERT INTO "shop_payment_methods" VALUES('shop_018','pm_card');
INSERT INTO "shop_payment_methods" VALUES('shop_018','pm_momo');
INSERT INTO "shop_payment_methods" VALUES('shop_019','pm_shopeepay');
INSERT INTO "shop_payment_methods" VALUES('shop_019','pm_card');
INSERT INTO "shop_payment_methods" VALUES('shop_019','pm_zalopay');
INSERT INTO "shop_payment_methods" VALUES('shop_020','pm_momo');
INSERT INTO "shop_payment_methods" VALUES('shop_020','pm_card');
INSERT INTO "shop_payment_methods" VALUES('shop_020','pm_shopeepay');
INSERT INTO "shop_payment_methods" VALUES('shop_020','pm_cash');
INSERT INTO "shop_payment_methods" VALUES('shop_021','pm_zalopay');
INSERT INTO "shop_payment_methods" VALUES('shop_021','pm_cash');
INSERT INTO "shop_payment_methods" VALUES('shop_021','pm_momo');
INSERT INTO "shop_payment_methods" VALUES('shop_022','pm_cash');
INSERT INTO "shop_payment_methods" VALUES('shop_022','pm_card');
INSERT INTO "shop_payment_methods" VALUES('shop_022','pm_shopeepay');
INSERT INTO "shop_payment_methods" VALUES('shop_022','pm_momo');
INSERT INTO "shop_payment_methods" VALUES('shop_023','pm_zalopay');
INSERT INTO "shop_payment_methods" VALUES('shop_023','pm_card');
INSERT INTO "shop_payment_methods" VALUES('shop_023','pm_shopeepay');
INSERT INTO "shop_payment_methods" VALUES('shop_024','pm_momo');
INSERT INTO "shop_payment_methods" VALUES('shop_024','pm_shopeepay');
INSERT INTO "shop_payment_methods" VALUES('shop_024','pm_card');
INSERT INTO "shop_payment_methods" VALUES('shop_024','pm_zalopay');
INSERT INTO "shop_payment_methods" VALUES('shop_025','pm_momo');
INSERT INTO "shop_payment_methods" VALUES('shop_025','pm_card');
INSERT INTO "shop_payment_methods" VALUES('shop_025','pm_cash');
INSERT INTO "shop_payment_methods" VALUES('shop_026','pm_zalopay');
INSERT INTO "shop_payment_methods" VALUES('shop_026','pm_shopeepay');
INSERT INTO "shop_payment_methods" VALUES('shop_026','pm_momo');
INSERT INTO "shop_payment_methods" VALUES('shop_027','pm_shopeepay');
INSERT INTO "shop_payment_methods" VALUES('shop_027','pm_momo');
INSERT INTO "shop_payment_methods" VALUES('shop_027','pm_card');
INSERT INTO "shop_payment_methods" VALUES('shop_027','pm_zalopay');
INSERT INTO "shop_payment_methods" VALUES('shop_027','pm_cash');
INSERT INTO "shop_payment_methods" VALUES('shop_028','pm_cash');
INSERT INTO "shop_payment_methods" VALUES('shop_028','pm_card');
INSERT INTO "shop_payment_methods" VALUES('shop_028','pm_zalopay');
INSERT INTO "shop_payment_methods" VALUES('shop_028','pm_shopeepay');
INSERT INTO "shop_payment_methods" VALUES('shop_028','pm_momo');
INSERT INTO "shop_payment_methods" VALUES('shop_029','pm_zalopay');
INSERT INTO "shop_payment_methods" VALUES('shop_029','pm_momo');
INSERT INTO "shop_payment_methods" VALUES('shop_029','pm_shopeepay');
INSERT INTO "shop_payment_methods" VALUES('shop_030','pm_momo');
INSERT INTO "shop_payment_methods" VALUES('shop_030','pm_card');
INSERT INTO "shop_payment_methods" VALUES('shop_030','pm_zalopay');
INSERT INTO "shop_payment_methods" VALUES('shop_031','pm_card');
INSERT INTO "shop_payment_methods" VALUES('shop_031','pm_zalopay');
INSERT INTO "shop_payment_methods" VALUES('shop_031','pm_cash');
INSERT INTO "shop_payment_methods" VALUES('shop_032','pm_momo');
INSERT INTO "shop_payment_methods" VALUES('shop_032','pm_shopeepay');
INSERT INTO "shop_payment_methods" VALUES('shop_032','pm_card');
INSERT INTO "shop_payment_methods" VALUES('shop_032','pm_zalopay');
INSERT INTO "shop_payment_methods" VALUES('shop_032','pm_cash');
INSERT INTO "shop_payment_methods" VALUES('shop_033','pm_cash');
INSERT INTO "shop_payment_methods" VALUES('shop_033','pm_zalopay');
INSERT INTO "shop_payment_methods" VALUES('shop_033','pm_shopeepay');
INSERT INTO "shop_payment_methods" VALUES('shop_033','pm_card');
INSERT INTO "shop_payment_methods" VALUES('shop_033','pm_momo');
INSERT INTO "shop_payment_methods" VALUES('shop_034','pm_momo');
INSERT INTO "shop_payment_methods" VALUES('shop_034','pm_zalopay');
INSERT INTO "shop_payment_methods" VALUES('shop_034','pm_cash');
INSERT INTO "shop_payment_methods" VALUES('shop_034','pm_card');
INSERT INTO "shop_payment_methods" VALUES('shop_035','pm_shopeepay');
INSERT INTO "shop_payment_methods" VALUES('shop_035','pm_card');
INSERT INTO "shop_payment_methods" VALUES('shop_035','pm_cash');
INSERT INTO "shop_payment_methods" VALUES('shop_035','pm_zalopay');
INSERT INTO "shop_payment_methods" VALUES('shop_036','pm_cash');
INSERT INTO "shop_payment_methods" VALUES('shop_036','pm_card');
INSERT INTO "shop_payment_methods" VALUES('shop_036','pm_momo');
INSERT INTO "shop_payment_methods" VALUES('shop_036','pm_shopeepay');
INSERT INTO "shop_payment_methods" VALUES('shop_036','pm_zalopay');
INSERT INTO "shop_payment_methods" VALUES('shop_037','pm_cash');
INSERT INTO "shop_payment_methods" VALUES('shop_037','pm_shopeepay');
INSERT INTO "shop_payment_methods" VALUES('shop_037','pm_momo');
INSERT INTO "shop_payment_methods" VALUES('shop_038','pm_card');
INSERT INTO "shop_payment_methods" VALUES('shop_038','pm_zalopay');
INSERT INTO "shop_payment_methods" VALUES('shop_038','pm_shopeepay');
INSERT INTO "shop_payment_methods" VALUES('shop_039','pm_momo');
INSERT INTO "shop_payment_methods" VALUES('shop_039','pm_shopeepay');
INSERT INTO "shop_payment_methods" VALUES('shop_039','pm_zalopay');
INSERT INTO "shop_payment_methods" VALUES('shop_039','pm_cash');
INSERT INTO "shop_payment_methods" VALUES('shop_040','pm_shopeepay');
INSERT INTO "shop_payment_methods" VALUES('shop_040','pm_momo');
INSERT INTO "shop_payment_methods" VALUES('shop_040','pm_cash');
INSERT INTO "shop_payment_methods" VALUES('shop_040','pm_card');
INSERT INTO "shop_payment_methods" VALUES('shop_040','pm_zalopay');
INSERT INTO "shop_payment_methods" VALUES('shop_041','pm_card');
INSERT INTO "shop_payment_methods" VALUES('shop_041','pm_shopeepay');
INSERT INTO "shop_payment_methods" VALUES('shop_041','pm_momo');
INSERT INTO "shop_payment_methods" VALUES('shop_041','pm_cash');
INSERT INTO "shop_payment_methods" VALUES('shop_041','pm_zalopay');
INSERT INTO "shop_payment_methods" VALUES('shop_042','pm_shopeepay');
INSERT INTO "shop_payment_methods" VALUES('shop_042','pm_card');
INSERT INTO "shop_payment_methods" VALUES('shop_042','pm_cash');
INSERT INTO "shop_payment_methods" VALUES('shop_043','pm_shopeepay');
INSERT INTO "shop_payment_methods" VALUES('shop_043','pm_zalopay');
INSERT INTO "shop_payment_methods" VALUES('shop_043','pm_card');
INSERT INTO "shop_payment_methods" VALUES('shop_043','pm_momo');
INSERT INTO "shop_payment_methods" VALUES('shop_044','pm_momo');
INSERT INTO "shop_payment_methods" VALUES('shop_044','pm_card');
INSERT INTO "shop_payment_methods" VALUES('shop_044','pm_cash');
INSERT INTO "shop_payment_methods" VALUES('shop_044','pm_zalopay');
CREATE TABLE shop_promotions (
  shop_id TEXT NOT NULL,
  promotion_id TEXT NOT NULL,
  PRIMARY KEY (shop_id, promotion_id),
  FOREIGN KEY (shop_id) REFERENCES shops(id) ON DELETE CASCADE,
  FOREIGN KEY (promotion_id) REFERENCES promotions(id) ON DELETE CASCADE
);
INSERT INTO "shop_promotions" VALUES('shop_001','promo_008');
INSERT INTO "shop_promotions" VALUES('shop_001','promo_004');
INSERT INTO "shop_promotions" VALUES('shop_002','promo_006');
INSERT INTO "shop_promotions" VALUES('shop_002','promo_004');
INSERT INTO "shop_promotions" VALUES('shop_003','promo_001');
INSERT INTO "shop_promotions" VALUES('shop_003','promo_005');
INSERT INTO "shop_promotions" VALUES('shop_003','promo_003');
INSERT INTO "shop_promotions" VALUES('shop_004','promo_004');
INSERT INTO "shop_promotions" VALUES('shop_005','promo_003');
INSERT INTO "shop_promotions" VALUES('shop_006','promo_004');
INSERT INTO "shop_promotions" VALUES('shop_006','promo_003');
INSERT INTO "shop_promotions" VALUES('shop_006','promo_007');
INSERT INTO "shop_promotions" VALUES('shop_007','promo_008');
INSERT INTO "shop_promotions" VALUES('shop_007','promo_004');
INSERT INTO "shop_promotions" VALUES('shop_008','promo_008');
INSERT INTO "shop_promotions" VALUES('shop_009','promo_005');
INSERT INTO "shop_promotions" VALUES('shop_010','promo_007');
INSERT INTO "shop_promotions" VALUES('shop_010','promo_006');
INSERT INTO "shop_promotions" VALUES('shop_010','promo_002');
INSERT INTO "shop_promotions" VALUES('shop_011','promo_006');
INSERT INTO "shop_promotions" VALUES('shop_011','promo_003');
INSERT INTO "shop_promotions" VALUES('shop_012','promo_003');
INSERT INTO "shop_promotions" VALUES('shop_012','promo_001');
INSERT INTO "shop_promotions" VALUES('shop_012','promo_006');
INSERT INTO "shop_promotions" VALUES('shop_013','promo_008');
INSERT INTO "shop_promotions" VALUES('shop_013','promo_006');
INSERT INTO "shop_promotions" VALUES('shop_013','promo_007');
INSERT INTO "shop_promotions" VALUES('shop_014','promo_005');
INSERT INTO "shop_promotions" VALUES('shop_015','promo_003');
INSERT INTO "shop_promotions" VALUES('shop_015','promo_005');
INSERT INTO "shop_promotions" VALUES('shop_015','promo_001');
INSERT INTO "shop_promotions" VALUES('shop_016','promo_004');
INSERT INTO "shop_promotions" VALUES('shop_016','promo_003');
INSERT INTO "shop_promotions" VALUES('shop_016','promo_007');
INSERT INTO "shop_promotions" VALUES('shop_017','promo_007');
INSERT INTO "shop_promotions" VALUES('shop_017','promo_008');
INSERT INTO "shop_promotions" VALUES('shop_017','promo_004');
INSERT INTO "shop_promotions" VALUES('shop_018','promo_003');
INSERT INTO "shop_promotions" VALUES('shop_018','promo_006');
INSERT INTO "shop_promotions" VALUES('shop_018','promo_001');
INSERT INTO "shop_promotions" VALUES('shop_019','promo_003');
INSERT INTO "shop_promotions" VALUES('shop_019','promo_002');
INSERT INTO "shop_promotions" VALUES('shop_019','promo_006');
INSERT INTO "shop_promotions" VALUES('shop_020','promo_007');
INSERT INTO "shop_promotions" VALUES('shop_020','promo_001');
INSERT INTO "shop_promotions" VALUES('shop_021','promo_006');
INSERT INTO "shop_promotions" VALUES('shop_022','promo_008');
INSERT INTO "shop_promotions" VALUES('shop_022','promo_006');
INSERT INTO "shop_promotions" VALUES('shop_023','promo_001');
INSERT INTO "shop_promotions" VALUES('shop_023','promo_006');
INSERT INTO "shop_promotions" VALUES('shop_023','promo_003');
INSERT INTO "shop_promotions" VALUES('shop_024','promo_003');
INSERT INTO "shop_promotions" VALUES('shop_025','promo_003');
INSERT INTO "shop_promotions" VALUES('shop_025','promo_008');
INSERT INTO "shop_promotions" VALUES('shop_026','promo_007');
INSERT INTO "shop_promotions" VALUES('shop_026','promo_003');
INSERT INTO "shop_promotions" VALUES('shop_027','promo_004');
INSERT INTO "shop_promotions" VALUES('shop_028','promo_008');
INSERT INTO "shop_promotions" VALUES('shop_028','promo_002');
INSERT INTO "shop_promotions" VALUES('shop_029','promo_004');
INSERT INTO "shop_promotions" VALUES('shop_029','promo_002');
INSERT INTO "shop_promotions" VALUES('shop_030','promo_007');
INSERT INTO "shop_promotions" VALUES('shop_030','promo_008');
INSERT INTO "shop_promotions" VALUES('shop_030','promo_003');
INSERT INTO "shop_promotions" VALUES('shop_031','promo_006');
INSERT INTO "shop_promotions" VALUES('shop_032','promo_002');
INSERT INTO "shop_promotions" VALUES('shop_032','promo_007');
INSERT INTO "shop_promotions" VALUES('shop_032','promo_003');
INSERT INTO "shop_promotions" VALUES('shop_033','promo_004');
INSERT INTO "shop_promotions" VALUES('shop_033','promo_002');
INSERT INTO "shop_promotions" VALUES('shop_034','promo_002');
INSERT INTO "shop_promotions" VALUES('shop_034','promo_005');
INSERT INTO "shop_promotions" VALUES('shop_035','promo_008');
INSERT INTO "shop_promotions" VALUES('shop_035','promo_006');
INSERT INTO "shop_promotions" VALUES('shop_036','promo_002');
INSERT INTO "shop_promotions" VALUES('shop_036','promo_008');
INSERT INTO "shop_promotions" VALUES('shop_037','promo_003');
INSERT INTO "shop_promotions" VALUES('shop_038','promo_004');
INSERT INTO "shop_promotions" VALUES('shop_039','promo_004');
INSERT INTO "shop_promotions" VALUES('shop_039','promo_007');
INSERT INTO "shop_promotions" VALUES('shop_039','promo_008');
INSERT INTO "shop_promotions" VALUES('shop_040','promo_007');
INSERT INTO "shop_promotions" VALUES('shop_040','promo_003');
INSERT INTO "shop_promotions" VALUES('shop_041','promo_006');
INSERT INTO "shop_promotions" VALUES('shop_041','promo_002');
INSERT INTO "shop_promotions" VALUES('shop_041','promo_008');
INSERT INTO "shop_promotions" VALUES('shop_042','promo_007');
INSERT INTO "shop_promotions" VALUES('shop_042','promo_006');
INSERT INTO "shop_promotions" VALUES('shop_042','promo_008');
INSERT INTO "shop_promotions" VALUES('shop_043','promo_006');
INSERT INTO "shop_promotions" VALUES('shop_044','promo_005');
INSERT INTO "shop_promotions" VALUES('shop_044','promo_006');
CREATE TABLE shop_tags (
  shop_id TEXT NOT NULL,
  tag_id TEXT NOT NULL,
  PRIMARY KEY (shop_id, tag_id),
  FOREIGN KEY (shop_id) REFERENCES shops(id) ON DELETE CASCADE,
  FOREIGN KEY (tag_id) REFERENCES tags(id)
);
INSERT INTO "shop_tags" VALUES('shop_001','tag_025');
INSERT INTO "shop_tags" VALUES('shop_001','tag_055');
INSERT INTO "shop_tags" VALUES('shop_001','tag_093');
INSERT INTO "shop_tags" VALUES('shop_001','tag_062');
INSERT INTO "shop_tags" VALUES('shop_001','tag_065');
INSERT INTO "shop_tags" VALUES('shop_002','tag_057');
INSERT INTO "shop_tags" VALUES('shop_002','tag_017');
INSERT INTO "shop_tags" VALUES('shop_002','tag_092');
INSERT INTO "shop_tags" VALUES('shop_002','tag_094');
INSERT INTO "shop_tags" VALUES('shop_002','tag_065');
INSERT INTO "shop_tags" VALUES('shop_003','tag_051');
INSERT INTO "shop_tags" VALUES('shop_003','tag_098');
INSERT INTO "shop_tags" VALUES('shop_003','tag_090');
INSERT INTO "shop_tags" VALUES('shop_003','tag_094');
INSERT INTO "shop_tags" VALUES('shop_003','tag_065');
INSERT INTO "shop_tags" VALUES('shop_004','tag_039');
INSERT INTO "shop_tags" VALUES('shop_004','tag_086');
INSERT INTO "shop_tags" VALUES('shop_004','tag_089');
INSERT INTO "shop_tags" VALUES('shop_004','tag_068');
INSERT INTO "shop_tags" VALUES('shop_004','tag_065');
INSERT INTO "shop_tags" VALUES('shop_005','tag_046');
INSERT INTO "shop_tags" VALUES('shop_005','tag_017');
INSERT INTO "shop_tags" VALUES('shop_005','tag_051');
INSERT INTO "shop_tags" VALUES('shop_005','tag_094');
INSERT INTO "shop_tags" VALUES('shop_005','tag_065');
INSERT INTO "shop_tags" VALUES('shop_006','tag_092');
INSERT INTO "shop_tags" VALUES('shop_006','tag_071');
INSERT INTO "shop_tags" VALUES('shop_006','tag_035');
INSERT INTO "shop_tags" VALUES('shop_006','tag_055');
INSERT INTO "shop_tags" VALUES('shop_006','tag_065');
INSERT INTO "shop_tags" VALUES('shop_007','tag_066');
INSERT INTO "shop_tags" VALUES('shop_007','tag_057');
INSERT INTO "shop_tags" VALUES('shop_007','tag_092');
INSERT INTO "shop_tags" VALUES('shop_007','tag_035');
INSERT INTO "shop_tags" VALUES('shop_007','tag_065');
INSERT INTO "shop_tags" VALUES('shop_008','tag_011');
INSERT INTO "shop_tags" VALUES('shop_008','tag_055');
INSERT INTO "shop_tags" VALUES('shop_008','tag_093');
INSERT INTO "shop_tags" VALUES('shop_008','tag_032');
INSERT INTO "shop_tags" VALUES('shop_008','tag_065');
INSERT INTO "shop_tags" VALUES('shop_009','tag_067');
INSERT INTO "shop_tags" VALUES('shop_009','tag_090');
INSERT INTO "shop_tags" VALUES('shop_009','tag_064');
INSERT INTO "shop_tags" VALUES('shop_009','tag_094');
INSERT INTO "shop_tags" VALUES('shop_009','tag_065');
INSERT INTO "shop_tags" VALUES('shop_010','tag_052');
INSERT INTO "shop_tags" VALUES('shop_010','tag_075');
INSERT INTO "shop_tags" VALUES('shop_010','tag_002');
INSERT INTO "shop_tags" VALUES('shop_010','tag_093');
INSERT INTO "shop_tags" VALUES('shop_010','tag_065');
INSERT INTO "shop_tags" VALUES('shop_011','tag_044');
INSERT INTO "shop_tags" VALUES('shop_011','tag_057');
INSERT INTO "shop_tags" VALUES('shop_011','tag_094');
INSERT INTO "shop_tags" VALUES('shop_011','tag_017');
INSERT INTO "shop_tags" VALUES('shop_011','tag_065');
INSERT INTO "shop_tags" VALUES('shop_012','tag_018');
INSERT INTO "shop_tags" VALUES('shop_012','tag_039');
INSERT INTO "shop_tags" VALUES('shop_012','tag_086');
INSERT INTO "shop_tags" VALUES('shop_012','tag_055');
INSERT INTO "shop_tags" VALUES('shop_012','tag_065');
INSERT INTO "shop_tags" VALUES('shop_013','tag_031');
INSERT INTO "shop_tags" VALUES('shop_013','tag_050');
INSERT INTO "shop_tags" VALUES('shop_013','tag_090');
INSERT INTO "shop_tags" VALUES('shop_013','tag_092');
INSERT INTO "shop_tags" VALUES('shop_013','tag_065');
INSERT INTO "shop_tags" VALUES('shop_014','tag_004');
INSERT INTO "shop_tags" VALUES('shop_014','tag_033');
INSERT INTO "shop_tags" VALUES('shop_014','tag_094');
INSERT INTO "shop_tags" VALUES('shop_014','tag_035');
INSERT INTO "shop_tags" VALUES('shop_014','tag_065');
INSERT INTO "shop_tags" VALUES('shop_015','tag_026');
INSERT INTO "shop_tags" VALUES('shop_015','tag_093');
INSERT INTO "shop_tags" VALUES('shop_015','tag_032');
INSERT INTO "shop_tags" VALUES('shop_015','tag_062');
INSERT INTO "shop_tags" VALUES('shop_015','tag_065');
INSERT INTO "shop_tags" VALUES('shop_016','tag_014');
INSERT INTO "shop_tags" VALUES('shop_016','tag_049');
INSERT INTO "shop_tags" VALUES('shop_016','tag_090');
INSERT INTO "shop_tags" VALUES('shop_016','tag_097');
INSERT INTO "shop_tags" VALUES('shop_016','tag_065');
INSERT INTO "shop_tags" VALUES('shop_017','tag_079');
INSERT INTO "shop_tags" VALUES('shop_017','tag_099');
INSERT INTO "shop_tags" VALUES('shop_017','tag_095');
INSERT INTO "shop_tags" VALUES('shop_017','tag_060');
INSERT INTO "shop_tags" VALUES('shop_017','tag_065');
INSERT INTO "shop_tags" VALUES('shop_018','tag_021');
INSERT INTO "shop_tags" VALUES('shop_018','tag_032');
INSERT INTO "shop_tags" VALUES('shop_018','tag_092');
INSERT INTO "shop_tags" VALUES('shop_018','tag_088');
INSERT INTO "shop_tags" VALUES('shop_018','tag_065');
INSERT INTO "shop_tags" VALUES('shop_019','tag_025');
INSERT INTO "shop_tags" VALUES('shop_019','tag_055');
INSERT INTO "shop_tags" VALUES('shop_019','tag_034');
INSERT INTO "shop_tags" VALUES('shop_019','tag_093');
INSERT INTO "shop_tags" VALUES('shop_019','tag_065');
INSERT INTO "shop_tags" VALUES('shop_020','tag_006');
INSERT INTO "shop_tags" VALUES('shop_020','tag_040');
INSERT INTO "shop_tags" VALUES('shop_020','tag_057');
INSERT INTO "shop_tags" VALUES('shop_020','tag_094');
INSERT INTO "shop_tags" VALUES('shop_020','tag_065');
INSERT INTO "shop_tags" VALUES('shop_021','tag_053');
INSERT INTO "shop_tags" VALUES('shop_021','tag_017');
INSERT INTO "shop_tags" VALUES('shop_021','tag_019');
INSERT INTO "shop_tags" VALUES('shop_021','tag_094');
INSERT INTO "shop_tags" VALUES('shop_021','tag_065');
INSERT INTO "shop_tags" VALUES('shop_022','tag_048');
INSERT INTO "shop_tags" VALUES('shop_022','tag_071');
INSERT INTO "shop_tags" VALUES('shop_022','tag_095');
INSERT INTO "shop_tags" VALUES('shop_022','tag_088');
INSERT INTO "shop_tags" VALUES('shop_022','tag_065');
INSERT INTO "shop_tags" VALUES('shop_023','tag_084');
INSERT INTO "shop_tags" VALUES('shop_023','tag_092');
INSERT INTO "shop_tags" VALUES('shop_023','tag_071');
INSERT INTO "shop_tags" VALUES('shop_023','tag_062');
INSERT INTO "shop_tags" VALUES('shop_023','tag_065');
INSERT INTO "shop_tags" VALUES('shop_024','tag_013');
INSERT INTO "shop_tags" VALUES('shop_024','tag_057');
INSERT INTO "shop_tags" VALUES('shop_024','tag_092');
INSERT INTO "shop_tags" VALUES('shop_024','tag_055');
INSERT INTO "shop_tags" VALUES('shop_024','tag_065');
INSERT INTO "shop_tags" VALUES('shop_025','tag_083');
INSERT INTO "shop_tags" VALUES('shop_025','tag_042');
INSERT INTO "shop_tags" VALUES('shop_025','tag_035');
INSERT INTO "shop_tags" VALUES('shop_025','tag_093');
INSERT INTO "shop_tags" VALUES('shop_025','tag_065');
INSERT INTO "shop_tags" VALUES('shop_026','tag_029');
INSERT INTO "shop_tags" VALUES('shop_026','tag_093');
INSERT INTO "shop_tags" VALUES('shop_026','tag_035');
INSERT INTO "shop_tags" VALUES('shop_026','tag_022');
INSERT INTO "shop_tags" VALUES('shop_026','tag_065');
INSERT INTO "shop_tags" VALUES('shop_027','tag_101');
INSERT INTO "shop_tags" VALUES('shop_027','tag_040');
INSERT INTO "shop_tags" VALUES('shop_027','tag_094');
INSERT INTO "shop_tags" VALUES('shop_027','tag_088');
INSERT INTO "shop_tags" VALUES('shop_027','tag_065');
INSERT INTO "shop_tags" VALUES('shop_028','tag_015');
INSERT INTO "shop_tags" VALUES('shop_028','tag_003');
INSERT INTO "shop_tags" VALUES('shop_028','tag_092');
INSERT INTO "shop_tags" VALUES('shop_028','tag_099');
INSERT INTO "shop_tags" VALUES('shop_028','tag_065');
INSERT INTO "shop_tags" VALUES('shop_029','tag_047');
INSERT INTO "shop_tags" VALUES('shop_029','tag_054');
INSERT INTO "shop_tags" VALUES('shop_029','tag_093');
INSERT INTO "shop_tags" VALUES('shop_029','tag_097');
INSERT INTO "shop_tags" VALUES('shop_029','tag_065');
INSERT INTO "shop_tags" VALUES('shop_030','tag_045');
INSERT INTO "shop_tags" VALUES('shop_030','tag_076');
INSERT INTO "shop_tags" VALUES('shop_030','tag_090');
INSERT INTO "shop_tags" VALUES('shop_030','tag_017');
INSERT INTO "shop_tags" VALUES('shop_030','tag_065');
INSERT INTO "shop_tags" VALUES('shop_031','tag_027');
INSERT INTO "shop_tags" VALUES('shop_031','tag_055');
INSERT INTO "shop_tags" VALUES('shop_031','tag_093');
INSERT INTO "shop_tags" VALUES('shop_031','tag_032');
INSERT INTO "shop_tags" VALUES('shop_031','tag_065');
INSERT INTO "shop_tags" VALUES('shop_032','tag_069');
INSERT INTO "shop_tags" VALUES('shop_032','tag_052');
INSERT INTO "shop_tags" VALUES('shop_032','tag_057');
INSERT INTO "shop_tags" VALUES('shop_032','tag_094');
INSERT INTO "shop_tags" VALUES('shop_032','tag_065');
INSERT INTO "shop_tags" VALUES('shop_033','tag_049');
INSERT INTO "shop_tags" VALUES('shop_033','tag_011');
INSERT INTO "shop_tags" VALUES('shop_033','tag_093');
INSERT INTO "shop_tags" VALUES('shop_033','tag_063');
INSERT INTO "shop_tags" VALUES('shop_033','tag_065');
INSERT INTO "shop_tags" VALUES('shop_034','tag_051');
INSERT INTO "shop_tags" VALUES('shop_034','tag_028');
INSERT INTO "shop_tags" VALUES('shop_034','tag_093');
INSERT INTO "shop_tags" VALUES('shop_034','tag_017');
INSERT INTO "shop_tags" VALUES('shop_034','tag_065');
INSERT INTO "shop_tags" VALUES('shop_035','tag_023');
INSERT INTO "shop_tags" VALUES('shop_035','tag_059');
INSERT INTO "shop_tags" VALUES('shop_035','tag_017');
INSERT INTO "shop_tags" VALUES('shop_035','tag_094');
INSERT INTO "shop_tags" VALUES('shop_035','tag_065');
INSERT INTO "shop_tags" VALUES('shop_036','tag_072');
INSERT INTO "shop_tags" VALUES('shop_036','tag_039');
INSERT INTO "shop_tags" VALUES('shop_036','tag_086');
INSERT INTO "shop_tags" VALUES('shop_036','tag_093');
INSERT INTO "shop_tags" VALUES('shop_036','tag_065');
INSERT INTO "shop_tags" VALUES('shop_037','tag_010');
INSERT INTO "shop_tags" VALUES('shop_037','tag_092');
INSERT INTO "shop_tags" VALUES('shop_037','tag_062');
INSERT INTO "shop_tags" VALUES('shop_037','tag_097');
INSERT INTO "shop_tags" VALUES('shop_037','tag_065');
INSERT INTO "shop_tags" VALUES('shop_038','tag_038');
INSERT INTO "shop_tags" VALUES('shop_038','tag_039');
INSERT INTO "shop_tags" VALUES('shop_038','tag_091');
INSERT INTO "shop_tags" VALUES('shop_038','tag_086');
INSERT INTO "shop_tags" VALUES('shop_038','tag_065');
INSERT INTO "shop_tags" VALUES('shop_039','tag_041');
INSERT INTO "shop_tags" VALUES('shop_039','tag_057');
INSERT INTO "shop_tags" VALUES('shop_039','tag_092');
INSERT INTO "shop_tags" VALUES('shop_039','tag_055');
INSERT INTO "shop_tags" VALUES('shop_039','tag_065');
INSERT INTO "shop_tags" VALUES('shop_040','tag_008');
INSERT INTO "shop_tags" VALUES('shop_040','tag_055');
INSERT INTO "shop_tags" VALUES('shop_040','tag_090');
INSERT INTO "shop_tags" VALUES('shop_040','tag_036');
INSERT INTO "shop_tags" VALUES('shop_040','tag_065');
INSERT INTO "shop_tags" VALUES('shop_041','tag_073');
INSERT INTO "shop_tags" VALUES('shop_041','tag_035');
INSERT INTO "shop_tags" VALUES('shop_041','tag_093');
INSERT INTO "shop_tags" VALUES('shop_041','tag_003');
INSERT INTO "shop_tags" VALUES('shop_041','tag_065');
INSERT INTO "shop_tags" VALUES('shop_042','tag_001');
INSERT INTO "shop_tags" VALUES('shop_042','tag_063');
INSERT INTO "shop_tags" VALUES('shop_042','tag_090');
INSERT INTO "shop_tags" VALUES('shop_042','tag_097');
INSERT INTO "shop_tags" VALUES('shop_042','tag_065');
INSERT INTO "shop_tags" VALUES('shop_043','tag_007');
INSERT INTO "shop_tags" VALUES('shop_043','tag_080');
INSERT INTO "shop_tags" VALUES('shop_043','tag_015');
INSERT INTO "shop_tags" VALUES('shop_043','tag_060');
INSERT INTO "shop_tags" VALUES('shop_043','tag_065');
INSERT INTO "shop_tags" VALUES('shop_044','tag_012');
INSERT INTO "shop_tags" VALUES('shop_044','tag_054');
INSERT INTO "shop_tags" VALUES('shop_044','tag_057');
INSERT INTO "shop_tags" VALUES('shop_044','tag_040');
INSERT INTO "shop_tags" VALUES('shop_044','tag_065');
CREATE TABLE shops (
  id TEXT PRIMARY KEY,
  region_id TEXT NOT NULL,
  name TEXT NOT NULL,
  slug TEXT NOT NULL UNIQUE,
  description TEXT,
  phone TEXT,
  email TEXT,
  avatar_url TEXT,
  cover_url TEXT,
  business_type TEXT NOT NULL,
  price_level INTEGER NOT NULL CHECK (price_level BETWEEN 1 AND 4),
  rating_avg REAL NOT NULL CHECK (rating_avg BETWEEN 0 AND 5),
  rating_count INTEGER NOT NULL DEFAULT 0,
  sold_count INTEGER NOT NULL DEFAULT 0,
  favorite_count INTEGER NOT NULL DEFAULT 0,
  min_order_amount INTEGER NOT NULL DEFAULT 0,
  avg_prepare_time_min INTEGER NOT NULL DEFAULT 10,
  avg_delivery_time_min INTEGER NOT NULL DEFAULT 20,
  status TEXT NOT NULL CHECK (status IN ('open','closed','busy','temporarily_closed')),
  is_verified INTEGER NOT NULL DEFAULT 0,
  created_at TEXT NOT NULL,
  updated_at TEXT NOT NULL,
  FOREIGN KEY (region_id) REFERENCES regions(id)
);
INSERT INTO "shops" VALUES('shop_001','hcm_q1','Cơm Tấm Ba Ghiền Q1','com-tam-ba-ghien-q1','Cơm Tấm Ba Ghiền Q1 phục vụ việt nam, cơm tấm trong khu vực Quận 1, phù hợp để chatbot gợi ý theo món, giá, khẩu vị và thời gian giao.','02899672792','com-tam-ba-ghien-q1@mock-shopeefood.local','https://cdn.mock.local/shops/shop_001/avatar.jpg','https://cdn.mock.local/shops/shop_001/cover.jpg','cloud_kitchen',2,4.1,1265,22588,1056,25000,8,36,'open',0,'2023-09-09T12:00:00+07:00','2026-05-23T12:00:00+07:00');
INSERT INTO "shops" VALUES('shop_002','hcm_q1','Bún Bò Huế Cô Mai','bun-bo-hue-co-mai','Bún Bò Huế Cô Mai phục vụ việt nam, bún bò huế trong khu vực Quận 1, phù hợp để chatbot gợi ý theo món, giá, khẩu vị và thời gian giao.','02866709572','bun-bo-hue-co-mai@mock-shopeefood.local','https://cdn.mock.local/shops/shop_002/avatar.jpg','https://cdn.mock.local/shops/shop_002/cover.jpg','bakery',2,4.1,916,23803,1849,50000,13,34,'open',0,'2024-11-17T12:00:00+07:00','2026-05-29T12:00:00+07:00');
INSERT INTO "shops" VALUES('shop_003','hcm_q1','Gà Rán Seoul Chicken','ga-ran-seoul-chicken','Gà Rán Seoul Chicken phục vụ hàn quốc, gà rán trong khu vực Quận 1, phù hợp để chatbot gợi ý theo món, giá, khẩu vị và thời gian giao.','02843159610','ga-ran-seoul-chicken@mock-shopeefood.local','https://cdn.mock.local/shops/shop_003/avatar.jpg','https://cdn.mock.local/shops/shop_003/cover.jpg','bakery',3,4.7,2379,18845,2641,40000,21,21,'closed',1,'2025-03-24T12:00:00+07:00','2026-05-29T12:00:00+07:00');
INSERT INTO "shops" VALUES('shop_004','hcm_q1','Healthy Bowl Saigon','healthy-bowl-saigon','Healthy Bowl Saigon phục vụ healthy, salad, eat clean trong khu vực Quận 1, phù hợp để chatbot gợi ý theo món, giá, khẩu vị và thời gian giao.','02891298175','healthy-bowl-saigon@mock-shopeefood.local','https://cdn.mock.local/shops/shop_004/avatar.jpg','https://cdn.mock.local/shops/shop_004/cover.jpg','cloud_kitchen',3,4.1,790,24681,324,25000,8,20,'open',1,'2023-09-16T12:00:00+07:00','2026-05-18T12:00:00+07:00');
INSERT INTO "shops" VALUES('shop_005','hcm_q1','Mì Cay Sasin Mini Q1','mi-cay-sasin-mini-q1','Mì Cay Sasin Mini Q1 phục vụ hàn quốc, mì cay trong khu vực Quận 1, phù hợp để chatbot gợi ý theo món, giá, khẩu vị và thời gian giao.','02856676955','mi-cay-sasin-mini-q1@mock-shopeefood.local','https://cdn.mock.local/shops/shop_005/avatar.jpg','https://cdn.mock.local/shops/shop_005/cover.jpg','restaurant',2,4.3,617,22483,2583,25000,20,31,'open',1,'2024-11-27T12:00:00+07:00','2026-05-31T12:00:00+07:00');
INSERT INTO "shops" VALUES('shop_006','hcm_q1','Bánh Mì Cô Lan','banh-mi-co-lan','Bánh Mì Cô Lan phục vụ việt nam, bánh mì trong khu vực Quận 1, phù hợp để chatbot gợi ý theo món, giá, khẩu vị và thời gian giao.','02849842927','banh-mi-co-lan@mock-shopeefood.local','https://cdn.mock.local/shops/shop_006/avatar.jpg','https://cdn.mock.local/shops/shop_006/cover.jpg','bakery',1,4.2,1379,21141,2200,50000,9,36,'open',1,'2024-01-25T12:00:00+07:00','2026-05-16T12:00:00+07:00');
INSERT INTO "shops" VALUES('shop_007','hcm_q1','Phở Bò Nam Định 24h','pho-bo-nam-inh-24h','Phở Bò Nam Định 24h phục vụ việt nam, phở trong khu vực Quận 1, phù hợp để chatbot gợi ý theo món, giá, khẩu vị và thời gian giao.','02880039335','pho-bo-nam-inh-24h@mock-shopeefood.local','https://cdn.mock.local/shops/shop_007/avatar.jpg','https://cdn.mock.local/shops/shop_007/cover.jpg','street_food',2,4.7,1247,10444,4079,60000,16,20,'closed',1,'2025-05-27T12:00:00+07:00','2026-05-17T12:00:00+07:00');
INSERT INTO "shops" VALUES('shop_008','hcm_q1','Bún Thịt Nướng An Nhiên','bun-thit-nuong-an-nhien','Bún Thịt Nướng An Nhiên phục vụ việt nam, bún thịt nướng trong khu vực Quận 1, phù hợp để chatbot gợi ý theo món, giá, khẩu vị và thời gian giao.','02871560809','bun-thit-nuong-an-nhien@mock-shopeefood.local','https://cdn.mock.local/shops/shop_008/avatar.jpg','https://cdn.mock.local/shops/shop_008/cover.jpg','street_food',2,4.5,740,17077,1521,30000,21,33,'open',0,'2025-01-24T12:00:00+07:00','2026-05-27T12:00:00+07:00');
INSERT INTO "shops" VALUES('shop_009','hcm_q1','Pizza Urban Slice','pizza-urban-slice','Pizza Urban Slice phục vụ ý, pizza trong khu vực Quận 1, phù hợp để chatbot gợi ý theo món, giá, khẩu vị và thời gian giao.','02815542530','pizza-urban-slice@mock-shopeefood.local','https://cdn.mock.local/shops/shop_009/avatar.jpg','https://cdn.mock.local/shops/shop_009/cover.jpg','bakery',3,4.1,1458,27158,4824,50000,19,23,'open',1,'2024-02-12T12:00:00+07:00','2026-05-28T12:00:00+07:00');
INSERT INTO "shops" VALUES('shop_010','hcm_q1','Sushi Bento Tokyo','sushi-bento-tokyo','Sushi Bento Tokyo phục vụ nhật bản, sushi, bento trong khu vực Quận 1, phù hợp để chatbot gợi ý theo món, giá, khẩu vị và thời gian giao.','02833523345','sushi-bento-tokyo@mock-shopeefood.local','https://cdn.mock.local/shops/shop_010/avatar.jpg','https://cdn.mock.local/shops/shop_010/cover.jpg','bakery',3,4.6,2289,25681,4820,60000,17,36,'open',1,'2023-05-28T12:00:00+07:00','2026-05-19T12:00:00+07:00');
INSERT INTO "shops" VALUES('shop_011','hcm_q1','Lẩu Mini Một Người','lau-mini-mot-nguoi','Lẩu Mini Một Người phục vụ lẩu, việt nam, thái trong khu vực Quận 1, phù hợp để chatbot gợi ý theo món, giá, khẩu vị và thời gian giao.','02810729292','lau-mini-mot-nguoi@mock-shopeefood.local','https://cdn.mock.local/shops/shop_011/avatar.jpg','https://cdn.mock.local/shops/shop_011/cover.jpg','restaurant',2,4.1,2277,19311,4409,40000,12,19,'open',1,'2025-03-14T12:00:00+07:00','2026-05-19T12:00:00+07:00');
INSERT INTO "shops" VALUES('shop_012','hcm_q1','Bếp Chay Sen Vàng','bep-chay-sen-vang','Bếp Chay Sen Vàng phục vụ chay, việt nam trong khu vực Quận 1, phù hợp để chatbot gợi ý theo món, giá, khẩu vị và thời gian giao.','02830338310','bep-chay-sen-vang@mock-shopeefood.local','https://cdn.mock.local/shops/shop_012/avatar.jpg','https://cdn.mock.local/shops/shop_012/cover.jpg','bakery',1,4.4,967,4905,2391,40000,20,32,'busy',0,'2025-05-06T12:00:00+07:00','2026-05-23T12:00:00+07:00');
INSERT INTO "shops" VALUES('shop_013','hcm_q1','Dimsum Hồng Kông Express','dimsum-hong-kong-express','Dimsum Hồng Kông Express phục vụ hoa, dimsum trong khu vực Quận 1, phù hợp để chatbot gợi ý theo món, giá, khẩu vị và thời gian giao.','02868015039','dimsum-hong-kong-express@mock-shopeefood.local','https://cdn.mock.local/shops/shop_013/avatar.jpg','https://cdn.mock.local/shops/shop_013/cover.jpg','bakery',2,4.4,298,27904,2500,30000,20,36,'open',1,'2025-08-15T12:00:00+07:00','2026-05-30T12:00:00+07:00');
INSERT INTO "shops" VALUES('shop_014','hcm_q1','Burger Station Q1','burger-station-q1','Burger Station Q1 phục vụ mỹ, burger trong khu vực Quận 1, phù hợp để chatbot gợi ý theo món, giá, khẩu vị và thời gian giao.','02888092916','burger-station-q1@mock-shopeefood.local','https://cdn.mock.local/shops/shop_014/avatar.jpg','https://cdn.mock.local/shops/shop_014/cover.jpg','cloud_kitchen',3,4.3,696,10002,1178,20000,18,26,'busy',1,'2024-04-06T12:00:00+07:00','2026-05-27T12:00:00+07:00');
INSERT INTO "shops" VALUES('shop_015','hcm_q1','Cơm Gà Hải Nam Singapore','com-ga-hai-nam-singapore','Cơm Gà Hải Nam Singapore phục vụ singapore, cơm gà trong khu vực Quận 1, phù hợp để chatbot gợi ý theo món, giá, khẩu vị và thời gian giao.','02816824766','com-ga-hai-nam-singapore@mock-shopeefood.local','https://cdn.mock.local/shops/shop_015/avatar.jpg','https://cdn.mock.local/shops/shop_015/cover.jpg','street_food',2,4.5,566,12980,3940,25000,8,33,'open',1,'2023-11-21T12:00:00+07:00','2026-05-19T12:00:00+07:00');
INSERT INTO "shops" VALUES('shop_016','hcm_q1','Bún Đậu Mắm Tôm Hà Nội','bun-au-mam-tom-ha-noi','Bún Đậu Mắm Tôm Hà Nội phục vụ việt nam, bún đậu trong khu vực Quận 1, phù hợp để chatbot gợi ý theo món, giá, khẩu vị và thời gian giao.','02815425907','bun-au-mam-tom-ha-noi@mock-shopeefood.local','https://cdn.mock.local/shops/shop_016/avatar.jpg','https://cdn.mock.local/shops/shop_016/cover.jpg','bakery',2,4.9,1232,11463,1108,40000,14,32,'open',1,'2024-07-02T12:00:00+07:00','2026-05-19T12:00:00+07:00');
INSERT INTO "shops" VALUES('shop_017','hcm_q1','Trà Sữa Moon Tea','tra-sua-moon-tea','Trà Sữa Moon Tea phục vụ đồ uống, trà sữa trong khu vực Quận 1, phù hợp để chatbot gợi ý theo món, giá, khẩu vị và thời gian giao.','02859946388','tra-sua-moon-tea@mock-shopeefood.local','https://cdn.mock.local/shops/shop_017/avatar.jpg','https://cdn.mock.local/shops/shop_017/cover.jpg','cloud_kitchen',1,4.7,479,18794,3523,30000,15,20,'open',1,'2025-01-13T12:00:00+07:00','2026-05-22T12:00:00+07:00');
INSERT INTO "shops" VALUES('shop_018','hcm_q1','Cháo Sườn Chú Tư','chao-suon-chu-tu','Cháo Sườn Chú Tư phục vụ việt nam, cháo trong khu vực Quận 1, phù hợp để chatbot gợi ý theo món, giá, khẩu vị và thời gian giao.','02862183089','chao-suon-chu-tu@mock-shopeefood.local','https://cdn.mock.local/shops/shop_018/avatar.jpg','https://cdn.mock.local/shops/shop_018/cover.jpg','cloud_kitchen',1,4.8,718,24166,1096,30000,16,18,'open',1,'2023-08-12T12:00:00+07:00','2026-05-24T12:00:00+07:00');
INSERT INTO "shops" VALUES('shop_019','hcm_q1','Cơm Niêu Nhà Quê','com-nieu-nha-que','Cơm Niêu Nhà Quê phục vụ việt nam, cơm niêu trong khu vực Quận 1, phù hợp để chatbot gợi ý theo món, giá, khẩu vị và thời gian giao.','02864375360','com-nieu-nha-que@mock-shopeefood.local','https://cdn.mock.local/shops/shop_019/avatar.jpg','https://cdn.mock.local/shops/shop_019/cover.jpg','drink_shop',2,4.8,1023,7486,2016,30000,17,37,'open',1,'2023-10-28T12:00:00+07:00','2026-05-22T12:00:00+07:00');
INSERT INTO "shops" VALUES('shop_020','hcm_q1','Bánh Canh Cua 79','banh-canh-cua-79','Bánh Canh Cua 79 phục vụ việt nam, bánh canh trong khu vực Quận 1, phù hợp để chatbot gợi ý theo món, giá, khẩu vị và thời gian giao.','02882720945','banh-canh-cua-79@mock-shopeefood.local','https://cdn.mock.local/shops/shop_020/avatar.jpg','https://cdn.mock.local/shops/shop_020/cover.jpg','restaurant',2,4.4,577,16340,3217,60000,8,20,'open',1,'2025-10-28T12:00:00+07:00','2026-05-23T12:00:00+07:00');
INSERT INTO "shops" VALUES('shop_021','hcm_q1','Bếp Thái Tuk Tuk','bep-thai-tuk-tuk','Bếp Thái Tuk Tuk phục vụ thái lan, món thái trong khu vực Quận 1, phù hợp để chatbot gợi ý theo món, giá, khẩu vị và thời gian giao.','02862330079','bep-thai-tuk-tuk@mock-shopeefood.local','https://cdn.mock.local/shops/shop_021/avatar.jpg','https://cdn.mock.local/shops/shop_021/cover.jpg','bakery',2,4.7,1644,22560,3042,30000,22,16,'open',0,'2023-11-16T12:00:00+07:00','2026-05-21T12:00:00+07:00');
INSERT INTO "shops" VALUES('shop_022','hcm_q1','Mì Trộn Indomie House','mi-tron-indomie-house','Mì Trộn Indomie House phục vụ indonesia, mì trộn trong khu vực Quận 1, phù hợp để chatbot gợi ý theo món, giá, khẩu vị và thời gian giao.','02852998348','mi-tron-indomie-house@mock-shopeefood.local','https://cdn.mock.local/shops/shop_022/avatar.jpg','https://cdn.mock.local/shops/shop_022/cover.jpg','cloud_kitchen',1,4.6,1935,26055,416,50000,20,33,'open',1,'2024-04-06T12:00:00+07:00','2026-06-01T12:00:00+07:00');
INSERT INTO "shops" VALUES('shop_023','hcm_q1','Xôi Mặn Cô Ba','xoi-man-co-ba','Xôi Mặn Cô Ba phục vụ việt nam, xôi trong khu vực Quận 1, phù hợp để chatbot gợi ý theo món, giá, khẩu vị và thời gian giao.','02899779641','xoi-man-co-ba@mock-shopeefood.local','https://cdn.mock.local/shops/shop_023/avatar.jpg','https://cdn.mock.local/shops/shop_023/cover.jpg','restaurant',1,4.3,517,3534,4198,50000,9,22,'open',1,'2025-11-29T12:00:00+07:00','2026-06-03T12:00:00+07:00');
INSERT INTO "shops" VALUES('shop_024','hcm_q1','Bún Riêu Cua Đồng','bun-rieu-cua-ong','Bún Riêu Cua Đồng phục vụ việt nam, bún riêu trong khu vực Quận 1, phù hợp để chatbot gợi ý theo món, giá, khẩu vị và thời gian giao.','02867906073','bun-rieu-cua-ong@mock-shopeefood.local','https://cdn.mock.local/shops/shop_024/avatar.jpg','https://cdn.mock.local/shops/shop_024/cover.jpg','drink_shop',1,4.4,2022,6229,2273,60000,14,33,'open',0,'2025-10-02T12:00:00+07:00','2026-06-01T12:00:00+07:00');
INSERT INTO "shops" VALUES('shop_025','hcm_q1','Kebab & Wrap Corner','kebab-wrap-corner','Kebab & Wrap Corner phục vụ trung đông, kebab, wrap trong khu vực Quận 1, phù hợp để chatbot gợi ý theo món, giá, khẩu vị và thời gian giao.','02837057137','kebab-wrap-corner@mock-shopeefood.local','https://cdn.mock.local/shops/shop_025/avatar.jpg','https://cdn.mock.local/shops/shop_025/cover.jpg','drink_shop',2,4.7,2005,7304,3152,20000,20,22,'open',1,'2024-04-12T12:00:00+07:00','2026-05-18T12:00:00+07:00');
INSERT INTO "shops" VALUES('shop_026','hcm_q1','Cơm Văn Phòng Bento Việt','com-van-phong-bento-viet','Cơm Văn Phòng Bento Việt phục vụ việt nam, cơm văn phòng trong khu vực Quận 1, phù hợp để chatbot gợi ý theo món, giá, khẩu vị và thời gian giao.','02858365727','com-van-phong-bento-viet@mock-shopeefood.local','https://cdn.mock.local/shops/shop_026/avatar.jpg','https://cdn.mock.local/shops/shop_026/cover.jpg','cloud_kitchen',2,4.1,1048,3835,1368,60000,17,28,'open',0,'2025-06-27T12:00:00+07:00','2026-06-02T12:00:00+07:00');
INSERT INTO "shops" VALUES('shop_027','hcm_q1','Ốc Đêm Sài Gòn','oc-em-sai-gon','Ốc Đêm Sài Gòn phục vụ việt nam, ốc, hải sản trong khu vực Quận 1, phù hợp để chatbot gợi ý theo món, giá, khẩu vị và thời gian giao.','02864647255','oc-em-sai-gon@mock-shopeefood.local','https://cdn.mock.local/shops/shop_027/avatar.jpg','https://cdn.mock.local/shops/shop_027/cover.jpg','cloud_kitchen',3,4.2,1278,25482,4146,40000,17,15,'busy',0,'2024-07-24T12:00:00+07:00','2026-06-01T12:00:00+07:00');
INSERT INTO "shops" VALUES('shop_028','hcm_q1','Cà Phê Sáng & Brunch','ca-phe-sang-brunch','Cà Phê Sáng & Brunch phục vụ cafe, brunch trong khu vực Quận 1, phù hợp để chatbot gợi ý theo món, giá, khẩu vị và thời gian giao.','02882536387','ca-phe-sang-brunch@mock-shopeefood.local','https://cdn.mock.local/shops/shop_028/avatar.jpg','https://cdn.mock.local/shops/shop_028/cover.jpg','restaurant',2,4.7,1450,26585,59,25000,20,37,'open',1,'2025-06-09T12:00:00+07:00','2026-05-15T12:00:00+07:00');
INSERT INTO "shops" VALUES('shop_029','hcm_q1','Mì Quảng Hội An','mi-quang-hoi-an','Mì Quảng Hội An phục vụ việt nam, mì quảng trong khu vực Quận 1, phù hợp để chatbot gợi ý theo món, giá, khẩu vị và thời gian giao.','02824158109','mi-quang-hoi-an@mock-shopeefood.local','https://cdn.mock.local/shops/shop_029/avatar.jpg','https://cdn.mock.local/shops/shop_029/cover.jpg','restaurant',2,4.2,415,25910,3171,20000,16,36,'open',1,'2024-02-02T12:00:00+07:00','2026-05-23T12:00:00+07:00');
INSERT INTO "shops" VALUES('shop_030','hcm_q1','Taco Fiesta','taco-fiesta','Taco Fiesta phục vụ mexico, taco, burrito trong khu vực Quận 1, phù hợp để chatbot gợi ý theo món, giá, khẩu vị và thời gian giao.','02890968346','taco-fiesta@mock-shopeefood.local','https://cdn.mock.local/shops/shop_030/avatar.jpg','https://cdn.mock.local/shops/shop_030/cover.jpg','bakery',2,4.7,841,18626,2665,25000,22,36,'open',1,'2024-07-10T12:00:00+07:00','2026-06-01T12:00:00+07:00');
INSERT INTO "shops" VALUES('shop_031','hcm_q1','Bếp Mẹ Nấu','bep-me-nau','Bếp Mẹ Nấu phục vụ việt nam, cơm nhà trong khu vực Quận 1, phù hợp để chatbot gợi ý theo món, giá, khẩu vị và thời gian giao.','02827478326','bep-me-nau@mock-shopeefood.local','https://cdn.mock.local/shops/shop_031/avatar.jpg','https://cdn.mock.local/shops/shop_031/cover.jpg','cloud_kitchen',2,4.4,1070,5348,4320,60000,10,30,'open',1,'2025-06-02T12:00:00+07:00','2026-05-28T12:00:00+07:00');
INSERT INTO "shops" VALUES('shop_032','hcm_q1','Ramen Ichiban','ramen-ichiban','Ramen Ichiban phục vụ nhật bản, ramen trong khu vực Quận 1, phù hợp để chatbot gợi ý theo món, giá, khẩu vị và thời gian giao.','02879136668','ramen-ichiban@mock-shopeefood.local','https://cdn.mock.local/shops/shop_032/avatar.jpg','https://cdn.mock.local/shops/shop_032/cover.jpg','restaurant',2,4.6,275,17178,2662,25000,22,25,'open',0,'2025-04-23T12:00:00+07:00','2026-05-20T12:00:00+07:00');
INSERT INTO "shops" VALUES('shop_033','hcm_q1','Bún Chả Hà Nội 36','bun-cha-ha-noi-36','Bún Chả Hà Nội 36 phục vụ việt nam, bún chả trong khu vực Quận 1, phù hợp để chatbot gợi ý theo món, giá, khẩu vị và thời gian giao.','02891137746','bun-cha-ha-noi-36@mock-shopeefood.local','https://cdn.mock.local/shops/shop_033/avatar.jpg','https://cdn.mock.local/shops/shop_033/cover.jpg','drink_shop',2,4.3,1706,10128,1205,50000,12,25,'closed',1,'2023-05-30T12:00:00+07:00','2026-05-19T12:00:00+07:00');
INSERT INTO "shops" VALUES('shop_034','hcm_q1','Cơm Trộn Bibimbap House','com-tron-bibimbap-house','Cơm Trộn Bibimbap House phục vụ hàn quốc, bibimbap trong khu vực Quận 1, phù hợp để chatbot gợi ý theo món, giá, khẩu vị và thời gian giao.','02816725614','com-tron-bibimbap-house@mock-shopeefood.local','https://cdn.mock.local/shops/shop_034/avatar.jpg','https://cdn.mock.local/shops/shop_034/cover.jpg','bakery',2,4.2,1672,5747,4009,60000,16,21,'open',1,'2025-07-06T12:00:00+07:00','2026-05-16T12:00:00+07:00');
INSERT INTO "shops" VALUES('shop_035','hcm_q1','Bếp Ấn Curry Corner','bep-an-curry-corner','Bếp Ấn Curry Corner phục vụ ấn độ, curry trong khu vực Quận 1, phù hợp để chatbot gợi ý theo món, giá, khẩu vị và thời gian giao.','02843955138','bep-an-curry-corner@mock-shopeefood.local','https://cdn.mock.local/shops/shop_035/avatar.jpg','https://cdn.mock.local/shops/shop_035/cover.jpg','street_food',3,4.8,2320,27823,481,20000,9,26,'open',1,'2023-05-28T12:00:00+07:00','2026-05-23T12:00:00+07:00');
INSERT INTO "shops" VALUES('shop_036','hcm_q1','Salad Stop Mini','salad-stop-mini','Salad Stop Mini phục vụ healthy, salad trong khu vực Quận 1, phù hợp để chatbot gợi ý theo món, giá, khẩu vị và thời gian giao.','02837265722','salad-stop-mini@mock-shopeefood.local','https://cdn.mock.local/shops/shop_036/avatar.jpg','https://cdn.mock.local/shops/shop_036/cover.jpg','restaurant',2,4.3,940,16788,4547,50000,17,18,'open',1,'2025-01-10T12:00:00+07:00','2026-05-17T12:00:00+07:00');
INSERT INTO "shops" VALUES('shop_037','hcm_q1','Bò Né 3 Ngon','bo-ne-3-ngon','Bò Né 3 Ngon phục vụ việt nam, bò né trong khu vực Quận 1, phù hợp để chatbot gợi ý theo món, giá, khẩu vị và thời gian giao.','02820447958','bo-ne-3-ngon@mock-shopeefood.local','https://cdn.mock.local/shops/shop_037/avatar.jpg','https://cdn.mock.local/shops/shop_037/cover.jpg','restaurant',2,4.3,1546,12479,1193,20000,22,23,'open',1,'2023-02-25T12:00:00+07:00','2026-05-29T12:00:00+07:00');
INSERT INTO "shops" VALUES('shop_038','hcm_q1','Gỏi Cuốn Fresh Roll','goi-cuon-fresh-roll','Gỏi Cuốn Fresh Roll phục vụ việt nam, cuốn trong khu vực Quận 1, phù hợp để chatbot gợi ý theo món, giá, khẩu vị và thời gian giao.','02813536757','goi-cuon-fresh-roll@mock-shopeefood.local','https://cdn.mock.local/shops/shop_038/avatar.jpg','https://cdn.mock.local/shops/shop_038/cover.jpg','drink_shop',2,4.2,384,24982,1220,25000,16,27,'open',1,'2024-08-30T12:00:00+07:00','2026-05-16T12:00:00+07:00');
INSERT INTO "shops" VALUES('shop_039','hcm_q1','Hủ Tiếu Nam Vang Tài Lộc','hu-tieu-nam-vang-tai-loc','Hủ Tiếu Nam Vang Tài Lộc phục vụ việt nam, hủ tiếu trong khu vực Quận 1, phù hợp để chatbot gợi ý theo món, giá, khẩu vị và thời gian giao.','02890474987','hu-tieu-nam-vang-tai-loc@mock-shopeefood.local','https://cdn.mock.local/shops/shop_039/avatar.jpg','https://cdn.mock.local/shops/shop_039/cover.jpg','drink_shop',2,4.3,1831,21163,4705,25000,15,18,'busy',1,'2023-03-03T12:00:00+07:00','2026-05-24T12:00:00+07:00');
INSERT INTO "shops" VALUES('shop_040','hcm_q1','Bánh Xèo Miền Tây','banh-xeo-mien-tay','Bánh Xèo Miền Tây phục vụ việt nam, bánh xèo trong khu vực Quận 1, phù hợp để chatbot gợi ý theo món, giá, khẩu vị và thời gian giao.','02863307973','banh-xeo-mien-tay@mock-shopeefood.local','https://cdn.mock.local/shops/shop_040/avatar.jpg','https://cdn.mock.local/shops/shop_040/cover.jpg','street_food',2,4.3,1466,6891,1022,50000,22,16,'open',0,'2023-04-09T12:00:00+07:00','2026-05-17T12:00:00+07:00');
INSERT INTO "shops" VALUES('shop_041','hcm_q1','Sandwich Deli Corner','sandwich-deli-corner','Sandwich Deli Corner phục vụ âu, sandwich trong khu vực Quận 1, phù hợp để chatbot gợi ý theo món, giá, khẩu vị và thời gian giao.','02875722914','sandwich-deli-corner@mock-shopeefood.local','https://cdn.mock.local/shops/shop_041/avatar.jpg','https://cdn.mock.local/shops/shop_041/cover.jpg','street_food',2,4.7,1372,12761,4123,20000,12,16,'open',0,'2025-09-02T12:00:00+07:00','2026-05-17T12:00:00+07:00');
INSERT INTO "shops" VALUES('shop_042','hcm_q1','Bếp Nướng BBQ Express','bep-nuong-bbq-express','Bếp Nướng BBQ Express phục vụ bbq, nướng trong khu vực Quận 1, phù hợp để chatbot gợi ý theo món, giá, khẩu vị và thời gian giao.','02899639912','bep-nuong-bbq-express@mock-shopeefood.local','https://cdn.mock.local/shops/shop_042/avatar.jpg','https://cdn.mock.local/shops/shop_042/cover.jpg','restaurant',3,4.8,1016,25535,884,60000,17,18,'open',0,'2025-04-19T12:00:00+07:00','2026-05-24T12:00:00+07:00');
INSERT INTO "shops" VALUES('shop_043','hcm_q1','Bánh Ngọt Paris Mini','banh-ngot-paris-mini','Bánh Ngọt Paris Mini phục vụ pháp, bánh ngọt trong khu vực Quận 1, phù hợp để chatbot gợi ý theo món, giá, khẩu vị và thời gian giao.','02893169764','banh-ngot-paris-mini@mock-shopeefood.local','https://cdn.mock.local/shops/shop_043/avatar.jpg','https://cdn.mock.local/shops/shop_043/cover.jpg','street_food',2,4.4,1704,15903,2064,50000,18,35,'busy',0,'2025-07-22T12:00:00+07:00','2026-05-29T12:00:00+07:00');
INSERT INTO "shops" VALUES('shop_044','hcm_q1','Bún Cá Nha Trang','bun-ca-nha-trang','Bún Cá Nha Trang phục vụ việt nam, bún cá trong khu vực Quận 1, phù hợp để chatbot gợi ý theo món, giá, khẩu vị và thời gian giao.','02885730876','bun-ca-nha-trang@mock-shopeefood.local','https://cdn.mock.local/shops/shop_044/avatar.jpg','https://cdn.mock.local/shops/shop_044/cover.jpg','street_food',2,4.8,325,11348,3138,30000,10,29,'open',1,'2025-05-21T12:00:00+07:00','2026-05-24T12:00:00+07:00');
CREATE TABLE tags (
  id TEXT PRIMARY KEY,
  name TEXT NOT NULL UNIQUE,
  tag_type TEXT NOT NULL CHECK (tag_type IN ('shop','item','diet','occasion','taste','system'))
);
INSERT INTO "tags" VALUES('tag_001','bbq','item');
INSERT INTO "tags" VALUES('tag_002','bento','item');
INSERT INTO "tags" VALUES('tag_003','brunch','occasion');
INSERT INTO "tags" VALUES('tag_004','burger','item');
INSERT INTO "tags" VALUES('tag_005','bán chạy','system');
INSERT INTO "tags" VALUES('tag_006','bánh canh','item');
INSERT INTO "tags" VALUES('tag_007','bánh ngọt','item');
INSERT INTO "tags" VALUES('tag_008','bánh xèo','item');
INSERT INTO "tags" VALUES('tag_009','béo','taste');
INSERT INTO "tags" VALUES('tag_010','bò né','item');
INSERT INTO "tags" VALUES('tag_011','bún','item');
INSERT INTO "tags" VALUES('tag_012','bún cá','item');
INSERT INTO "tags" VALUES('tag_013','bún riêu','item');
INSERT INTO "tags" VALUES('tag_014','bún đậu','item');
INSERT INTO "tags" VALUES('tag_015','cafe','item');
INSERT INTO "tags" VALUES('tag_016','cao cấp','system');
INSERT INTO "tags" VALUES('tag_017','cay','taste');
INSERT INTO "tags" VALUES('tag_018','chay','diet');
INSERT INTO "tags" VALUES('tag_019','chua cay','taste');
INSERT INTO "tags" VALUES('tag_020','chua ngọt','taste');
INSERT INTO "tags" VALUES('tag_021','cháo','item');
INSERT INTO "tags" VALUES('tag_022','combo','system');
INSERT INTO "tags" VALUES('tag_023','curry','item');
INSERT INTO "tags" VALUES('tag_024','cà phê','item');
INSERT INTO "tags" VALUES('tag_025','cơm','item');
INSERT INTO "tags" VALUES('tag_026','cơm gà','item');
INSERT INTO "tags" VALUES('tag_027','cơm nhà','item');
INSERT INTO "tags" VALUES('tag_028','cơm trộn','item');
INSERT INTO "tags" VALUES('tag_029','cơm văn phòng','item');
INSERT INTO "tags" VALUES('tag_030','detox','diet');
INSERT INTO "tags" VALUES('tag_031','dimsum','item');
INSERT INTO "tags" VALUES('tag_032','dễ ăn','taste');
INSERT INTO "tags" VALUES('tag_033','fast food','item');
INSERT INTO "tags" VALUES('tag_034','gia đình','occasion');
INSERT INTO "tags" VALUES('tag_035','giao nhanh','system');
INSERT INTO "tags" VALUES('tag_036','giòn','taste');
INSERT INTO "tags" VALUES('tag_037','giải khát','item');
INSERT INTO "tags" VALUES('tag_038','gỏi cuốn','item');
INSERT INTO "tags" VALUES('tag_039','healthy','diet');
INSERT INTO "tags" VALUES('tag_040','hải sản','item');
INSERT INTO "tags" VALUES('tag_041','hủ tiếu','item');
INSERT INTO "tags" VALUES('tag_042','kebab','item');
INSERT INTO "tags" VALUES('tag_043','không cay','item');
INSERT INTO "tags" VALUES('tag_044','lẩu','item');
INSERT INTO "tags" VALUES('tag_045','mexico','item');
INSERT INTO "tags" VALUES('tag_046','mì cay','item');
INSERT INTO "tags" VALUES('tag_047','mì quảng','item');
INSERT INTO "tags" VALUES('tag_048','mì trộn','item');
INSERT INTO "tags" VALUES('tag_049','món Bắc','item');
INSERT INTO "tags" VALUES('tag_050','món Hoa','item');
INSERT INTO "tags" VALUES('tag_051','món Hàn','item');
INSERT INTO "tags" VALUES('tag_052','món Nhật','item');
INSERT INTO "tags" VALUES('tag_053','món Thái','item');
INSERT INTO "tags" VALUES('tag_054','món Trung','item');
INSERT INTO "tags" VALUES('tag_055','món Việt','item');
INSERT INTO "tags" VALUES('tag_056','món cay','taste');
INSERT INTO "tags" VALUES('tag_057','món nước','item');
INSERT INTO "tags" VALUES('tag_058','món phụ','item');
INSERT INTO "tags" VALUES('tag_059','món Ấn','item');
INSERT INTO "tags" VALUES('tag_060','ngọt','taste');
INSERT INTO "tags" VALUES('tag_061','ngọt nhẹ','taste');
INSERT INTO "tags" VALUES('tag_062','no lâu','item');
INSERT INTO "tags" VALUES('tag_063','nướng','item');
INSERT INTO "tags" VALUES('tag_064','phô mai','item');
INSERT INTO "tags" VALUES('tag_065','phù hợp chatbot','system');
INSERT INTO "tags" VALUES('tag_066','phở','item');
INSERT INTO "tags" VALUES('tag_067','pizza','item');
INSERT INTO "tags" VALUES('tag_068','protein cao','diet');
INSERT INTO "tags" VALUES('tag_069','ramen','item');
INSERT INTO "tags" VALUES('tag_070','rất cay','taste');
INSERT INTO "tags" VALUES('tag_071','rẻ','system');
INSERT INTO "tags" VALUES('tag_072','salad','item');
INSERT INTO "tags" VALUES('tag_073','sandwich','item');
INSERT INTO "tags" VALUES('tag_074','signature','system');
INSERT INTO "tags" VALUES('tag_075','sushi','item');
INSERT INTO "tags" VALUES('tag_076','taco','item');
INSERT INTO "tags" VALUES('tag_077','thanh mát','taste');
INSERT INTO "tags" VALUES('tag_078','topping','system');
INSERT INTO "tags" VALUES('tag_079','trà sữa','item');
INSERT INTO "tags" VALUES('tag_080','tráng miệng','item');
INSERT INTO "tags" VALUES('tag_081','tươi','item');
INSERT INTO "tags" VALUES('tag_082','vừa cay','taste');
INSERT INTO "tags" VALUES('tag_083','wrap','item');
INSERT INTO "tags" VALUES('tag_084','xôi','item');
INSERT INTO "tags" VALUES('tag_085','ít cay','taste');
INSERT INTO "tags" VALUES('tag_086','ít dầu mỡ','diet');
INSERT INTO "tags" VALUES('tag_087','ít tinh bột','diet');
INSERT INTO "tags" VALUES('tag_088','ăn khuya','occasion');
INSERT INTO "tags" VALUES('tag_089','ăn kiêng','item');
INSERT INTO "tags" VALUES('tag_090','ăn nhóm','occasion');
INSERT INTO "tags" VALUES('tag_091','ăn nhẹ','item');
INSERT INTO "tags" VALUES('tag_092','ăn sáng','occasion');
INSERT INTO "tags" VALUES('tag_093','ăn trưa','occasion');
INSERT INTO "tags" VALUES('tag_094','ăn tối','occasion');
INSERT INTO "tags" VALUES('tag_095','ăn vặt','occasion');
INSERT INTO "tags" VALUES('tag_096','đang giảm giá','system');
INSERT INTO "tags" VALUES('tag_097','đậm vị','taste');
INSERT INTO "tags" VALUES('tag_098','đồ chiên','item');
INSERT INTO "tags" VALUES('tag_099','đồ uống','item');
INSERT INTO "tags" VALUES('tag_100','ấm bụng','taste');
INSERT INTO "tags" VALUES('tag_101','ốc','item');
CREATE TABLE wards (
  id TEXT PRIMARY KEY,
  region_id TEXT NOT NULL,
  name TEXT NOT NULL,
  center_lat REAL NOT NULL,
  center_lng REAL NOT NULL,
  FOREIGN KEY (region_id) REFERENCES regions(id)
);
INSERT INTO "wards" VALUES('ward_ben_thanh','hcm_q1','Bến Thành',10.7721,106.6983);
INSERT INTO "wards" VALUES('ward_da_kao','hcm_q1','Đa Kao',10.7891,106.6984);
INSERT INTO "wards" VALUES('ward_ben_nghe','hcm_q1','Bến Nghé',10.7797,106.7044);
INSERT INTO "wards" VALUES('ward_nguyen_thai_binh','hcm_q1','Nguyễn Thái Bình',10.7688,106.7009);
INSERT INTO "wards" VALUES('ward_cau_ong_lanh','hcm_q1','Cầu Ông Lãnh',10.7648,106.6942);
INSERT INTO "wards" VALUES('ward_tan_dinh','hcm_q1','Tân Định',10.7938,106.6906);
INSERT INTO "wards" VALUES('ward_nguyen_cu_trinh','hcm_q1','Nguyễn Cư Trinh',10.7632,106.6869);
INSERT INTO "wards" VALUES('ward_cau_kho','hcm_q1','Cầu Kho',10.7578,106.6896);
CREATE VIEW v_recommendation_items AS
SELECT
  mi.id AS item_id,
  mi.name AS item_name,
  mi.base_price,
  COALESCE(mi.sale_price, mi.base_price) AS effective_price,
  mi.rating_avg AS item_rating,
  mi.sold_count AS item_sold_count,
  mi.spicy_level,
  mi.calories_estimate,
  mi.is_available,
  mi.is_signature,
  mc.name AS category_name,
  s.id AS shop_id,
  s.name AS shop_name,
  s.rating_avg AS shop_rating,
  s.status AS shop_status,
  s.avg_delivery_time_min,
  s.min_order_amount,
  sa.full_address,
  sa.latitude,
  sa.longitude,
  dfr.estimated_fee AS estimated_delivery_fee,
  ROUND(
    (mi.rating_avg / 5.0) * 0.35 +
    MIN(mi.sold_count / 1800.0, 1.0) * 0.25 +
    (1.0 - MIN(s.avg_delivery_time_min / 45.0, 1.0)) * 0.20 +
    CASE WHEN mi.sale_price IS NOT NULL AND mi.sale_price < mi.base_price THEN 0.10 ELSE 0 END +
    CASE WHEN mi.is_available = 1 AND s.status = 'open' THEN 0.10 ELSE -0.10 END,
    4
  ) AS recommendation_score
FROM menu_items mi
JOIN shops s ON mi.shop_id = s.id
JOIN shop_addresses sa ON s.id = sa.shop_id
JOIN menu_categories mc ON mi.category_id = mc.id
LEFT JOIN delivery_fee_rules dfr ON s.id = dfr.shop_id;
CREATE INDEX idx_shops_region_status ON shops(region_id, status);
CREATE INDEX idx_shop_addresses_ward ON shop_addresses(ward_id);
CREATE INDEX idx_menu_items_shop_available ON menu_items(shop_id, is_available);
CREATE INDEX idx_menu_items_price ON menu_items(base_price, sale_price);
CREATE INDEX idx_menu_items_spicy ON menu_items(spicy_level);
CREATE INDEX idx_item_tags_tag ON item_tags(tag_id);
CREATE INDEX idx_reviews_shop ON reviews(shop_id);
CREATE INDEX idx_via_delivery_shop ON delivery_fee_rules(shop_id);
COMMIT;
