id,display_name,phone,default_lat,default_lng,dietary_preference,allergen_note,created_at
cus_0001,Đặng Vy,0914289609,10.783243,106.709768,vegetarian,,2024-05-04T12:00:00+07:00
cus_0002,Huỳnh Vy,0994409394,10.773083,106.68965,,,2024-09-05T12:00:00+07:00
cus_0003,Bùi Vy,0958166007,10.771456,106.69297,,gluten,2025-09-19T12:00:00+07:00
cus_0004,Bùi Nhi,0991552931,10.777518,106.695886,low_spicy,hải sản,2024-10-21T12:00:00+07:00
cus_0005,Huỳnh Khánh,0932391159,10.771615,106.689026,,sữa,2025-03-12T12:00:00+07:00
cus_0006,Bùi Khánh,0935755400,10.784739,106.699737,healthy,,2024-07-05T12:00:00+07:00
cus_0007,Đặng Khánh,0942658783,10.782623,106.712008,,,2024-02-04T12:00:00+07:00
cus_0008,Trần Duy,0992269660,10.767424,106.703357,,,2025-07-23T12:00:00+07:00
cus_0009,Nguyễn Ngọc,0999216926,10.771473,106.711723,healthy,sữa,2024-04-05T12:00:00+07:00
cus_0010,Trần Mai,0941337602,10.764243,106.689571,vegetarian,,2025-05-25T12:00:00+07:00
cus_0011,Bùi My,0962879431,10.770166,106.709114,vegetarian,trứng,2025-12-28T12:00:00+07:00
cus_0012,Bùi Khoa,0980083877,10.77491,106.692054,low_spicy,,2025-07-21T12:00:00+07:00
cus_0013,Đỗ Nhi,0964995907,10.769686,106.70976,,,2026-05-13T12:00:00+07:00
cus_0014,Nguyễn Phúc,0963192684,10.781124,106.705425,,,2024-05-02T12:00:00+07:00
cus_0015,Nguyễn Duy,0970133961,10.769157,106.694843,,gluten,2024-08-02T12:00:00+07:00
cus_0016,Hoàng Phúc,0984458748,10.76656,106.698417,high_protein,hải sản,2025-02-08T12:00:00+07:00
cus_0017,Phạm Minh,0962602635,10.774274,106.707371,,hải sản,2025-01-13T12:00:00+07:00
cus_0018,Phạm Bảo,0963915702,10.76401,106.702237,low_spicy,hải sản,2025-04-04T12:00:00+07:00
cus_0019,Huỳnh Khoa,0948857117,10.764814,106.707802,healthy,,2024-05-22T12:00:00+07:00
cus_0020,Võ Nhi,0997818299,10.787561,106.69336,high_protein,gluten,2025-09-07T12:00:00+07:00
cus_0021,Hoàng Huy,0954926112,10.777901,106.706941,healthy,sữa,2025-08-17T12:00:00+07:00
cus_0022,Võ Bảo,0943411474,10.783048,106.700569,vegetarian,,2025-10-21T12:00:00+07:00
cus_0023,Võ Minh,0956726647,10.772064,106.692571,,,2024-06-14T12:00:00+07:00
cus_0024,Lê Nhi,0944982943,10.775411,106.70929,,,2024-05-28T12:00:00+07:00
cus_0025,Trần Hà,0989118050,10.764493,106.698192,,,2025-12-08T12:00:00+07:00
cus_0026,Đặng My,0970289824,10.781519,106.689187,vegetarian,,2025-03-07T12:00:00+07:00
cus_0027,Đặng Nam,0957561124,10.769613,106.694515,,,2026-01-15T12:00:00+07:00
cus_0028,Bùi Khánh,0959081952,10.776961,106.700257,healthy,sữa,2025-05-25T12:00:00+07:00
cus_0029,Lê Nhi,0930237100,10.773282,106.696577,low_spicy,,2024-03-17T12:00:00+07:00
cus_0030,Đỗ Mai,0927798152,10.784247,106.696434,high_protein,trứng,2025-09-30T12:00:00+07:00
cus_0031,Bùi Thảo,0958913417,10.7843,106.692562,,hải sản,2025-09-09T12:00:00+07:00
cus_0032,Trần Huy,0985462873,10.764139,106.694956,,gluten,2026-01-14T12:00:00+07:00
cus_0033,Trần Vy,0936688909,10.773895,106.712288,vegetarian,hải sản,2025-04-26T12:00:00+07:00
cus_0034,Phạm Ngọc,0938218490,10.775022,106.699309,low_spicy,hải sản,2024-05-26T12:00:00+07:00
cus_0035,Võ Nam,0949498607,10.781746,106.690777,,,2025-05-12T12:00:00+07:00
cus_0036,Huỳnh Thảo,0928525250,10.774009,106.703628,vegetarian,gluten,2024-11-05T12:00:00+07:00
cus_0037,Đỗ Huy,0910886338,10.783574,106.696055,,,2025-08-31T12:00:00+07:00
cus_0038,Đặng Huy,0989377851,10.775191,106.712034,low_spicy,,2025-01-06T12:00:00+07:00
cus_0039,Huỳnh Phúc,0962520088,10.765594,106.69906,,sữa,2024-12-17T12:00:00+07:00
cus_0040,Huỳnh Khoa,0999029790,10.776507,106.704851,high_protein,gluten,2024-06-14T12:00:00+07:00
cus_0041,Hoàng Phúc,0956937035,10.776541,106.699323,,gluten,2024-06-02T12:00:00+07:00
cus_0042,Đỗ Minh,0953950272,10.787107,106.703473,vegetarian,sữa,2026-02-08T12:00:00+07:00
cus_0043,Phạm Vy,0949813474,10.782218,106.703959,low_spicy,hải sản,2025-09-11T12:00:00+07:00
cus_0044,Đặng Huy,0974564270,10.768754,106.691782,low_spicy,,2025-04-17T12:00:00+07:00
cus_0045,Huỳnh Hà,0983541022,10.784016,106.699145,low_spicy,sữa,2024-01-19T12:00:00+07:00
cus_0046,Lê Phúc,0931830695,10.786107,106.702072,high_protein,sữa,2024-06-02T12:00:00+07:00
cus_0047,Phạm Nam,0920280116,10.786816,106.709325,healthy,trứng,2025-12-23T12:00:00+07:00
cus_0048,Phạm Trang,0919643046,10.78609,106.708333,low_spicy,hải sản,2023-12-21T12:00:00+07:00
cus_0049,Hoàng Vy,0944187667,10.771737,106.706085,high_protein,,2026-05-10T12:00:00+07:00
cus_0050,Đặng Phúc,0924502828,10.769729,106.688982,,gluten,2025-03-04T12:00:00+07:00
cus_0051,Trần An,0966752672,10.783119,106.70061,,,2024-03-08T12:00:00+07:00
cus_0052,Đặng Huy,0964077223,10.76993,106.692096,vegetarian,gluten,2024-02-04T12:00:00+07:00
cus_0053,Đỗ Linh,0994407918,10.781205,106.704619,vegetarian,trứng,2025-01-17T12:00:00+07:00
cus_0054,Đặng Vy,0944040209,10.776999,106.700003,healthy,,2024-10-15T12:00:00+07:00
cus_0055,Trần An,0911313234,10.774149,106.707325,,hải sản,2025-08-03T12:00:00+07:00
cus_0056,Bùi Vy,0960696287,10.786911,106.702399,vegetarian,hải sản,2025-03-31T12:00:00+07:00
cus_0057,Hoàng Mai,0913306100,10.766587,106.691928,,trứng,2024-03-16T12:00:00+07:00
cus_0058,Phạm Khánh,0922400566,10.774132,106.712162,,sữa,2025-02-16T12:00:00+07:00
cus_0059,Trần An,0917296893,10.769091,106.708143,low_spicy,,2025-06-08T12:00:00+07:00
cus_0060,Nguyễn Vy,0982455024,10.770223,106.695288,low_spicy,gluten,2024-01-09T12:00:00+07:00
cus_0061,Đỗ Khoa,0997409627,10.767841,106.688594,,hải sản,2024-01-15T12:00:00+07:00
cus_0062,Nguyễn Bảo,0942585771,10.786806,106.703257,vegetarian,trứng,2024-09-02T12:00:00+07:00
cus_0063,Huỳnh Vy,0917557527,10.764684,106.701712,,,2025-06-15T12:00:00+07:00
cus_0064,Trần My,0949268256,10.786916,106.705148,,,2025-06-01T12:00:00+07:00
cus_0065,Phạm Trang,0982791655,10.772859,106.696714,vegetarian,trứng,2024-12-15T12:00:00+07:00
cus_0066,Nguyễn Ngọc,0918692881,10.774033,106.705031,vegetarian,,2026-04-13T12:00:00+07:00
cus_0067,Đặng Linh,0977418832,10.779416,106.709625,high_protein,hải sản,2025-03-02T12:00:00+07:00
cus_0068,Nguyễn Khánh,0969342993,10.765215,106.691068,low_spicy,,2024-03-10T12:00:00+07:00
cus_0069,Đỗ Hà,0920772623,10.781818,106.697076,high_protein,hải sản,2024-04-06T12:00:00+07:00
cus_0070,Đỗ My,0953557098,10.783655,106.697054,healthy,gluten,2025-06-12T12:00:00+07:00
cus_0071,Đặng Bảo,0919627500,10.769473,106.690206,,hải sản,2026-02-11T12:00:00+07:00
cus_0072,Nguyễn Thảo,0943365287,10.779841,106.689581,high_protein,hải sản,2024-07-09T12:00:00+07:00
cus_0073,Bùi Phúc,0982554634,10.770223,106.711965,high_protein,trứng,2024-11-06T12:00:00+07:00
cus_0074,Trần Hà,0918475191,10.782525,106.705532,low_spicy,hải sản,2024-04-18T12:00:00+07:00
cus_0075,Huỳnh Tú,0929949539,10.769447,106.691891,vegetarian,,2024-06-14T12:00:00+07:00
cus_0076,Lê Huy,0922762030,10.76577,106.69247,healthy,gluten,2024-09-12T12:00:00+07:00
cus_0077,Lê My,0929353908,10.764501,106.692305,,sữa,2025-05-03T12:00:00+07:00
cus_0078,Đặng Khoa,0984862685,10.769971,106.695741,,gluten,2025-06-28T12:00:00+07:00
cus_0079,Nguyễn Bảo,0985742472,10.777224,106.68956,,,2026-03-15T12:00:00+07:00
cus_0080,Đặng Bảo,0976303779,10.782251,106.688927,high_protein,sữa,2024-04-30T12:00:00+07:00
cus_0081,Đặng Phúc,0926878621,10.781338,106.690551,high_protein,hải sản,2024-05-15T12:00:00+07:00
cus_0082,Đỗ Vy,0930808011,10.782459,106.702957,vegetarian,gluten,2026-01-14T12:00:00+07:00
cus_0083,Đặng My,0965740719,10.770176,106.689838,high_protein,,2024-11-09T12:00:00+07:00
cus_0084,Đặng Trang,0933046595,10.777711,106.70341,high_protein,gluten,2024-04-14T12:00:00+07:00
cus_0085,Đỗ Ngọc,0982291670,10.782292,106.69279,,hải sản,2025-05-09T12:00:00+07:00
cus_0086,Trần Ngọc,0971953856,10.768223,106.708122,,,2024-11-13T12:00:00+07:00
cus_0087,Huỳnh Thảo,0992367298,10.7781,106.691242,,gluten,2025-10-28T12:00:00+07:00
cus_0088,Hoàng Duy,0979242984,10.7722,106.694971,vegetarian,,2025-01-08T12:00:00+07:00
cus_0089,Đỗ My,0944636701,10.781362,106.692662,high_protein,,2026-05-06T12:00:00+07:00
cus_0090,Đỗ Hà,0964511912,10.772756,106.706943,low_spicy,,2025-07-05T12:00:00+07:00
cus_0091,Lê Trang,0995261484,10.773922,106.712347,high_protein,hải sản,2024-06-04T12:00:00+07:00
cus_0092,Nguyễn Nhi,0950386071,10.764624,106.703361,healthy,trứng,2026-04-10T12:00:00+07:00
cus_0093,Phạm Nhi,0969312166,10.772782,106.698133,,,2024-12-03T12:00:00+07:00
cus_0094,Trần Vy,0957925795,10.786729,106.696546,vegetarian,,2025-06-03T12:00:00+07:00
cus_0095,Lê My,0957344171,10.778875,106.705184,,gluten,2024-10-11T12:00:00+07:00
cus_0096,Đặng Trang,0946433651,10.764594,106.712165,,gluten,2023-12-20T12:00:00+07:00
cus_0097,Hoàng Nhi,0959176731,10.765463,106.692043,vegetarian,trứng,2025-07-25T12:00:00+07:00
cus_0098,Phạm Khoa,0982564989,10.765056,106.70984,,,2024-11-29T12:00:00+07:00
cus_0099,Trần An,0948834296,10.768985,106.70588,healthy,sữa,2025-08-14T12:00:00+07:00
cus_0100,Nguyễn An,0936459408,10.782284,106.704507,vegetarian,trứng,2024-09-06T12:00:00+07:00
cus_0101,Phạm Mai,0921570029,10.777945,106.695762,high_protein,,2026-03-30T12:00:00+07:00
cus_0102,Trần An,0991562756,10.764935,106.705217,high_protein,,2024-01-31T12:00:00+07:00
cus_0103,Đỗ Minh,0910363334,10.77071,106.711003,low_spicy,,2025-02-05T12:00:00+07:00
cus_0104,Đặng Minh,0954812898,10.786772,106.70576,,,2024-05-26T12:00:00+07:00
cus_0105,Huỳnh Nam,0929136134,10.779404,106.705356,healthy,hải sản,2024-10-01T12:00:00+07:00
cus_0106,Hoàng Ngọc,0951751613,10.786442,106.692805,vegetarian,,2024-06-30T12:00:00+07:00
cus_0107,Đặng Khoa,0934670378,10.763773,106.701437,high_protein,hải sản,2025-06-07T12:00:00+07:00
cus_0108,Đặng Linh,0951990969,10.783487,106.695151,low_spicy,,2025-04-20T12:00:00+07:00
cus_0109,Đỗ Tú,0950576988,10.779822,106.706167,,trứng,2024-12-12T12:00:00+07:00
cus_0110,Đặng Linh,0917596305,10.76607,106.702599,high_protein,gluten,2024-07-20T12:00:00+07:00
cus_0111,Hoàng Hà,0925995777,10.763808,106.709071,,,2024-07-29T12:00:00+07:00
cus_0112,Võ Khánh,0955825168,10.782725,106.69635,,,2024-05-08T12:00:00+07:00
cus_0113,Võ Duy,0964995772,10.782379,106.707325,healthy,hải sản,2025-12-10T12:00:00+07:00
cus_0114,Võ Ngọc,0976098722,10.785118,106.702678,,sữa,2025-12-16T12:00:00+07:00
cus_0115,Hoàng Vy,0958268885,10.77404,106.698752,healthy,gluten,2025-09-02T12:00:00+07:00
cus_0116,Huỳnh Hà,0956441243,10.776451,106.696231,high_protein,trứng,2026-03-05T12:00:00+07:00
cus_0117,Trần Huy,0911311763,10.772588,106.701509,,trứng,2024-12-05T12:00:00+07:00
cus_0118,Bùi Quân,0956567148,10.776023,106.690208,,gluten,2025-02-15T12:00:00+07:00
cus_0119,Phạm Minh,0967512119,10.782952,106.708944,vegetarian,gluten,2024-10-25T12:00:00+07:00
cus_0120,Võ Khoa,0946320147,10.778682,106.702811,healthy,gluten,2024-04-07T12:00:00+07:00
